0 , 110 , 0.8004309891489231,0.8716221716222509
0 , 120 , 0.9567128911898913,0.8716957174456305
0 , 130 , 0.8655392688774198,0.9101788511687383
0 , 140 , 0.9859045354766417,0.9032923476540934
0 , 150 , 0.8440373422619664,0.8957021030265953
0 , 160 , 0.7558410798486822,0.8963402035602442
0 , 170 , 0.7850104845050137,0.9281421786142929
0 , 180 , 0.923774240072925,0.9350476619055613
0 , 190 , 0.7072802859252425,1.021241128863157
0 , 200 , 0.8448852072767187,0.9123764634008696
0 , 210 , 0.8339720099856376,0.9938150850568351
0 , 220 , 1.1669802379644532,0.9900576166735446
0 , 230 , 0.8807610507021431,0.9148255472285152
0 , 240 , 0.8615381005953101,0.9102035989633981
0 , 250 , 0.8384168929065212,1.3585604038408872
0 , 260 , 0.6519326927519956,0.9499882104084028
0 , 270 , 0.4390127489601794,0.7731634488002996
0 , 280 , 1.5095496110663538,1.0
1 , 110 , 0.7715982683521839,0.8486382804822538
1 , 120 , 0.8690374238182957,0.9406282313857812
1 , 130 , 0.7614110166970719,0.9014052113054545
1 , 140 , 0.8615575562556952,0.905299824864722
1 , 150 , 0.8276169922951925,0.9672412057794393
1 , 160 , 0.9096296200583313,0.9211151509821037
1 , 170 , 0.7070128335644514,0.936203081383443
1 , 180 , 0.8146967830259997,0.9182643656371655
1 , 190 , 0.9057941101116935,0.9802215234184875
1 , 200 , 0.7119354267164167,0.9801923080776315
1 , 210 , 0.71921868822918,0.9355660174883763
1 , 220 , 0.6960418059027225,0.9610000301828983
1 , 230 , 0.8457438064629996,0.9287020476974027
1 , 240 , 0.9915205677557306,0.9588346094098058
1 , 250 , 1.059996199764858,0.982458006574262
1 , 260 , 0.5486502879811597,0.9815647245400693
1 , 270 , 1.0572532734448419,0.9596079567273562
2 , 110 , 0.8438201539348779,0.8695493180440792
2 , 120 , 0.860009904053047,0.9349966050105866
2 , 130 , 0.9684511593464836,0.9180380692148916
2 , 140 , 1.0079160109235834,0.916132592384205
2 , 150 , 0.7722290653967385,0.9223795073927328
2 , 160 , 0.743822254299925,0.9504397724729334
2 , 170 , 0.8906332892381488,0.9339011564302363
2 , 180 , 0.8336663282704943,0.9407933896801337
2 , 190 , 0.8223060091176289,0.9148160425657066
2 , 200 , 0.8111858738105485,0.9553815336321916
2 , 210 , 0.8121976661680039,1.036080401373904
2 , 220 , 0.5816488892962027,0.9240793136848722
2 , 230 , 1.2997606756161852,1.0434761029736017
2 , 240 , 0.5284788298266655,0.9152048190052888
2 , 250 , 0.9751024631878502,0.9406788475580132
2 , 260 , 0.4822308533140141,0.8879854437960798
2 , 270 , 0.0,0.6309297535714602
3 , 110 , 0.7774794539328254,0.8960015067016404
3 , 120 , 0.8193834456927327,0.8700160753434039
3 , 130 , 0.7563122405129289,0.8421556904085172
3 , 140 , 1.0399448812171121,0.8652956166798529
3 , 150 , 0.8393548214190254,0.8991081367167331
3 , 160 , 0.9148563356514441,0.9230401568421239
3 , 170 , 0.849397593913915,0.9147893226471587
3 , 180 , 0.983483818535211,0.9251962113745006
3 , 190 , 0.9144817941612506,0.9323973051056433
3 , 200 , 0.8095305748798981,0.9371638648080175
3 , 210 , 0.8799358873454458,1.1400029943908596
3 , 220 , 0.9767918561432425,0.9566052822352877
3 , 230 , 0.9517934509778999,0.9420255681757852
3 , 240 , 0.8683226540529722,1.202605839416024
3 , 250 , 1.2767461041589987,0.9613666679006702
3 , 260 , 1.103788690264146,0.9653848502599575
3 , 270 , 0.9776367437484549,0.9386897695085963
3 , 280 , 0.7781837113869743,0.9918840663540989
3 , 290 , 1.1639301727427922,0.9210863302630874
3 , 300 , 0.8453304585458384,0.9522906241711918
4 , 110 , 1.0192252596226639,0.8786294855650996
4 , 120 , 0.881585652355377,0.8794160874817474
4 , 130 , 0.667055873718656,0.8958478402339628
4 , 140 , 0.8662198247556944,0.9089833343846937
4 , 150 , 0.8098557038799478,0.8637253925186729
4 , 160 , 0.8060961413507719,0.9450925325161407
4 , 170 , 0.8935199469343335,0.9094433642473249
4 , 180 , 0.9527317061029918,0.9413925752322476
4 , 190 , 1.008507497531343,0.9521422175184173
4 , 200 , 0.6505522641172174,0.9240229586639889
4 , 210 , 0.5841468976097073,0.9137379113675945
4 , 220 , 1.1720353308560874,0.8935207316854805
4 , 230 , 0.7203461724746403,0.9700985073814509
4 , 240 , 0.9983636782585039,1.0754940283504837
4 , 250 , 0.7383056535839785,0.9719858245793727
4 , 260 , 1.0612453938620598,0.9397181784132856
4 , 270 , 0.45449038914832024,0.9723372081875402
4 , 280 , 1.3613089327284498,0.8343410062301082
5 , 110 , 0.8864818147874605,1.0415782376540406
5 , 120 , 1.023605722060714,0.9379458678486923
5 , 130 , 1.0950296124450396,0.9311939064989456
5 , 140 , 0.7110048913455016,0.9867855309911615
5 , 150 , 0.787049278104798,0.9876520750942714
5 , 160 , 0.8177573853598203,0.9549146039601563
5 , 170 , 0.8277817465039151,0.9499061191434356
5 , 180 , 0.7750539673390782,1.0
6 , 110 , 0.7016668154507725,0.8823277937998187
6 , 120 , 0.8132083408545464,0.9158598510488797
6 , 130 , 0.9692540642387923,0.8840103306836903
6 , 140 , 0.8970296066630985,0.9166275118725928
6 , 150 , 1.0185687836952892,0.8843458410145782
6 , 160 , 0.7593470648143829,0.8920403714662191
6 , 170 , 1.0228645493745934,0.9476696008941988
6 , 180 , 0.9145979395711675,0.9695931982041073
6 , 190 , 0.8704312293534848,0.9165711408300915
6 , 200 , 0.9429753423616821,0.8880674584847118
6 , 210 , 0.9114444491773115,0.8743923205131606
6 , 220 , 0.8436007374162088,0.9272352256869597
6 , 230 , 0.8665135902604533,0.9599852716747206
6 , 240 , 0.8470580561310879,0.9538607707972339
6 , 250 , 0.8716566935711436,0.9620296456890484
6 , 260 , 0.8448454818625467,0.9768030848046877
6 , 270 , 1.0464485596056177,0.9149696275193525
6 , 280 , 0.9342703647134564,0.9696334236684901
6 , 290 , 0.8268531529199931,1.113396982130801
6 , 300 , 1.4015444482871973,1.6877301233327293
7 , 110 , 0.8477565738866145,1.0012652104385757
7 , 120 , 0.8711474409796892,0.8762841262622882
7 , 130 , 1.0086364437757054,0.9043341843916335
7 , 140 , 0.9489779149996223,0.9549840910067877
7 , 150 , 0.7981603471996086,0.9200506058002854
7 , 160 , 0.6664043617520286,0.9282546714599494
7 , 170 , 1.0324401159920598,0.8565366076518415
7 , 180 , 0.695020396511739,0.9151187778667772
7 , 190 , 0.9839251855995752,1.0684718304454666
7 , 200 , 1.0262183591644236,0.9383596787477586
7 , 210 , 0.96138507283031,0.9357934332541686
7 , 220 , 0.776362120607974,0.994028173183451
7 , 230 , 0.7926034951395647,0.9327309283280524
7 , 240 , 0.8295311804290885,0.9803990291626649
7 , 250 , 0.8643287424639926,0.9516350584566076
7 , 260 , 0.8303232851002389,0.9521723211016211
7 , 270 , 0.7565864891117532,0.9340645059788051
7 , 280 , 0.7218540255258658,1.0
8 , 110 , 0.8658166771507521,0.8746849185800274
8 , 120 , 0.9140654525062105,0.894684778600685
8 , 130 , 0.8922670102521952,0.9786529015872386
8 , 140 , 0.8279149250506629,0.9421850535891978
8 , 150 , 0.9406764160888011,0.9049568475152598
8 , 160 , 0.7577444244061841,0.9146565612555962
8 , 170 , 0.8300400163039467,0.9249064743545702
8 , 180 , 0.9796167523926673,0.9194500458759961
8 , 190 , 0.86229232510108,0.9290303263908988
8 , 200 , 0.9320783162829291,0.9679189135296
8 , 210 , 0.7397784675401189,0.9613064853778854
8 , 220 , 0.6636122928423718,0.945443794024239
8 , 230 , 0.8711195728852851,0.8702987239059126
8 , 240 , 0.9365175136340742,0.8791393722550339
8 , 250 , 1.0457088618316723,0.908622007807688
8 , 260 , 0.7593539358778567,1.047987080075894
8 , 270 , 1.0392509400810548,0.9798025207886221
8 , 280 , 0.9577191301585285,0.935351262445651
8 , 290 , 0.694782987154934,1.0
9 , 110 , 0.6566847663827023,0.8981906780188611
9 , 120 , 1.128926620404492,0.8940570968458091
9 , 130 , 0.7172871251735241,0.8773384113973347
9 , 140 , 0.8495783995188987,0.9014139118242165
9 , 150 , 0.9631925044053783,0.9153992011511292
9 , 160 , 0.877909689466358,0.9539806348968597
9 , 170 , 0.8585873839279358,0.9325671007484997
9 , 180 , 0.8800183422926857,1.0086471099519867
9 , 190 , 0.8994724698058021,0.9235431801479945
9 , 200 , 0.8033586330985123,0.9424472560553041
9 , 210 , 0.8667035214452484,1.0084021147681252
9 , 220 , 0.8197399204525609,0.9893788902832119
9 , 230 , 1.0939445292030583,0.9364680784708327
9 , 240 , 1.018555247276042,0.9842946321919229
9 , 250 , 0.6638885938175897,0.9403731875396638
9 , 260 , 0.6842930311529686,0.8673966642642561
9 , 270 , 0.5608296554558454,0.9280931196820263
10 , 110 , 0.7666969423390331,0.861725707036269
10 , 120 , 0.9399893609188724,0.9027095943883671
10 , 130 , 0.9419500803584125,0.9061571558284504
10 , 140 , 0.8790487621696776,0.9237797744070358
10 , 150 , 0.8755821239705655,0.9073161623474612
10 , 160 , 0.6889298861484748,0.9374987859264355
10 , 170 , 0.7813992400407104,1.0332844844572333
10 , 180 , 0.8448510883248944,1.0069371589307516
10 , 190 , 0.9135344596976693,0.9560123205207773
10 , 200 , 0.8906767797003894,0.9054682213643721
10 , 210 , 0.9170644280760684,0.9161402336555434
10 , 220 , 0.8656269225865829,0.9563629005913103
10 , 230 , 0.7535093391496139,0.9246884061342825
10 , 240 , 0.8634597488274026,0.8935682109190535
10 , 250 , 0.8111862770631829,1.0472117476017881
10 , 260 , 0.9614695957743791,0.9031578615566792
10 , 270 , 0.8365098744795874,0.9758274263181019
10 , 280 , 1.0539981437561932,0.995653629385089
10 , 290 , 0.8007885744190293,1.0076434313504081
10 , 300 , 0.6134094243650767,0.9655029699434324
10 , 310 , 0.6182675176564906,0.872674083184245
10 , 320 , 1.0078410155989526,0.9882825162968084
11 , 110 , 0.6635091643588279,0.8588315758161478
11 , 120 , 0.8174241579867977,0.9119363117450864
11 , 130 , 0.6163052004078108,0.9441427209840523
11 , 140 , 0.8867659353437255,0.9456965722927739
11 , 150 , 0.7432131981590498,0.9036800720930793
11 , 160 , 0.7377123556185339,0.928365451545414
11 , 170 , 0.8019612082920974,0.9635685049380323
11 , 180 , 0.821464074838853,0.9338917675832284
11 , 190 , 0.9330708345106863,0.925770137463232
11 , 200 , 0.8333485728351181,0.9449092615765231
11 , 210 , 0.7063475385256069,1.0316925632125469
11 , 220 , 0.8294759499366257,0.9254455379635529
11 , 230 , 0.9167959114670052,0.9268919264074343
11 , 240 , 0.7980352053960864,0.9639456321852722
11 , 250 , 0.887849931822032,0.977116918716319
11 , 260 , 1.1359974189912716,1.0219638736772643
11 , 270 , 0.8238507426020899,0.9652704747415667
11 , 280 , 0.2797838055470974,0.8016037953125001
13 , 110 , 0.7078461189390014,0.8483108468049583
13 , 120 , 0.834290587000116,0.8686338500852655
13 , 130 , 0.8068660107871952,0.9347874530741344
13 , 140 , 0.8463944619190572,0.9085689087022092
13 , 150 , 1.0977586481458488,0.9098857839936163
13 , 160 , 0.8803359374786945,0.9351667539751246
13 , 170 , 0.8997961392600705,0.917051367665327
13 , 180 , 0.7598173159084649,0.8833845141788957
13 , 190 , 1.034494830647106,0.9482782424804077
13 , 200 , 0.9982437385590913,0.9143883055141603
13 , 210 , 0.9220861735820028,0.9159534272345592
13 , 220 , 0.6473600941018867,0.957098181127077
13 , 230 , 0.8956720918732004,0.9380176351275584
13 , 240 , 0.847149428074707,0.9599945486346908
13 , 250 , 0.9499616173478023,0.9417750337082322
13 , 260 , 0.8861828828773394,0.9382135097650335
13 , 270 , 0.8059579300517409,1.11817041600742
13 , 280 , 1.3384381188043624,0.9444161747339246
13 , 290 , 0.9019025785378596,0.9105822394509494
14 , 110 , 0.8416986257934095,0.8482357540417911
14 , 120 , 0.7991235253377,0.9222674851528508
14 , 130 , 0.8441904920236336,0.9162383664424876
14 , 140 , 0.8115508377356204,0.9124284145653276
14 , 150 , 0.9866228040410551,0.8684041497713868
14 , 160 , 0.8187196653258024,0.9242133787621797
14 , 170 , 0.8633016664062412,0.9483380077243243
14 , 180 , 0.7985691376237258,0.8977635046075099
14 , 190 , 1.0978370853705242,0.9457123787652594
14 , 200 , 0.8674435336291275,0.938645053448424
14 , 210 , 0.9086597779824542,0.9813787968104819
14 , 220 , 1.0735110234464105,0.9553179373735963
14 , 230 , 0.9659503014648706,0.9640100931924461
14 , 240 , 0.9329641556813432,0.950951692455431
14 , 250 , 0.7803176164508798,1.0574808467478714
14 , 260 , 0.9632117502445545,1.0502887201982194
14 , 270 , 0.7949868330150147,0.9829642994720441
14 , 280 , 0.596120831145366,1.0
14 , 290 , 0.6441169298775423,0.9375122457646001
15 , 110 , 0.7761787457627695,0.8772180401849415
15 , 120 , 0.8462428018276349,0.8896536819713138
15 , 130 , 0.9168432441317205,0.8723283416526537
15 , 140 , 0.8593540618025288,0.9432961219447242
15 , 150 , 0.7405566017726654,0.8903694945122425
15 , 160 , 0.8993683156377631,0.9845354839949729
15 , 170 , 0.8399843456388284,0.9336105176007043
15 , 180 , 0.9505791587575205,0.9281251957109817
15 , 190 , 1.1280422484008943,0.9155562333369339
15 , 200 , 0.638089324219362,0.9110736364409828
15 , 210 , 0.7989079803732523,0.9526256652058515
15 , 220 , 0.7654489455295637,0.9446233830653658
15 , 230 , 0.7871424693956894,0.9367267703061798
15 , 240 , 0.5263237529385129,1.0254811837604978
15 , 250 , 0.8732252545741145,0.9401012507050414
15 , 260 , 1.0173698116091052,1.0158918450119956
15 , 270 , 0.8019083055350478,0.9630889419917388
15 , 280 , 1.131374800866346,0.919918699534848
15 , 290 , 1.3497851132833596,0.8532312676778825
16 , 110 , 0.695104322836709,0.9288248363779975
16 , 120 , 1.0150408021956239,0.9096326679117009
16 , 130 , 0.7304774100593644,0.9259068630345874
16 , 140 , 0.9730606334223062,0.9878503629415548
16 , 150 , 0.896092635626816,0.9202644726208401
16 , 160 , 0.7585993341910962,1.05487637275825
17 , 110 , 0.7486789496766035,0.906358749686097
17 , 120 , 0.8302733095197552,0.9417228250092368
17 , 130 , 0.9831166449342296,0.9564386123134406
17 , 140 , 0.7854028537480208,0.9905959728582738
17 , 150 , 0.8047200688936287,1.0274579606779186
17 , 160 , 0.9732080793540413,0.9400936970656956
17 , 170 , 0.7651491576590922,0.9601172459382896
17 , 180 , 0.8543847588980643,0.9475070097661625
17 , 190 , 0.5282163257096366,0.9492563064254733
17 , 200 , 0.5686378988058238,1.4679206466705776
17 , 210 , 0.5793303913373914,0.9403435876437642
18 , 110 , 0.907592220651606,0.8678087108488741
18 , 120 , 0.9108951702384084,0.9054087976387679
18 , 130 , 0.8561414947632573,0.8789061926525421
18 , 140 , 0.8123693988646056,0.9052668934138336
18 , 150 , 0.7868209348062288,0.9236962925760579
18 , 160 , 0.7706857726884384,0.9132985138160955
18 , 170 , 0.8521717813694186,0.9152945920518246
18 , 180 , 0.7234411296618743,0.946980686190817
18 , 190 , 0.9881108891077279,0.9359255557156779
18 , 200 , 0.8180708322015362,0.9942958632670865
18 , 210 , 0.7642788110387961,0.9485469892147227
18 , 220 , 1.0555651759502591,0.9231873489880049
18 , 230 , 0.7710036537378331,0.8973225307678542
18 , 240 , 0.9481533240594389,0.9001976666189176
18 , 250 , 1.4220960618563148,0.9654375964692954
18 , 260 , 0.6908141820121404,0.9831225737414733
18 , 270 , 0.7014404658398931,0.9510648089114007
18 , 280 , 0.3885098824523952,1.0
19 , 110 , 0.8623648691794211,0.9040295248271936
19 , 120 , 0.8233072679736795,0.8651284180862254
19 , 130 , 0.8009692230001555,0.88258783182727
19 , 140 , 0.6867464268845065,0.918944097191876
19 , 150 , 0.8559480385866529,0.9193934333646151
19 , 160 , 0.7846405215408156,0.9642284783445212
19 , 170 , 0.8706062850344792,1.0391243098623244
19 , 180 , 0.8000749606306259,0.9639640474480967
19 , 190 , 0.8563805028253988,0.9271450923298756
19 , 200 , 0.7099165140286331,0.9395596205448546
19 , 210 , 0.723247400347908,0.9189712204299173
19 , 220 , 0.8035754679155073,0.9321231509009235
19 , 230 , 1.1837274548618306,0.9642929177727696
19 , 240 , 0.9529661136447474,0.9710429658587248
19 , 250 , 0.762574018291535,0.975801657344609
19 , 260 , 0.9282047442623993,0.9125568688453732
19 , 270 , 0.8365540421318812,1.1152889533548522
19 , 280 , 0.719034173333384,1.0729727501999742
19 , 290 , 1.46661377202408,0.9457683607555406
19 , 300 , 0.3391887348354607,0.8854269193592386
20 , 110 , 1.117252891030167,0.8786066724162285
20 , 120 , 0.7317696420321371,0.9003068082473413
20 , 130 , 0.7862055961838881,0.9061649636313228
20 , 140 , 0.7154951945284053,0.9888316236723276
20 , 150 , 0.7895139145541432,0.9456689071169507
20 , 160 , 0.9667303255465518,1.0257062968795971
20 , 170 , 0.8340197204327252,1.024583692711672
20 , 180 , 0.8245261740787725,0.9849143363969518
20 , 190 , 0.7719057922233106,0.940652549967673
20 , 200 , 0.7667767290516386,1.0263508871721188
20 , 210 , 0.8109997681437571,0.9441142955388852
20 , 220 , 0.6574486851495308,0.918681351883135
21 , 110 , 0.7572028068140361,0.9146597295971655
21 , 120 , 0.7018075816671459,0.98049559809691
21 , 130 , 0.9162999161440315,0.9312890932257104
21 , 140 , 0.9587684824169104,1.2945610217231864
22 , 110 , 0.8532565904073182,0.9011408641140626
22 , 120 , 0.902093354018606,0.8922993026808695
22 , 130 , 0.8247129769975604,0.8545865554901495
22 , 140 , 0.7744729088231604,0.8885787045742246
22 , 150 , 0.8685169916644789,0.993609310684335
22 , 160 , 0.8531689742090196,0.9248540353372998
22 , 170 , 0.7936761614352154,0.9003123875370567
22 , 180 , 1.0931076966571116,0.9466249190081526
22 , 190 , 0.7081805321633045,0.9263672277291414
22 , 200 , 0.9762806663718868,1.013257631923188
22 , 210 , 0.8302061924172947,0.9218026342593654
22 , 220 , 1.0657461245793545,0.9529202582035974
22 , 230 , 0.7558815899552385,1.1210005412535773
22 , 240 , 0.8319941129944106,0.9200459948015056
22 , 250 , 0.935281352867813,0.9586951196757654
22 , 260 , 0.9176016102317575,0.9519084868542627
22 , 270 , 0.6691086398319075,0.9257328961066936
22 , 280 , 0.8715387408287203,0.9696600502438416
22 , 290 , 0.6622003130680562,0.9827585512778331
22 , 300 , 0.7612177812614102,0.960123452050317
22 , 310 , 0.4399063591487643,0.9375593727288111
23 , 110 , 0.9309371883524712,0.906566377814025
23 , 120 , 0.7453073127144767,1.0225419455124338
23 , 130 , 0.782985733339282,0.9389601106575677
23 , 140 , 0.9442314019535883,1.03795489969695
23 , 150 , 0.7401997953093243,1.198016158896602
23 , 160 , 1.1637264041021245,1.071270374863947
23 , 170 , 0.5288927069898962,1.2027851906153149
23 , 180 , 1.280057367391377,1.0
24 , 110 , 0.8869619345696665,0.9086792624972203
24 , 120 , 0.7540298804418423,0.8602144072284911
24 , 130 , 0.7866811625878253,0.9349110018804119
24 , 140 , 0.8047374599461348,0.9166061463050212
24 , 150 , 0.8166267641223836,0.9575324629487151
24 , 160 , 0.9130730623510883,0.9223663327052318
24 , 170 , 0.8577022777858776,0.9478727812406746
24 , 180 , 0.8586219654444883,0.9310294806975661
24 , 190 , 1.131849513895153,0.9561831842297331
24 , 200 , 0.8010258866974532,0.8854325176337321
24 , 210 , 0.6934584037613658,0.8916340589530717
24 , 220 , 0.7165730871067927,0.9251866974935538
24 , 230 , 0.994487336175427,1.009253592454862
24 , 240 , 0.6999052890428961,1.0083421335134362
24 , 250 , 0.6597342868600432,0.8856848515592174
24 , 260 , 1.0987173646681407,0.9027098606666896
24 , 270 , 0.77057199320127,0.9142259303310426
24 , 280 , 0.7959518406671211,1.0496984023826148
24 , 290 , 0.8547972702917004,1.0756365022687269
24 , 300 , 0.6889852807619488,0.9595682217130657
24 , 310 , 1.0517268515449676,0.9535800490611219
24 , 320 , 0.8087374682366686,0.9350202390150318
24 , 330 , 0.9364857620149282,1.0
25 , 110 , 0.838436145419715,0.9736739396714361
25 , 120 , 0.9002082907487199,0.9100518503843094
25 , 130 , 0.6761713667345383,0.9331698685274931
25 , 140 , 0.9349857387684574,0.9404020059523149
25 , 150 , 0.876590548711852,0.9354328264837234
25 , 160 , 0.7997918078978448,0.9706320767360485
25 , 170 , 0.8063615009171473,0.9122710537083045
25 , 180 , 0.8065617431373636,0.9423501952740565
25 , 190 , 1.090282875901409,0.9333962849570987
25 , 200 , 0.5657665844354102,0.9424048027117602
25 , 210 , 0.7883549586852897,1.010545614126946
25 , 220 , 0.6653301673342452,0.960330026046037
25 , 230 , 0.7625245652895851,0.9366199539013788
25 , 240 , 0.6599496155858495,0.888119770913688
25 , 250 , 0.5983825409698033,1.0961703074240934
25 , 260 , 0.8735283466438102,0.9086046129050372
26 , 110 , 0.8673121804221565,0.8995167201959882
26 , 120 , 0.8958729968643236,0.9024047088206113
26 , 130 , 0.850030036858398,0.9675575767008734
26 , 140 , 0.7874120414644591,0.8817559983533687
26 , 150 , 0.8911540331136604,0.9099694433934542
26 , 160 , 0.9762138080756556,0.9204002921718945
26 , 170 , 0.9143196237885525,0.8919180085381253
26 , 180 , 0.9405502716732225,0.9501512244360217
26 , 190 , 1.1808931146679231,0.9187854515963841
26 , 200 , 0.9565001718393258,0.9232031935103395
26 , 210 , 0.9337181956531216,0.9489027164059343
26 , 220 , 0.8635038645492951,0.9804995414398517
26 , 230 , 0.901535608794108,0.9314152548141275
26 , 240 , 0.6609722462873007,0.9162668905348808
26 , 250 , 0.7527589849338205,1.0005295671190542
26 , 260 , 0.7877544972520187,0.9141506182150176
26 , 270 , 1.2639218238010401,1.1777392986811661
26 , 280 , 0.94396533207813,0.9371134140298882
26 , 290 , 0.2935328990516194,1.0
27 , 110 , 0.6368373101485186,1.3115558677345325
27 , 120 , 0.4111426916415965,0.9070289267413277
27 , 130 , 3.1553143406470614,1.023032336708869
28 , 110 , 0.8424515293679433,0.8556021275926107
28 , 120 , 0.9495069187690125,0.9331029659621816
28 , 130 , 0.7403549778939366,0.8833490866723597
28 , 140 , 0.676390603212974,0.8575262244683289
28 , 150 , 0.8507971426055617,0.9166852013474953
28 , 160 , 0.954654759341027,0.9946125828142757
28 , 170 , 0.9101698268955338,1.024744283181555
28 , 180 , 0.8849237142520586,0.9350025499891973
28 , 190 , 0.920543478036661,0.9697539408165117
28 , 200 , 0.8924288810205765,0.9930028580282088
28 , 210 , 0.8165627254806677,0.9217767012023713
28 , 220 , 0.8546343461755277,0.909311599739667
28 , 230 , 0.8397112265534085,0.9474290380170686
28 , 240 , 1.0195043007741675,0.8814015817136036
28 , 250 , 0.8632695519746755,1.0263683703410522
28 , 260 , 0.9919564084218275,0.9378547909938729
28 , 270 , 0.8798973667918931,0.9207346990877253
28 , 280 , 0.85495297341744,0.9347245894737338
28 , 290 , 0.8845868966038071,0.9386132571744341
28 , 300 , 0.7901959993703083,0.9385183360908637
28 , 310 , 0.845356154552657,1.060247203060894
28 , 320 , 0.5992068102206995,1.1780801349176915
28 , 330 , 1.5401133382540482,1.0
29 , 110 , 0.9010946929821214,0.8868056757094681
29 , 120 , 0.7897296182901252,0.8845392974792226
29 , 130 , 0.8407124093883679,0.9189965641416626
29 , 140 , 0.8922290946873678,0.9065559615749692
29 , 150 , 0.8627392183824758,0.869511883180608
29 , 160 , 0.7821921132617888,0.966339058574283
29 , 170 , 0.9532188074143185,0.9090096652376354
29 , 180 , 0.767174359647416,0.9562280041408074
29 , 190 , 0.8417181579882123,0.9694408054852612
29 , 200 , 0.945930205558662,0.943520462756189
29 , 210 , 0.8219440176536444,0.916743557267102
29 , 220 , 0.8706690338117364,0.9581635670109776
29 , 230 , 0.876664924758628,0.9218804640892603
29 , 240 , 0.8526768021391858,0.9251699236631331
29 , 250 , 0.7214531039837706,0.9831969087687256
29 , 260 , 0.7466382043816636,0.9108467350449434
29 , 270 , 0.6280788209757016,0.9164026902113341
29 , 280 , 0.8637767338279675,0.9646565996566642
29 , 290 , 0.9333153925321472,0.9964990825920097
29 , 300 , 0.6054708390381629,0.956875760206094
29 , 310 , 1.015876926982029,1.0
30 , 110 , 0.9880627154876088,0.8769518137324425
30 , 120 , 0.8549996140688914,0.8518509760626413
30 , 130 , 0.8490292330669353,0.8678297413436887
30 , 140 , 0.8362256594948767,0.9353731098509297
30 , 150 , 0.7329915307515943,0.8737086529565113
30 , 160 , 0.8190680042446549,0.9674643088628414
30 , 170 , 0.8329341487217625,0.9246576499073901
30 , 180 , 0.9924889478858966,0.9838979440181772
30 , 190 , 1.0159291971247812,0.9364764191687118
30 , 200 , 0.8219461433180434,0.9539616082360365
30 , 210 , 0.995572852768269,0.9521783413666757
30 , 220 , 0.8437628382963266,0.9544161307188896
30 , 230 , 0.9408944668606329,0.9538422106918908
30 , 240 , 0.9076364608793176,1.1162428248064586
30 , 250 , 0.9156128802377087,0.9347796452213764
30 , 260 , 0.9663053506067288,1.048772436413098
30 , 270 , 1.1206357967388636,0.9953410456944769
30 , 280 , 1.4921616930918613,1.0194758933115189
30 , 290 , 0.5305148776918431,0.815452870709795
31 , 110 , 0.7428454028576708,0.9318514331993925
31 , 120 , 0.6825437423321623,0.934003314425648
31 , 130 , 0.6922434553017192,0.9919795029451487
31 , 140 , 0.7832326361852384,0.9129606711838
31 , 150 , 0.6990661302878391,0.9409858591320003
31 , 160 , 0.8639523098105982,0.944702762892545
31 , 170 , 0.3788474100584414,0.9800114678375716
31 , 180 , 0.7533654666965888,0.898982014092932
32 , 110 , 0.7875328553134279,1.4367846645487834
33 , 110 , 0.9108400314849234,0.9186378007826842
33 , 120 , 0.7768413465380047,0.8859372875456474
33 , 130 , 0.6801647908057417,0.9355491701357586
33 , 140 , 0.7142637350498322,0.8984244867055434
33 , 150 , 0.8610886221573046,0.871920587263603
33 , 160 , 0.7392828811347906,0.9048209405803498
33 , 170 , 0.8782031245245214,0.8859917579252535
33 , 180 , 0.8329097230953653,0.9438040763752107
33 , 190 , 0.9821536629044669,0.9724856044250229
33 , 200 , 0.8793341543997603,0.9274650458043933
33 , 210 , 1.0214217018304053,0.9466643497298638
33 , 220 , 0.6881505844779213,0.9669728783630581
33 , 230 , 0.9373073260586904,0.9429378145593005
33 , 240 , 0.9820447491424787,1.0217485682206198
33 , 250 , 1.0153396145578693,0.9151169032484077
33 , 260 , 0.568695226239719,0.9205269196141895
33 , 270 , 0.6554195511612164,0.8889541389048172
33 , 280 , 0.8568684865960309,0.9120970787191137
33 , 290 , 0.40571645064510653,1.0
34 , 110 , 0.8355169155310587,0.8898693621523998
34 , 120 , 0.8622098295260955,0.8712087670038693
34 , 130 , 0.7923115971808964,0.9003606490096391
34 , 140 , 0.8071377747779049,0.9077434763479785
34 , 150 , 0.8147816460314928,0.9643414793490961
34 , 160 , 1.0862763898416357,0.9082135317384851
34 , 170 , 0.7096683762114413,0.9195444046018474
34 , 180 , 0.8345573812966538,0.9251421830743668
34 , 190 , 0.8996454971906985,0.9277755002868808
34 , 200 , 0.7546952516923447,1.0726139281764409
34 , 210 , 0.6755456477100993,1.1737884190050123
34 , 220 , 0.9245137855119812,0.9058064029504593
34 , 230 , 0.8854685926058374,0.922691409597286
34 , 240 , 0.9766984639948869,0.928563973018742
34 , 250 , 0.8496240958597145,0.9479044241795163
34 , 260 , 0.8475389406618657,0.917156769091833
34 , 270 , 0.7535568844085491,0.9544062322921824
34 , 280 , 0.800368033958272,1.0036626409860154
34 , 290 , 1.0821062881308978,1.0
34 , 300 , 0.47137856402123135,1.0
35 , 110 , 0.8094409826769987,0.8783424917541365
35 , 120 , 0.7917266155404931,0.9112838851448153
35 , 130 , 0.8622300283230168,0.8827629783474782
35 , 140 , 0.8280464925570492,0.9509190385196168
35 , 150 , 0.9183989455833267,0.9298925411718731
35 , 160 , 0.9455382075566383,0.9339015849151174
35 , 170 , 0.8147292204303175,0.9268412563177519
35 , 180 , 0.9165439938774137,0.9120601280368534
35 , 190 , 0.816855463548217,1.0071327490477338
35 , 200 , 0.7092670375577457,1.0483568130945198
35 , 210 , 0.9273225735905629,0.9883941531340908
35 , 220 , 1.1352667422040283,0.939025360472699
35 , 230 , 0.9602943949906776,0.9956527938841748
35 , 240 , 0.5486802474142499,0.9312574505458635
35 , 250 , 0.7491328437625739,0.9707248580035438
35 , 260 , 0.6325004402106426,0.9328019667727347
35 , 270 , 0.7113689690828834,0.9403277805127893
35 , 280 , 0.42085642667348266,1.0383186176291677
36 , 110 , 0.5992450641208964,0.8594628937406374
36 , 120 , 0.718542905222808,0.8466106427709417
36 , 130 , 0.7441573603628437,0.8543921363920602
36 , 140 , 0.5560499612029611,0.8929915464768617
36 , 150 , 0.9218933755009517,0.900899404592929
36 , 160 , 0.6630121558913784,1.0178201977580679
36 , 170 , 0.6433920548825958,0.8948938667310982
36 , 180 , 0.8218209478563133,0.9421462286526198
36 , 190 , 0.7981115972873014,1.0163108165273136
36 , 200 , 0.7520274566306109,0.9022816765457742
36 , 210 , 0.6400859555225118,0.9327802412640052
36 , 220 , 0.6355394651354015,1.0198499717572431
36 , 230 , 0.9181648689673406,0.9453264143838697
36 , 240 , 0.8567061428486988,0.9501152977980997
36 , 250 , 0.6251022884684296,0.943566443269516
36 , 260 , 0.8468175978827208,0.9601414623611603
36 , 270 , 0.6401200947489272,1.06034040380998
36 , 280 , 0.7774286597790993,1.0425747121071716
36 , 290 , 0.6762190575101789,1.0
37 , 110 , 0.9012715412492459,0.8913710839216779
37 , 120 , 0.8025648232824432,0.8811749281116958
37 , 130 , 0.7269110998564676,0.9108083346559387
37 , 140 , 0.8151057100611426,0.9067115385635485
37 , 150 , 0.8979100700703069,0.9880859995967092
37 , 160 , 0.8836264391684402,0.9231389589144617
37 , 170 , 1.026396864650717,0.9207858239392355
37 , 180 , 0.7494917489957376,1.0029036221702234
37 , 190 , 0.87531895959271,0.9684459280284845
37 , 200 , 0.7876739669055117,0.9006635390285174
37 , 210 , 0.6834995473652682,0.9354212572314862
37 , 220 , 0.7224725992281579,0.965320445160512
37 , 230 , 0.9192167449493868,0.9150090405160523
37 , 240 , 0.9725297048649132,1.0766432370133605
37 , 250 , 0.9271463289157802,1.0197693061583213
37 , 260 , 0.4538222642861556,1.0
38 , 110 , 0.658357108426294,0.9309985141121964
38 , 120 , 1.0837386935564537,1.1219320583836672
38 , 130 , 0.7017893098859199,0.9571325011922358
38 , 140 , 0.6350906668454903,0.971733416497708
38 , 150 , 0.8230309469206074,0.9194188282173932
39 , 110 , 0.7360500947990875,0.877901393615379
39 , 120 , 0.7349776959065395,0.9197579424130633
39 , 130 , 0.9750822331243698,0.9130100187297464
39 , 140 , 0.8853410102898036,0.9060627103915454
39 , 150 , 0.7963875022134465,0.9216959441646666
39 , 160 , 0.770893624179281,0.9189819229351945
39 , 170 , 0.8495419540358258,0.9573337529922675
39 , 180 , 0.9165930657150343,0.9490682127189116
39 , 190 , 0.7572041928400456,0.9660841188775788
39 , 200 , 0.9813943892936343,0.9118932073680958
39 , 210 , 0.6490766734620836,0.9724495208807911
39 , 220 , 0.7926109594023727,0.9380442743926958
39 , 230 , 0.7410129274096577,0.9812419119654471
39 , 240 , 0.5252602489371985,1.0
40 , 110 , 0.8136003854680444,0.8797002794148439
40 , 120 , 0.8005758394455876,0.9258122061898262
40 , 130 , 0.937973331752208,0.870940604838988
40 , 140 , 0.7769791814954417,0.8547097497129692
40 , 150 , 0.999893192945984,0.9043638635063864
40 , 160 , 0.9436082124532972,0.9325274247425929
40 , 170 , 0.8019600645568904,0.9608351718911973
40 , 180 , 0.846708581864015,0.9124167074572366
40 , 190 , 1.1878677566927685,0.8787685450662064
40 , 200 , 0.9213164245925495,0.9420769500671587
40 , 210 , 0.8014780377836647,0.8882439034155409
40 , 220 , 0.810849825100957,1.0673780722841557
40 , 230 , 0.6936688245381313,0.928648011945317
40 , 240 , 0.8036300325080848,0.9040904421611397
40 , 250 , 0.9582917857937756,0.9747057941483591
40 , 260 , 1.0677990079012292,0.9315583769643586
40 , 270 , 0.9540211319357889,0.9840441832439705
40 , 280 , 0.6591306704494223,1.0968101540916233
40 , 290 , 1.0622966508910234,0.9863755041357748
40 , 300 , 0.7420225197867595,0.9495995550767437
40 , 310 , 0.7247035933912483,0.9742835671866124
40 , 320 , 0.8045822916891623,0.6686624412117251
41 , 110 , 0.7485078597410193,0.9150685757803226
41 , 120 , 0.8609137419877773,0.969619622541592
41 , 130 , 0.7374985350858242,0.902258808719831
41 , 140 , 0.7429168824671321,0.8922232823759487
41 , 150 , 0.8935924068181156,0.919593744206209
41 , 160 , 0.8046341390456868,0.9952441370012657
41 , 170 , 0.8641726394845053,0.9200878531284621
41 , 180 , 1.0354582740200489,0.9347203504663979
41 , 190 , 0.804608521257474,0.9940070046465906
41 , 200 , 0.8929898936479134,0.9288595169571657
41 , 210 , 0.790724039802127,0.9271881210552171
41 , 220 , 0.6877681367747696,0.9522942813591113
41 , 230 , 0.9539594884694323,1.0607137098821522
41 , 240 , 1.0777446448759889,0.9172020941639425
41 , 250 , 0.7465108534264813,1.129230089236825
41 , 260 , 0.7773943393533252,0.940677073727497
41 , 270 , 1.2869079779381243,0.9203128050720288
41 , 280 , 2.4131080587031617,0.870879296897139
42 , 110 , 0.7940040314666805,0.874380415301405
42 , 120 , 0.8444419456037385,0.8473344606694032
42 , 130 , 0.8313528609132672,0.8748545276940062
42 , 140 , 0.7671156741302866,0.9342964961286789
42 , 150 , 1.0224813259427825,0.9028526999635219
42 , 160 , 1.0131441294098744,0.9203667771152882
42 , 170 , 0.8790403963437549,0.9627539300745283
42 , 180 , 0.8438402099860396,0.9958459067947785
42 , 190 , 0.9791008698787178,0.9416005055947083
42 , 200 , 0.7902273945939459,0.9712721874818934
42 , 210 , 0.6402802317690331,1.0349182599198314
42 , 220 , 0.9395967110498152,1.0222633303948685
42 , 230 , 1.1187178697967624,0.9292628446392502
42 , 240 , 0.9112318133632368,1.058643510959969
42 , 250 , 0.9653813908511704,1.0353125901456133
42 , 260 , 0.7845201615604395,1.0
42 , 270 , 0.8555029339690239,1.0
42 , 280 , 0.3352203949236685,0.7122059771425204
43 , 110 , 0.802403017502369,0.885236873938906
43 , 120 , 0.6573454958183507,0.9552104842020882
43 , 130 , 0.7003915303115935,0.9629956366773442
43 , 140 , 0.7337008566949427,0.9124923674782124
43 , 150 , 0.9871026155603512,0.9408471978877645
43 , 160 , 0.7462972189977447,0.9160011318101129
43 , 170 , 0.7550762030723216,0.8915501937189759
43 , 180 , 0.8632007011171803,0.9476747984990287
43 , 190 , 1.0307334069891059,0.9533437713568775
43 , 200 , 0.8218354574928862,0.9239824772084058
43 , 210 , 0.8578079238614822,0.9765213763243221
43 , 220 , 0.8470577343641604,0.9142822959464098
43 , 230 , 0.8372733826982848,0.9679634627585267
43 , 240 , 0.9689440988397118,0.9632771876045088
43 , 250 , 0.854880306465076,0.9637972041325419
43 , 260 , 0.8480050317100439,0.9815811252184775
43 , 270 , 0.7741028008691452,0.9295410166090997
43 , 280 , 1.6107919538270252,0.9258052284827933
43 , 290 , 0.6533710359547816,1.1407614084234619
43 , 300 , 0.9908043238356972,1.0
43 , 310 , 0.2668786579696915,1.0
44 , 110 , 0.7885403484548806,0.8807006929616642
44 , 120 , 0.8134906240736572,0.9008027707094778
44 , 130 , 0.7923593901157314,0.8788492939826025
44 , 140 , 0.9899392536871311,0.8887868174627682
44 , 150 , 0.7789144064044252,0.9229564251819965
44 , 160 , 0.7489689037745656,0.9997143615382876
44 , 170 , 0.8214634560117,0.9375148084194701
44 , 180 , 0.9009997686012291,0.9090007180059302
44 , 190 , 0.8400948494422659,0.9065447881713029
44 , 200 , 0.8671456501882885,0.8799794710239296
44 , 210 , 0.7391756179372274,0.9731743057227115
44 , 220 , 0.7991372651458252,0.9440426145636645
44 , 230 , 1.0412378605545458,1.0237597430795096
44 , 240 , 0.9542028379425443,1.0622729545394642
44 , 250 , 0.7834387155054061,0.9179895523908365
44 , 260 , 0.7314606549811593,0.9428429966359048
44 , 270 , 0.5162428917199825,1.000680654757369
44 , 280 , 0.780759875325407,0.969943337643254
44 , 290 , 0.6848503708802625,1.006001197530427
44 , 300 , 0.7021824057370835,0.9601760529126347
44 , 310 , 1.1694558957679335,1.0
45 , 110 , 1.0373758714338865,0.9015768743954053
45 , 120 , 0.8282937385794039,0.9485258654128594
45 , 130 , 0.9333671103837214,0.924984778227323
45 , 140 , 1.0767295981883165,0.9490065860703388
45 , 150 , 0.7076430123396308,0.9434151314617056
45 , 160 , 0.5175393233670909,0.8981653926755363
45 , 170 , 1.1948304631628714,0.9910259916615982
45 , 180 , 1.2923894548255106,1.3130236385991172
45 , 190 , 0.3033880956033289,1.0
46 , 110 , 0.9035560811473421,0.8330731487088228
46 , 120 , 0.8108492218155354,0.8863133717939573
46 , 130 , 1.003039976884155,0.8836409961552476
46 , 140 , 0.7533859919866761,0.8793428256002964
46 , 150 , 0.7756403499623362,0.889099895130376
46 , 160 , 0.7934654722890018,0.9101538233450449
46 , 170 , 0.9099253686658989,0.9158430531666063
46 , 180 , 0.9655657044656473,1.0126997642813198
46 , 190 , 1.0279159199018875,1.0704214625348976
46 , 200 , 0.7210240890710234,0.9347333216035186
46 , 210 , 0.7468191997796354,0.9354673517245538
46 , 220 , 1.096922003895226,0.9211704655880726
46 , 230 , 0.7484184568585278,0.9157759325795672
46 , 240 , 0.9766085886423396,1.1001387991385685
46 , 250 , 0.9743016002324315,0.9532558599703194
46 , 260 , 1.1786180148365313,0.9637611355936966
46 , 270 , 0.7522124036749988,0.9031205686075552
46 , 280 , 0.79303263264525,0.9339413179129741
46 , 290 , 1.3257690437198182,1.0510176333366776
46 , 300 , 0.92832537962119,0.9398025988570075
46 , 310 , 0.5591325783507851,1.028412407350612
46 , 320 , 0.9338582864060309,0.9649049098689596
46 , 330 , 0.48313883437639676,1.4749154086961613
47 , 110 , 0.7961788719921694,0.9342206724495261
47 , 120 , 0.7344515120120502,0.8904719215102797
47 , 130 , 0.9885285711148042,0.8945770498829113
47 , 140 , 0.8541466239272665,0.8814186704540427
47 , 150 , 0.8206190795817461,0.8837655666961123
47 , 160 , 0.8466823421041081,0.9515119584123316
47 , 170 , 0.9282246912141262,0.9902521753697526
47 , 180 , 0.8402563366895615,0.9046824923993625
47 , 190 , 0.7230961491875657,0.9002068914257126
47 , 200 , 0.8695362091075601,0.9051711353297208
47 , 210 , 0.993866668163586,0.922783177131743
47 , 220 , 1.0375860034659359,0.9420063179776403
47 , 230 , 0.945827078445524,0.9660086479634731
47 , 240 , 0.764749399905246,0.9342119830006451
47 , 250 , 0.9471157970810222,0.9671365349626303
47 , 260 , 0.6912189520785393,0.9029329790397698
47 , 270 , 0.8955414649429759,0.9398440875931704
47 , 280 , 0.9244871786533057,0.9951453241308491
47 , 290 , 0.9332504198621644,0.9966342209008975
47 , 300 , 0.7376973212626813,0.9480845307125726
48 , 110 , 0.7809779373772455,0.8578907636639342
48 , 120 , 0.9462777583574901,0.8586596710069961
48 , 130 , 0.793910800630762,0.9259973888149309
48 , 140 , 0.8004155986821316,0.9079542308863044
48 , 150 , 0.9658007923100518,0.8614441602767309
48 , 160 , 0.8147912035766981,1.00208637434445
48 , 170 , 0.7012960623838811,0.921859792284848
48 , 180 , 0.8696085744087412,0.9203222873615311
48 , 190 , 0.9066360322556122,0.9486055664615805
48 , 200 , 0.812116400612286,0.9415030332302529
48 , 210 , 0.7265915722510845,0.9697471639774907
48 , 220 , 0.7857610930962172,0.9777543953529001
48 , 230 , 0.9669860272950668,1.0315737589769098
48 , 240 , 1.0943500074953338,0.9887459019074581
48 , 250 , 0.7824502545778529,0.9727709386647353
48 , 260 , 0.6838650623050887,1.0402976131574
49 , 110 , 0.84281706891888,0.8751065409198117
49 , 120 , 0.7925738793519211,0.8803097958521017
49 , 130 , 0.8998403337652202,0.9106196656241985
49 , 140 , 1.0190304039602636,0.8733237918839266
49 , 150 , 0.8522173214515342,0.9029132076312097
49 , 160 , 0.8659308746778057,0.8975988140990265
49 , 170 , 0.8231972402458617,0.9108822306573923
49 , 180 , 0.8382486062868827,0.9620676758848444
49 , 190 , 1.1124387654608796,0.9536659238409831
49 , 200 , 0.6854651691231813,0.9515670424002788
49 , 210 , 0.7699654011677645,0.9573461956377173
49 , 220 , 0.7579652000995692,0.9701036318692812
49 , 230 , 0.8010795339207859,0.9945049321706423
49 , 240 , 1.007509673711739,1.0029752940147778
49 , 250 , 0.7949497618743612,0.9378532355655116
49 , 260 , 0.7657280973821478,0.9593712336810948
49 , 270 , 0.7780934259713519,1.1468418399156388
49 , 280 , 1.1564720070591006,0.9360406706794175
