0 , 110 , 0.7163908713888767,0.7995123818279912
0 , 120 , 0.7311877316424081,0.7102171033391503
0 , 130 , 0.707557200294237,0.7360137874270791
0 , 140 , 0.6954435405563082,0.9289917260593464
0 , 150 , 0.6297547001249801,0.8107469283677394
0 , 160 , 0.717976164958925,0.744792786068026
0 , 170 , 0.7436771187039857,0.7797834379203126
0 , 180 , 0.7046234629935003,0.7628142156874347
0 , 190 , 0.7095926313186292,0.750954548377388
0 , 200 , 0.7172938014325942,0.6812344370614891
0 , 210 , 0.6442244204517907,0.7447373734712325
0 , 220 , 0.6126920524542607,0.7090063521667749
0 , 230 , 0.6169163596503151,0.7690047211375777
0 , 240 , 0.6154748638139788,0.7752783155527836
0 , 250 , 0.6402172415723161,0.7932457266133863
0 , 260 , 0.5855139604893295,0.7260875615906938
0 , 270 , 0.5869407398501582,0.7207108736174793
0 , 280 , 0.5745729795698002,0.787754522862905
0 , 290 , 0.5241642748899167,0.7764491593655006
0 , 300 , 0.580467317084559,0.7390627011645117
0 , 310 , 0.54151300099743,0.8838957817358758
0 , 320 , 0.6164504233262077,0.6980914213687253
0 , 330 , 0.5961337350509833,0.6772774276872651
0 , 340 , 0.4658344411304383,0.7283662806529829
0 , 350 , 0.4372511388396101,0.9046541390760048
0 , 360 , 0.43995857830034596,0.9445789356048323
0 , 370 , 0.4732451593568783,0.7665817332653677
0 , 380 , 0.37817001138606493,1.0499599871673797
0 , 390 , 0.3802024968981518,0.8135371810490917
0 , 400 , 0.4474325873057316,0.8650026251586935
0 , 410 , 0.4647492472807293,0.6908196208145966
0 , 420 , 0.39569045202784237,0.7036487492871204
0 , 430 , 0.352605457554501,0.8215364273886187
0 , 440 , 0.40084379226973177,0.8119591304500892
0 , 450 , 0.33587601627833474,0.725265060878221
0 , 460 , 0.330379004041572,0.5816415856170362
0 , 470 , 0.4172342749290967,0.7128038422060151
0 , 480 , 0.4121696335391171,0.6088054332121237
0 , 490 , 0.4191180036808635,0.6581739142369524
0 , 500 , 0.3068097640397174,0.5931283635922083
0 , 510 , 0.2684291313911678,0.6519862623466388
0 , 520 , 0.28179020682773176,0.5578088406416627
0 , 530 , 0.3376947372499912,0.5580774541135157
0 , 540 , 0.3867852371080077,0.7309181321572462
0 , 550 , 0.3408702389571879,0.6520235441018641
0 , 560 , 0.3710728251728583,0.6627748627400423
0 , 570 , 0.3370227245770728,0.5507379385797831
0 , 580 , 0.4181392755272426,0.8312285898412723
0 , 590 , 0.2940658689967661,0.7661503403704653
0 , 600 , 0.35017832195933074,0.6033615743605765
2 , 110 , 0.46600652713776036,0.7310491930743348
2 , 120 , 0.47635191110752584,0.7362677060497844
2 , 130 , 0.49287171188979095,0.708489081457183
2 , 140 , 0.4991836607798979,0.8005983056297246
2 , 150 , 0.5532158662486274,0.805839458828372
2 , 160 , 0.5092343225102398,0.783610799182879
2 , 170 , 0.6009212633139666,0.8236108924642971
2 , 180 , 0.6937962261091873,0.7405283827249942
2 , 190 , 0.7748948315756448,0.6983067822308328
2 , 200 , 0.671637226544427,0.7722501958749171
2 , 210 , 0.6557456735439601,0.8646262647280772
2 , 220 , 0.6488025943789385,0.7043769575989413
2 , 230 , 0.7352110940448294,0.7025127208769452
2 , 240 , 0.7339406244997143,1.0512267001008195
2 , 250 , 0.7346235663725278,0.7130827434816287
2 , 260 , 0.3659035262628562,0.7180606376834304
2 , 270 , 0.3839585586737506,0.9853544540558188
2 , 280 , 0.4716146729271286,0.8003477985104221
2 , 290 , 0.42631840212923616,0.777693182452448
2 , 300 , 0.43530759309230027,0.8133414410709308
2 , 310 , 0.41894314303034313,0.73098299727374
2 , 320 , 0.4890475891255337,0.7609963134166082
2 , 330 , 0.48137506568543126,0.7631166342879987
2 , 340 , 0.5284519046713807,0.7274767989894447
2 , 350 , 0.6197785399238238,0.767068610845018
2 , 360 , 0.5839277752733167,0.7697900060104198
2 , 370 , 0.5776776500865449,1.0473267190753013
2 , 380 , 0.6137735944131956,0.9334392073995748
2 , 390 , 0.6243860245483184,0.7791211601628849
2 , 400 , 0.712743555630488,0.7771548250093157
2 , 410 , 0.7007783743950969,0.7387211129342222
2 , 420 , 0.7278550451887061,0.7693250522600943
2 , 430 , 0.6747998033755483,0.8859852811616498
2 , 440 , 0.627401260370567,0.749708201290487
2 , 450 , 0.6780514519678595,0.7149291999719665
2 , 460 , 0.7291401545429054,0.8979896960195751
2 , 470 , 0.6937240748844983,0.8209003539507201
2 , 480 , 0.7058746009503883,0.9001725125261542
2 , 490 , 0.6940407509351706,0.7655659517506461
2 , 500 , 0.7828388747021019,0.708566434488903
2 , 510 , 0.6867816088914729,0.579205841615907
2 , 520 , 0.6944037713106636,1.310425116919332
2 , 530 , 0.6740338512192128,0.8833254910801324
2 , 540 , 0.6694660291547487,0.6342308918172204
2 , 550 , 0.6790276264897824,0.7186075135812032
2 , 560 , 0.6347411431911929,0.7557264457892278
2 , 570 , 0.6772744246552572,0.6954700117079867
2 , 580 , 0.7611043337319875,1.05491209440723
2 , 590 , 0.7402747179794069,0.982819451259784
2 , 600 , 0.6947955838536944,1.279887573730901
3 , 110 , 0.9585950858386546,0.8065938570856178
3 , 120 , 0.8566637123010644,0.7333625292342372
3 , 130 , 0.863918104454971,0.6937019901042344
3 , 140 , 0.780735558002983,0.7941397327653018
3 , 150 , 0.9064198958336198,0.7095521096735352
3 , 160 , 0.9231265051170316,0.7564818171942346
3 , 170 , 0.9026636426572177,0.8002024696482901
3 , 180 , 0.9002176798799858,0.8114721087319365
3 , 190 , 0.8545618589698841,0.8457168696582988
3 , 200 , 0.8703170518085998,0.7392466045596117
3 , 210 , 0.8316307055594084,0.8302591108210975
3 , 220 , 0.7827941013697611,0.8674840717089405
3 , 230 , 0.7955929825902485,0.7762994421657962
3 , 240 , 0.8157643452465871,0.837658081739986
3 , 250 , 0.8663319186727656,0.7291045023618792
3 , 260 , 0.8791355480677839,0.8433867827162183
3 , 270 , 0.756462813991704,0.7059391461326534
3 , 280 , 0.8076353088348762,0.7445679606019154
3 , 290 , 0.7151183646151001,0.7839321760180447
3 , 300 , 0.7279186800035629,0.9834460828789207
3 , 310 , 0.849067831700184,0.8107573720379705
3 , 320 , 0.7362793875221161,0.788585072628655
3 , 330 , 0.7822717024165029,0.7934813944772235
3 , 340 , 0.725168947208785,0.7551059941088983
3 , 350 , 0.7367497835888418,0.7771659024940133
3 , 360 , 0.8030415353210758,0.7074961108761961
3 , 370 , 0.8485094607199725,0.8232399799221324
3 , 380 , 0.8542084217322227,0.9663447848732163
3 , 390 , 0.8592468883690062,0.8212977494027617
3 , 400 , 0.8258932754136792,0.8566950095839276
3 , 410 , 0.9531857268764513,0.7191184411993161
3 , 420 , 1.1501873979304917,0.7422379764247887
3 , 430 , 1.103549623350916,0.7717289842105296
3 , 440 , 1.2287888359600219,0.9135222330020825
3 , 450 , 1.2010074000462487,0.9202148952450139
3 , 460 , 1.12727089546264,0.7095173572635899
3 , 470 , 1.0901839168326508,0.9679778215506146
3 , 480 , 1.0994738848092251,0.7305081105632972
3 , 490 , 1.0814353325624337,0.8221899296781032
3 , 500 , 1.0369895023283189,1.005855218212292
3 , 510 , 0.8645458841748924,0.8609747841295338
3 , 520 , 0.777448003242575,0.5926085738375625
3 , 530 , 0.734401759541539,0.727988855632569
3 , 540 , 0.6682301328054491,0.6256829502284815
3 , 550 , 0.515297621567778,0.8751925375416486
3 , 560 , 0.6040871081326636,0.712163962448346
3 , 570 , 0.5540626737485203,0.7681312002331654
3 , 580 , 0.7099368826108139,0.7153327512382994
3 , 590 , 0.6781900393797077,1.5910825012344652
3 , 600 , 0.544998095584941,0.7784186024712767
4 , 110 , 0.9517374609271568,0.7585000468917314
4 , 120 , 0.9558731894015663,0.8582980274948422
4 , 130 , 0.9357825632187262,0.8521740128751082
4 , 140 , 0.9427852099564978,0.7502490565197609
4 , 150 , 0.9482349373651875,0.6965177191879943
4 , 160 , 0.9428521393665551,0.6913643019403493
4 , 170 , 0.9117407805311079,0.7295040108143341
4 , 180 , 0.7376875748581494,0.7689646871855359
4 , 190 , 0.7611085933217984,0.7331743740488763
4 , 200 , 0.716010141393889,0.7452662413199387
4 , 210 , 0.8024363126722751,0.9121461613708925
4 , 220 , 0.8054611274517605,0.8001214440308928
4 , 230 , 0.760922601788018,0.6903943771851727
4 , 240 , 0.858370890059866,0.7569865953172327
4 , 250 , 0.8691448674644254,0.7965181885780347
4 , 260 , 0.8885855530781296,0.8130868584491969
4 , 270 , 0.8821883807749081,0.7536513037652838
4 , 280 , 0.8163089987229644,0.7296781421878596
4 , 290 , 0.8341819546249453,0.7814105988372869
4 , 300 , 0.9054993828992219,0.8414993322876823
4 , 310 , 1.00330875164318,0.8464853403112739
4 , 320 , 0.9834842787362462,0.8504905634741114
4 , 330 , 0.9271177876983068,0.815055040383235
4 , 340 , 0.8977407716260479,0.7483363242674836
4 , 350 , 0.9806224183171902,0.8590184740211357
4 , 360 , 0.7651661488955909,0.8104885418485115
4 , 370 , 0.754258669215817,0.9231281973466889
4 , 380 , 0.6786133961626974,0.6350798138239799
4 , 390 , 0.7203603585926932,0.7824436881953092
4 , 400 , 0.7110531075419354,0.7949851720512735
4 , 410 , 0.6571562452755446,0.8709921566548936
4 , 420 , 0.7009156517372049,0.7590472103828426
4 , 430 , 0.6895378033061722,0.7509797051186693
4 , 440 , 0.7046307371574666,0.7847011089282765
4 , 450 , 0.7905616533397861,0.7393630595444386
4 , 460 , 0.7720225212219773,0.8865211958125438
4 , 470 , 0.764507630358294,0.7319370417675697
4 , 480 , 0.7780017670631004,0.7640549734341678
4 , 490 , 0.744581844270788,0.6529272326892162
4 , 500 , 0.7611368029832418,1.002047657098021
4 , 510 , 0.6693204151889938,0.6829457182202545
4 , 520 , 0.686238895692005,1.0283601146481005
4 , 530 , 0.7133579154738819,0.7409882357326312
4 , 540 , 0.7098550437117024,1.278367098891018
4 , 550 , 0.6756802149505926,0.7904549720721312
4 , 560 , 0.6321298593621599,0.685289084115548
4 , 570 , 0.6606571082893316,0.9409870377255894
4 , 580 , 0.6390591668641399,0.7592645037843998
4 , 590 , 0.5699237954137478,1.251622562084612
4 , 600 , 0.6331707268964252,1.013323522957634
5 , 110 , 0.7213213411512032,0.8671130682314308
5 , 120 , 0.7195983010029512,0.7724764237040384
5 , 130 , 0.7468986656450676,0.8151823905384334
5 , 140 , 0.6791742528462235,0.7740935003641227
5 , 150 , 0.6394914256304611,0.7651332254679453
5 , 160 , 0.5939603395515858,0.6923130372794117
5 , 170 , 0.5812341626719032,0.6502614709188739
5 , 180 , 0.6200580952861331,0.7437820796505735
5 , 190 , 0.5354283306680857,0.7206664062887285
5 , 200 , 0.5154963186118431,0.6364572988370956
5 , 210 , 0.5158714920040586,0.7979828942975787
5 , 220 , 0.5010047247982402,0.6133243143756768
5 , 230 , 0.5257086472078034,0.7906335804120966
5 , 240 , 0.5153260008222313,0.6884305887144948
5 , 250 , 0.4981550601928871,0.7540847021086473
5 , 260 , 0.48746833155378044,1.0567932436279754
5 , 270 , 0.46752677923691693,0.883993102721171
5 , 280 , 0.4858583188387891,0.675081352931114
5 , 290 , 0.49246763582718156,0.6645872800782905
5 , 300 , 0.46431363096330575,0.7807603913605824
5 , 310 , 0.4662610257534884,0.6709303396713306
5 , 320 , 0.4637858365585137,0.689899778365154
5 , 330 , 0.47590335556498015,0.7654750256464466
5 , 340 , 0.45536765340536317,0.7363310279090984
5 , 350 , 0.45031507386381936,0.7321082733746623
5 , 360 , 0.4137245970083136,0.8082281218677366
5 , 370 , 0.44843134054914935,0.6482576482324912
5 , 380 , 0.39537156307395555,1.268574506007985
5 , 390 , 0.3879327399480538,0.8030031179715352
5 , 400 , 0.38721657672408055,0.6978164486745019
5 , 410 , 0.45035713074916733,0.6072136665761566
5 , 420 , 0.4763098222273085,0.6535670792116075
5 , 430 , 0.3984768021823475,0.8435745026748652
5 , 440 , 0.4644447538585492,0.7575224151725678
5 , 450 , 0.4054674392181792,0.7471227622271889
5 , 460 , 0.36877306060271864,0.6430957156651829
5 , 470 , 0.36960824645834467,0.8428250734484153
5 , 480 , 0.3753508798460612,0.7690726292603051
5 , 490 , 0.4741385547829724,1.6933735589937675
5 , 500 , 0.37563232312493994,0.7785429396836229
5 , 510 , 0.33060798966298144,0.7410179430380295
5 , 520 , 0.29200383369808763,1.3852439529277139
5 , 530 , 0.2992136018467368,0.6517770958331117
5 , 540 , 0.2824570273810115,0.644256068988249
5 , 550 , 0.3161235620840993,1.1819717613843939
5 , 560 , 0.3461778406681725,0.9071419853998113
5 , 570 , 0.3916347588091504,1.0286868668170956
5 , 580 , 0.31699540247840624,0.7228412055760963
5 , 590 , 0.2831513886379128,0.7763779782261395
5 , 600 , 0.24224327017194042,0.6552149538446229
6 , 110 , 0.5811072658367381,0.7389521179223666
6 , 120 , 0.6262291933526991,0.9027598226160255
6 , 130 , 0.6369623522234296,0.8366097299690649
6 , 140 , 0.6076496386720617,0.77609634865441
6 , 150 , 0.595499965169592,0.7356159683800709
6 , 160 , 0.6122360362077983,0.7724365152250184
6 , 170 , 0.5545366944536311,0.7887589368477171
6 , 180 , 0.5794822247139544,0.7769766202398677
6 , 190 , 0.5738767908208576,0.8700475714547726
6 , 200 , 0.5440351190896615,0.7330770147636222
6 , 210 , 0.5410598112518725,0.7254343108458388
6 , 220 , 0.5701956036032537,0.7225633112006042
6 , 230 , 0.5864945285284359,0.8342370833735773
6 , 240 , 0.6087604896014612,0.810856825944293
6 , 250 , 0.5895407460759239,0.685438982996657
6 , 260 , 0.748263392165944,1.0637515000091609
6 , 270 , 0.6818858172029435,0.8133390843680268
6 , 280 , 0.7033145072954449,0.8791744777290887
6 , 290 , 0.6842360522037617,1.1613255362263823
6 , 300 , 0.6338745219765135,0.7651316515836469
6 , 310 , 0.6530911862599179,0.7345764019230868
6 , 320 , 0.610759691934503,0.749571481951434
6 , 330 , 0.5836764119727326,0.8883081703399427
6 , 340 , 0.7738957211601861,0.6866839986393801
6 , 350 , 0.6377863686258276,0.6947765799849777
6 , 360 , 0.6239142018424686,0.8324156894085097
6 , 370 , 0.591583684974746,0.7597183184480327
6 , 380 , 0.517932673268559,0.8267260930453351
6 , 390 , 0.597849739199224,0.8524776626944155
6 , 400 , 0.7322187274659248,0.7261667177453729
6 , 410 , 0.6833051225358051,0.8526080446305198
6 , 420 , 0.6867731545774138,0.8532134837471399
6 , 430 , 0.689727466528052,0.7031016870691991
6 , 440 , 0.8951058209430129,0.8831689520608224
6 , 450 , 0.902748977848788,0.7190325536558172
6 , 460 , 0.8641351440580447,0.6332119847107913
6 , 470 , 0.8133508354316643,0.7637366611686376
6 , 480 , 0.859108814796241,1.016822034292227
6 , 490 , 0.9069419453471602,0.7503111293689042
6 , 500 , 0.9438784598755455,0.6529040712849096
6 , 510 , 0.8906470084730675,0.8458032542046398
6 , 520 , 0.8312435886599887,0.7495969965790795
6 , 530 , 0.7905347619861302,0.7251297676090704
6 , 540 , 0.7382263687400648,0.6355324161312598
6 , 550 , 0.7497883163387953,0.6594220044947395
6 , 560 , 0.7815624506382531,0.8792558778469161
6 , 570 , 0.7663080209696886,0.5436420572225221
6 , 580 , 0.775348850755103,1.2402207654146051
6 , 590 , 0.7545757410296621,0.5613272236789192
6 , 600 , 0.7252316297641382,0.6123271046245908
7 , 110 , 4.0078243627974315,0.5711363246041543
7 , 120 , 7.459056184987643,1.751083940634907
8 , 110 , 0.7696696989234026,0.7176820377090608
8 , 120 , 0.8137185611298534,0.6878066966336284
8 , 130 , 0.8219320331501383,0.7399478195180761
8 , 140 , 0.9761167327829172,0.9103466153661046
8 , 150 , 0.8426449824951314,0.7221998018536424
8 , 160 , 0.8568482325348156,0.8769495551330987
8 , 170 , 0.8127625031599548,0.8174397827894448
8 , 180 , 0.8103988392739612,0.701239968924549
8 , 190 , 0.8267916617695347,0.7738663667886673
8 , 200 , 0.7801636861010802,0.735450602923264
8 , 210 , 0.7737931549610314,0.74765158311622
8 , 220 , 0.7236569039871344,0.6758082310690904
8 , 230 , 0.7662067201209404,0.6920618046892297
8 , 240 , 0.7480055693783623,0.7785905407282119
8 , 250 , 0.7995823167571273,0.7013835291426633
8 , 260 , 0.78203184458746,0.6471273874100775
8 , 270 , 0.7583685200631816,0.672995986729348
8 , 280 , 0.8269611558428143,0.6955967671058224
8 , 290 , 0.7803999045329312,0.5803704901458572
8 , 300 , 0.7916484634673784,0.682969486676251
8 , 310 , 0.7659429994264171,0.6052057948451295
8 , 320 , 0.786373973962386,0.6301753110898543
8 , 330 , 0.8067062454487158,0.7215069534505522
8 , 340 , 0.7842827134271856,0.6449461552996447
8 , 350 , 0.7968967376354382,0.6246724525109378
8 , 360 , 0.7909137239350035,0.9190781157772903
8 , 370 , 0.7765805759138266,0.661110572142896
8 , 380 , 0.7764441339948559,0.5878563830223303
8 , 390 , 0.8725874222616923,0.7511500515297735
8 , 400 , 0.7785614128410175,0.599164184931816
8 , 410 , 0.9437682493169888,0.8628840272029124
8 , 420 , 0.7951809951868989,0.4714588665932856
8 , 430 , 0.7673154016876893,0.759488196792654
8 , 440 , 0.7713345660740605,0.5669245599233256
8 , 450 , 0.6854822753390086,0.6072930577023593
8 , 460 , 0.7907416007677966,0.6276087475271971
8 , 470 , 0.7564886172233012,0.4807700597399824
8 , 480 , 0.8461744921434341,0.5821156738271025
8 , 490 , 0.7568916363226323,0.4673677362234005
8 , 500 , 0.8071835167690613,0.4718047294753244
8 , 510 , 0.817788307630214,0.48334951936198295
8 , 520 , 0.749233253424479,0.7170493347733966
8 , 530 , 0.752310565611783,0.4998237111525505
8 , 540 , 0.7762223549484887,0.5658579825138786
8 , 550 , 0.8919605460445857,0.5169739524982738
8 , 560 , 0.8796533488415129,0.7330032110420217
8 , 570 , 0.8543211236030095,0.427515602743884
8 , 580 , 0.8579774501510113,0.5483746967711486
8 , 590 , 0.8441837757092655,0.6813975405994311
8 , 600 , 0.8654385454462743,0.578564592821517
9 , 110 , 0.7164583424132311,0.8253455866033291
9 , 120 , 0.7182777712877212,0.8343575398865356
9 , 130 , 0.7171069236010742,0.7499746101180118
9 , 140 , 0.7809342036366514,0.8621071672353606
9 , 150 , 0.7651208934620382,0.8883796534890456
9 , 160 , 0.7588224245441206,0.7717867559277903
9 , 170 , 0.6051052895776466,0.7645922180677841
9 , 180 , 0.5862380251790139,0.9971400629080053
9 , 190 , 0.5982315576814504,0.7600878288498235
9 , 200 , 0.558383417048832,0.7772738122369628
9 , 210 , 0.5434413956221809,0.8918205832421967
9 , 220 , 0.6631132831676222,0.7575960425865559
9 , 230 , 0.6551626480148786,0.7261893797059984
9 , 240 , 0.804328167171557,0.6874217717683223
9 , 250 , 0.7384609993998474,0.7188108644588003
9 , 260 , 0.763015387340865,0.9260894507935415
9 , 270 , 0.7157927333305748,0.815090247426819
9 , 280 , 0.7246762187703176,0.7523659262985987
9 , 290 , 0.8414792012097168,0.7102233878656887
9 , 300 , 0.6790424395394448,0.7736571357070948
9 , 310 , 0.645388095429716,0.8439060944589151
9 , 320 , 0.7691529283585027,0.7555543489359103
9 , 330 , 0.6452867696087513,0.7242496516422082
9 , 340 , 0.6084473552687779,0.7549464781342663
9 , 350 , 0.6002041675095269,0.7248564047450915
9 , 360 , 0.5845669734930411,0.8262067566282583
9 , 370 , 0.5566267742144936,0.7233618016678778
9 , 380 , 0.5623176736165705,0.7918915616334103
9 , 390 , 0.6122434904905872,0.7002799756104253
9 , 400 , 0.6592162000267404,0.7074457403338185
9 , 410 , 0.6508563200261601,0.7327830399139795
9 , 420 , 0.6158668369899516,0.8138781251246343
9 , 430 , 0.6238293047475748,0.822476823590334
9 , 440 , 0.581474101004821,0.7041255434432836
9 , 450 , 0.5816044439105987,0.785401671854345
9 , 460 , 0.5755346963147293,0.7833588062055884
9 , 470 , 0.5716536796511654,0.73956643911298
9 , 480 , 0.5516944078211661,1.0020916302164466
9 , 490 , 0.6427894629465619,0.6584236801276231
9 , 500 , 0.5618735384638546,0.7215538032637543
9 , 510 , 0.6279916438952329,0.7033524066200099
9 , 520 , 0.7636434479530567,0.6359773740301587
9 , 530 , 0.7281297722855669,0.6513426657834737
9 , 540 , 0.7820237618957862,0.6974270643839099
9 , 550 , 0.7727939142637451,0.9041835564800933
9 , 560 , 0.6883828323585977,0.6442523526607459
9 , 570 , 0.5425926698066038,0.994776774174802
9 , 580 , 0.7676718005024369,0.6552906113458847
9 , 590 , 0.6165720197323186,0.6342736842431357
9 , 600 , 0.5679175950213315,1.217739526874722
10 , 110 , 0.4924764513294954,0.8023903609412947
10 , 120 , 0.6196894983250416,0.9229263199009006
10 , 130 , 0.5048232645259468,0.8222052066125515
10 , 140 , 0.642954655921137,0.7406509134947796
10 , 150 , 0.7768707745558123,0.7539904910506955
10 , 160 , 0.47648582821105756,0.646493194078353
10 , 170 , 0.45009776181204086,0.9917616149597095
10 , 180 , 0.41944413094852656,0.9304951595056514
10 , 190 , 0.5427513963329764,0.7125540563570103
10 , 200 , 0.49225578772631956,1.1640234388577482
10 , 210 , 0.4771065628423903,0.95999584930354
10 , 220 , 0.539209578839179,0.5337054672361852
10 , 230 , 0.5603037438746991,1.0384229452649902
10 , 240 , 0.8876635607007236,0.8515138407085208
10 , 250 , 0.7631918982654642,0.6258458026662057
10 , 260 , 0.779838545016574,0.7113620355106053
10 , 270 , 1.0126244489987941,0.6640396270052776
10 , 280 , 0.9423757598850602,0.6475970718456213
10 , 290 , 1.3185092398492182,0.7496620395924498
10 , 300 , 0.9975230382114215,0.6739843054851172
10 , 310 , 0.7720842689521739,0.8244153943096589
10 , 320 , 0.9446856820021831,0.7553442029737775
10 , 330 , 1.419584183658245,0.5720899058575077
10 , 340 , 1.2198219916832143,0.6389431491795321
10 , 350 , 1.2081517407168976,0.67658030019615
10 , 360 , 1.1739535073207947,1.0059838006523374
10 , 370 , 0.8893189556521557,0.6892524147156299
10 , 380 , 0.8450989240540393,0.7579624607073427
10 , 390 , 0.6330900487818939,0.6145076222469853
10 , 400 , 0.7166125936680052,0.621121752893382
10 , 410 , 0.7049504428152519,0.6658187536502015
10 , 420 , 0.8522009221845344,1.1742735481354318
10 , 430 , 0.7766106414299431,1.0654521408784645
10 , 440 , 0.8244229283121881,0.6257591395187532
10 , 450 , 0.7129255663756989,1.943692623668547
10 , 460 , 0.39535182914382844,0.4904006850116204
10 , 470 , 0.6499318344357026,1.1288062982991713
10 , 480 , 0.22951241321822824,0.483140763215913
10 , 490 , 0.44813285440855766,0.5368957261197503
10 , 500 , 0.6725046483149792,0.6426206026364781
10 , 510 , 0.5042351903247797,0.9707008253576522
10 , 520 , 0.0,0.7907185671649917
10 , 530 , 0.3171492938663327,0.6889661244552326
10 , 540 , 0.8764715695159672,1.5876072439406583
10 , 550 , 0.8987341690971323,0.7620453121556556
10 , 560 , 0.9681471339821482,0.9317998966868151
10 , 570 , 0.9396759531654088,0.8566229174168446
10 , 580 , 0.796381485502484,0.7934106722900879
10 , 590 , 0.5946836313741866,0.8062689650495427
10 , 600 , 0.6611917370096373,1.4792435203746606
11 , 110 , 0.8500005760207724,0.7897659778353306
11 , 120 , 0.8580403725427158,0.8193284441858487
11 , 130 , 0.8804897320008563,0.8594969209581031
11 , 140 , 0.8879348518188831,0.8820209691496348
11 , 150 , 0.8883182513047236,0.7639230747881538
11 , 160 , 0.9080470843114263,0.9602543604710161
11 , 170 , 0.9367421842527279,0.8334798339967805
11 , 180 , 0.8778340511968236,0.9272100662358506
11 , 190 , 0.9083819150093785,0.8600137693753066
11 , 200 , 0.8395159655309197,0.7346721304879811
11 , 210 , 0.8887764331709441,1.1040620118839661
11 , 220 , 0.8701397928832882,0.7685608619409225
11 , 230 , 0.7220388987819343,0.8403061274658101
11 , 240 , 0.800624122755891,0.8409021370066784
11 , 250 , 0.783795507714552,0.7571620611446269
11 , 260 , 0.7870566945798886,0.9579357226017245
11 , 270 , 0.7840890927400729,0.7624301348710163
11 , 280 , 0.8409652547126903,0.7886634490150123
11 , 290 , 0.7288149102236132,0.9270249820303212
11 , 300 , 0.753439993580542,0.7913772157114037
11 , 310 , 0.8159047725232518,0.673466868036967
11 , 320 , 0.6470584410945116,0.6921642324651939
11 , 330 , 0.6662685735139448,1.0690202618386324
11 , 340 , 0.7267326871814086,0.9082889037764886
11 , 350 , 0.7182601160831658,0.8297902804326479
11 , 360 , 0.6881108418678914,0.7761356016469072
11 , 370 , 0.7994178054008437,0.8140229600914104
11 , 380 , 0.7907260572479005,0.711172815676599
11 , 390 , 0.8289472272417636,0.7220481942156551
11 , 400 , 0.7858069565147734,0.7502752703020047
11 , 410 , 0.6734065301740478,0.7708235518281958
11 , 420 , 0.9043491261515044,0.7114436731533903
11 , 430 , 0.7411145854346975,0.6843148035616291
11 , 440 , 0.8867563040793877,0.9038794107128829
11 , 450 , 0.7183828420616133,0.9453933086516101
11 , 460 , 0.7684519340788166,0.8229651966111913
11 , 470 , 0.7354638936658884,1.1696692382472063
11 , 480 , 0.6561643745702135,0.7392599840015461
11 , 490 , 0.6568976662877076,0.7128335924762766
11 , 500 , 0.5376033772357564,0.6278527684877997
11 , 510 , 0.39736500925635526,0.6941237677711196
11 , 520 , 0.4039358168967489,0.7762199652332179
11 , 530 , 0.47942583690960944,0.8895410268279005
11 , 540 , 0.3598059453063065,0.613019875421952
11 , 550 , 0.4266284112258226,0.8682324017675643
11 , 560 , 0.4061799724457626,0.6372447459958382
11 , 570 , 0.31951280848501573,0.6936924634858306
11 , 580 , 0.40858647925784136,0.6687721311032542
11 , 590 , 0.4194505869837652,0.796822636813891
11 , 600 , 0.39050830840347917,0.874090565245832
13 , 110 , 0.7480188423464387,0.7145937011602631
13 , 120 , 1.035196429140857,0.6818942418338921
13 , 130 , 1.206853589911828,0.5931382250957434
13 , 140 , 1.3253012152985844,0.6891812385890628
13 , 150 , 1.5327987820986204,0.542587897170469
13 , 160 , 1.726996290336838,0.48026473202488507
13 , 170 , 1.8519431207343053,0.40209536576529403
13 , 180 , 1.8256975829069801,0.3725423018743137
13 , 190 , 0.0,0.31435881422679884
13 , 200 , 0.0,0.0
14 , 110 , 0.6788608930712878,0.6945598651211039
14 , 120 , 0.6474147425032043,0.7342820315459556
14 , 130 , 0.6216755283951189,0.8432617408592752
14 , 140 , 0.6524052744068704,0.7808445476126934
14 , 150 , 0.6195869878520062,0.8121267121110445
14 , 160 , 0.6769284827629101,0.7099555024216736
14 , 170 , 0.7282167845446436,0.7528644816708855
14 , 180 , 0.7124148423769331,0.6960876277240136
14 , 190 , 0.7347290646933483,0.7009136805023964
14 , 200 , 0.727439863311448,0.6581835194257888
14 , 210 , 0.7368343728363728,0.731443406717966
14 , 220 , 0.7292944987515055,0.8631415493328136
14 , 230 , 0.7219041055317151,0.8143285877273121
14 , 240 , 0.718769517950019,0.8511986883609889
14 , 250 , 0.7207252026261911,0.7859133083011222
14 , 260 , 0.6808557871270304,0.7940720204163051
14 , 270 , 0.68495926792428,0.6928823934067352
14 , 280 , 0.7085325847800147,0.7006451345172292
14 , 290 , 0.702059141119752,0.6316036146962669
14 , 300 , 0.6850140799265263,0.6786957631268721
14 , 310 , 0.679569940210093,0.6725841326943656
14 , 320 , 0.6803357188209357,1.0428465248782652
14 , 330 , 0.6737528662406487,0.7888316478068542
14 , 340 , 0.6598946320692584,0.6565517754772614
14 , 350 , 0.669226643143737,0.6796747539138398
14 , 360 , 0.6815842657544577,0.7166324995800603
14 , 370 , 0.6983150388527392,0.7473872275113079
14 , 380 , 0.6905928050494957,0.7741340550426735
14 , 390 , 0.7064102711538786,0.6407427127316502
14 , 400 , 0.6932259255084237,0.8340054282403162
14 , 410 , 0.7565126351447997,0.779524204363857
14 , 420 , 0.7569751009556019,0.693250270194031
14 , 430 , 0.7656887820527113,0.7876958133332593
14 , 440 , 0.7535464636469924,0.6566197246158342
14 , 450 , 0.7400601625685415,0.8412469351772862
14 , 460 , 0.7384679971958489,0.8486093233113531
14 , 470 , 0.7384641187596666,0.6967718799515812
14 , 480 , 0.7362990374429232,0.6587038840371058
14 , 490 , 0.7515825614235212,1.9375691909312471
14 , 500 , 0.7481789372065942,0.6939192714785545
14 , 510 , 0.7775752148716745,0.8717045409625669
14 , 520 , 0.7650777395299805,0.7620242684751949
14 , 530 , 0.7821291078701291,0.7105624214381568
14 , 540 , 0.7469636553618689,0.6388108058926707
14 , 550 , 0.7533991921738507,0.7575581766278103
14 , 560 , 0.7599787367705808,0.7039027706435154
14 , 570 , 0.7324286905253811,1.0757826173442682
14 , 580 , 0.7719975763305084,0.5897417204854849
14 , 590 , 0.7668067372322407,0.6948797560957355
14 , 600 , 0.8075463396677087,0.7126707446421903
15 , 110 , 0.710016369964655,0.703264728228769
15 , 120 , 0.7345056340346199,1.0630422512309496
15 , 130 , 0.7700155615027564,0.7236440002140242
15 , 140 , 0.7116236190499485,0.7110821846735054
15 , 150 , 0.6721016567516439,0.6154813823870314
15 , 160 , 0.6153804484050376,0.6796492274384426
15 , 170 , 0.5443786239223971,0.6528040204192254
15 , 180 , 0.6496757316021571,0.6700338469269602
15 , 190 , 0.712055189333696,0.6000718911618386
15 , 200 , 0.7132837917408524,0.4497231129939419
15 , 210 , 0.7520530225584786,0.5318839669255988
15 , 220 , 0.51941530808027,0.48317904768027
15 , 230 , 0.7710625535654406,0.43749152232764676
15 , 240 , 1.1989601747452838,0.48580481830590005
15 , 250 , 0.8920368210294125,0.44370316261668785
15 , 260 , 0.8765442831889961,0.414886225173999
15 , 270 , 1.0229033175962596,0.34474398431428693
15 , 280 , 1.1750713679707665,0.3694301070610834
15 , 290 , 1.5934746033928024,0.37281042479462967
15 , 300 , 1.648310761981005,0.2900955797956199
15 , 310 , 1.76510861590554,0.3169174383266531
15 , 320 , 1.8156262146403035,0.4210657171499037
15 , 330 , 1.6683171644372004,0.2527382752842606
15 , 340 , 0.9514440264264223,0.31394210288330915
15 , 350 , 0.9085528486802821,0.4764432732559625
15 , 360 , 1.5774590796399333,0.5269104459125108
15 , 370 , 1.9227616734895114,0.3321527188642386
15 , 380 , 0.7381979470960794,0.42114219399947683
15 , 390 , 0.6632257188835262,0.6441437279413209
15 , 400 , 0.0,0.4089556633384206
15 , 410 , 0.0,0.3010299956639826
15 , 420 , 0.0,0.0
16 , 110 , 0.8066945855439908,0.6186341195736588
16 , 120 , 0.6774965427850631,0.5560427478849352
16 , 130 , 0.7116593450895722,0.46533270568450047
16 , 140 , 0.7100263352390985,0.5324859921695474
16 , 150 , 0.8330583123271692,0.580047308010564
16 , 160 , 0.7881518754620921,0.4693750010910742
16 , 170 , 0.8272434220148539,0.5690370517931965
16 , 180 , 0.8093660095039233,0.740513808207624
16 , 190 , 0.7260835050965233,0.6275805450750057
16 , 200 , 0.8038077415043015,0.602348689713096
16 , 210 , 0.9396961444801458,0.6424297606074338
16 , 220 , 0.7604617275417733,0.5164239837543111
16 , 230 , 0.9174384144060787,0.6231054715678694
16 , 240 , 1.118883076798849,0.6856870722210135
16 , 250 , 0.8514251976648408,0.9213037704366525
16 , 260 , 0.8674254252406554,0.5304296209882371
16 , 270 , 0.9226628970051578,0.9939391947805833
16 , 280 , 0.9270954252511476,0.6172554890144119
16 , 290 , 0.9400818498147342,0.6264285825394549
16 , 300 , 0.8547201185961708,0.5328854548133398
16 , 310 , 1.0795537911340185,1.0189431093057288
16 , 320 , 0.7706600707750646,2.1466616798027287
16 , 330 , 0.8887756111792754,0.6398869039555901
16 , 340 , 0.7900495110723447,0.6411588806005201
16 , 350 , 1.0361373874519364,0.6106067199591774
16 , 360 , 0.843561762288116,0.6397623954572241
16 , 370 , 0.8226054134075449,0.73944756406733
16 , 380 , 0.6869422899144701,0.5820918220673161
16 , 390 , 0.9791065388590865,0.6471288912606924
16 , 400 , 0.8306461032116361,0.6966321157804538
16 , 410 , 0.7186811832886026,1.0011284749085083
16 , 420 , 1.0512078246165375,0.807487189418447
16 , 430 , 0.6940846967216145,0.6423276994651214
16 , 440 , 0.6882753671369913,0.7454387372727463
16 , 450 , 0.6795704041155802,0.7263255574584792
16 , 460 , 0.7815529117656508,0.7111299897694997
16 , 470 , 0.8190026471015114,0.6255467045549495
16 , 480 , 0.9751253094646579,0.5978603888727043
16 , 490 , 0.7663372384999867,0.6251465250906395
16 , 500 , 0.7350103873159158,1.1078982796487322
16 , 510 , 0.7540553011509962,0.6330404190470061
16 , 520 , 0.7785066361247138,0.7112204818471752
16 , 530 , 0.7613950819462801,0.7855673053229434
16 , 540 , 0.7247254642258747,0.6460633561082882
16 , 550 , 0.7193719472172495,0.8977838202473003
16 , 560 , 0.8772004983445877,0.6668288125157973
16 , 570 , 0.6502671679842923,0.5651315688649567
16 , 580 , 0.7852370099438304,0.5641196532283046
16 , 590 , 0.8152914929701025,0.8461878769625233
16 , 600 , 1.1382682746819546,1.348210305948908
17 , 110 , 0.625929926458573,0.6838566519931728
17 , 120 , 0.6789942939560994,0.7754374515601359
17 , 130 , 0.5995093508906156,0.767266701324946
17 , 140 , 0.6094494890247795,0.6591195768538983
17 , 150 , 0.6372238485480458,0.8273573467810241
17 , 160 , 0.5216340884127786,0.6756612217730278
17 , 170 , 0.5861259498223109,0.6260005222506336
17 , 180 , 0.6290645887302115,0.7502249091729264
17 , 190 , 0.6318869346724663,1.608551935416645
17 , 200 , 0.585517359570108,0.7235259920064463
17 , 210 , 0.6355462118649905,0.5598806229521811
17 , 220 , 0.6093140716844441,0.7389185824366853
17 , 230 , 0.5703245443528903,0.6089141474448837
17 , 240 , 0.6046653765278984,1.0629667384127972
17 , 250 , 0.5544199542080703,0.838626051288474
17 , 260 , 0.809471859453751,0.7041910177634358
17 , 270 , 0.6614585187051324,0.9083548857586982
17 , 280 , 0.6928200735331825,0.7116392695068162
17 , 290 , 0.6682337823177364,0.8636545748585609
17 , 300 , 0.6009931637041868,0.6145242144640104
17 , 310 , 0.6152814773504257,0.6188768933532935
17 , 320 , 0.7336898283585827,0.8337320570577941
17 , 330 , 0.7735478889341229,0.8304501570119767
17 , 340 , 0.8136190636308708,0.6374843133577205
17 , 350 , 0.6880298884809647,0.7234706279178622
17 , 360 , 0.5253407567904967,0.8811218280643481
17 , 370 , 0.7437856016417295,1.127561645381077
17 , 380 , 0.6255907042799708,0.7023450160222376
17 , 390 , 0.56236787437525,0.7170481409176999
17 , 400 , 0.8016964842342525,0.8633435269648667
17 , 410 , 0.6563658228575824,0.9604995764888096
17 , 420 , 0.6546922121354725,0.8738693780240655
17 , 430 , 0.5903917370703399,0.5768504947240529
17 , 440 , 0.8204141301809654,0.6732367117804078
17 , 450 , 0.7319723022453488,0.7393619394763714
17 , 460 , 0.6708813451173392,0.6268101193917939
17 , 470 , 0.5211939061216668,0.7184127432508479
17 , 480 , 0.6769086319219988,0.8898321794252464
17 , 490 , 0.5409958094647506,0.8197702986563866
17 , 500 , 0.5055564533666241,0.6951103136506659
17 , 510 , 0.6035096574306841,0.8455815811837758
17 , 520 , 0.585179249195309,0.7506397681116088
17 , 530 , 0.6744527143550921,0.8087579232561969
17 , 540 , 0.6026633103598484,0.7031987757744976
17 , 550 , 0.873363928185451,0.9253504965259328
17 , 560 , 0.761018169735769,0.7068674352194694
17 , 570 , 0.8151244165161907,0.8932005940905081
17 , 580 , 0.8914328554715747,0.7328177551449647
17 , 590 , 0.7469471728495222,0.8008591216162689
17 , 600 , 0.7002433368008562,1.1169578797482813
18 , 110 , 0.8040923734805073,0.7780767591043747
18 , 120 , 0.7615869196187179,0.5466924108494478
18 , 130 , 0.7048829855682602,0.8037462373505612
18 , 140 , 0.6835670487577904,0.5651826089814876
18 , 150 , 0.6878016713285617,0.8554313349815545
18 , 160 , 0.7273727125272448,0.6739333403308971
18 , 170 , 0.7321391184134273,0.49513625068177763
18 , 180 , 0.6639021930077409,0.6618159766247411
18 , 190 , 0.5926367973742187,0.7451603026955046
18 , 200 , 0.5486815732206847,1.1679513552604661
18 , 210 , 0.4804735447996036,1.09527568417414
18 , 220 , 0.2989133801227674,1.0926471444547123
18 , 230 , 0.2735557414213097,0.6027153219147507
18 , 240 , 0.2516373247950358,0.5790738609626686
18 , 250 , 0.597505463223829,0.48123735438866566
18 , 260 , 0.6058650304789669,0.8591693350820732
18 , 270 , 0.6406579557804678,0.726817078011883
18 , 280 , 0.6689941621853462,0.6118765085731757
18 , 290 , 0.6770039761131548,1.4204301511795507
18 , 300 , 0.6070428540292728,0.6602156706552658
18 , 310 , 0.4952255760434798,0.4279784820627041
18 , 320 , 0.5069984109022374,2.0292465507099293
18 , 330 , 0.5492433980311985,0.5049932915237361
18 , 340 , 0.5323358395800926,0.39631250202470897
18 , 350 , 0.5972682000552069,0.3715172671726881
18 , 360 , 0.6968961593486243,0.8695858198562634
18 , 370 , 0.702374575850976,0.4955970778078841
18 , 380 , 0.8681166872861463,0.43316980616244866
18 , 390 , 0.7533053146990292,1.2049684059254364
18 , 400 , 0.889240902304957,0.4735834453220079
18 , 410 , 0.9763697166741095,0.3249611476842109
18 , 420 , 1.0856551273828912,1.9035406516587963
18 , 430 , 1.296409458924571,0.8048457529337247
18 , 440 , 1.1779894449373338,0.2645917346513171
18 , 450 , 1.255624652167246,0.38992418276933516
18 , 460 , 1.3264547248957685,0.34703517814923
18 , 470 , 1.5903272982858054,0.22693835600805048
18 , 480 , 1.0255257163892462,0.18358008858409197
18 , 490 , 1.5196122471833535,0.2523793744170919
18 , 500 , 1.359311155587486,0.12392505869238325
18 , 510 , 1.3017233180374932,0.16013307852037661
18 , 520 , 1.3019663800790577,0.10457639359653959
18 , 530 , 1.2741737062681318,0.10681506310678468
18 , 540 , 1.2156202763904405,0.16436161860215404
18 , 550 , 0.9888020066258583,0.07390520279303328
18 , 560 , 0.48159493343276377,11.193850286494666
18 , 570 , 0.9138490553166432,1.0
18 , 580 , 0.7700707892610007,1.0
18 , 590 , 0.5964137817832224,1.0
19 , 110 , 0.8501634655361741,1.17478621922199
19 , 120 , 0.9014647189080024,0.7607500185269815
19 , 130 , 0.8112796139154169,1.2478775885904492
19 , 140 , 0.8310938478570732,0.8169726991507518
19 , 150 , 0.8109632896688049,0.9969287890094244
19 , 160 , 0.8158523305209943,0.8441288568439768
19 , 170 , 0.7955200466872719,0.7362855485451851
19 , 180 , 0.8776133061341588,1.008949816687678
19 , 190 , 0.7608032625174836,0.7252894195597149
19 , 200 , 0.6924368408626741,0.7015288633984933
19 , 210 , 0.8849181802138912,0.8091556290348608
19 , 220 , 0.9529722223143944,1.4484604654608741
19 , 230 , 1.0229419304234315,0.7199573367092168
19 , 240 , 0.8754788755300216,0.7141362163003568
19 , 250 , 0.8538069905140457,0.6449350446487108
19 , 260 , 0.9959166985270632,0.7162846853530491
19 , 270 , 1.0022043139809667,0.6761652681697319
19 , 280 , 0.9602863855584198,0.6281725674818803
19 , 290 , 1.182443117458456,0.681004716293527
19 , 300 , 1.2119017488115593,0.77075979790531
19 , 310 , 1.20700362630219,0.8305069190473935
19 , 320 , 1.1443193704338492,0.6745821715428924
19 , 330 , 1.1693420343325993,0.6113964368375053
19 , 340 , 1.1662365564325499,0.7533041606559782
19 , 350 , 1.2943541608097353,1.2266226414952623
19 , 360 , 1.1162458774231057,1.128076736609121
19 , 370 , 0.8564206590101802,1.2057681649650172
19 , 380 , 0.9375286653983239,0.6988230687489454
19 , 390 , 0.9766731076218111,0.8980345178713969
19 , 400 , 1.1593317218696453,0.6701295235119021
19 , 410 , 0.958747910722216,0.983028332204477
19 , 420 , 0.9441585359225695,0.7875003471831729
19 , 430 , 0.9232319906554458,0.9162928810317662
19 , 440 , 0.8877988840597026,0.647770918119432
19 , 450 , 1.1899202438770171,1.2843011282127903
19 , 460 , 1.391879786423771,0.7544755351832175
19 , 470 , 1.4105601889562864,1.1310693930036324
19 , 480 , 1.3861038203991256,0.9672054648132967
19 , 490 , 1.4481246891429282,0.7956104746582847
19 , 500 , 1.3770179887178888,1.4707237623757627
19 , 510 , 1.50973532131517,1.1654032797123115
19 , 520 , 1.3448857925299122,0.8010138336259596
19 , 530 , 1.3770179887178888,1.0547543926778533
19 , 540 , 1.392528513143501,0.833265964155907
19 , 550 , 1.306904808158425,1.6139755430091869
19 , 560 , 1.5184467719456607,0.9029208720676282
19 , 570 , 1.7348604012948612,1.2324556173486179
19 , 580 , 1.7576462176931527,0.8212729007559898
19 , 590 , 1.7576462176931527,1.0023122728730471
19 , 600 , 1.3881457489965805,1.3820748011269481
20 , 110 , 0.9320713514980821,1.0196981715943776
20 , 120 , 0.8716485505034101,0.9144511232294429
20 , 130 , 0.6891768840448523,0.952793439971849
20 , 140 , 0.7109600723672349,0.9482029099763654
20 , 150 , 0.6827106231315139,0.8152192750585692
20 , 160 , 0.7468013809115139,0.8555306045213169
20 , 170 , 0.6655498411925834,0.881450535746975
20 , 180 , 0.6465942951634464,0.6942518165976536
20 , 190 , 0.6287155918208293,0.8020328213307037
20 , 200 , 0.5485710615247028,0.9623238522592042
20 , 210 , 0.4611006498577819,0.9691841755290954
20 , 220 , 0.4355616428637665,0.8077848360355693
20 , 230 , 0.5012975046288521,0.7183575152962699
20 , 240 , 0.49092252679401843,0.7142150516912457
20 , 250 , 0.3754291460727042,0.7934847066009735
20 , 260 , 0.3420488063017323,0.852720162718603
20 , 270 , 0.37929035143722567,1.0161684120066277
20 , 280 , 0.330312070963168,0.9091005612415294
20 , 290 , 0.44118679248340237,0.8220938543853487
20 , 300 , 0.3679222490388834,0.9629346057356892
20 , 310 , 0.36963559066937157,0.8061952383757366
20 , 320 , 0.4091777907878496,0.8014172570256766
20 , 330 , 0.27618667104438427,1.3603625628510208
20 , 340 , 0.27990261554649787,1.0641778158459025
20 , 350 , 0.26153855971642737,0.6908443653659341
20 , 360 , 0.32794848610980165,0.6711267674645838
20 , 370 , 0.4337322103862781,0.7484137110107357
20 , 380 , 0.34156280068851896,0.5137976868026566
20 , 390 , 0.30749703948365015,0.6282687566611574
20 , 400 , 0.3607198839647862,1.0443708246480077
20 , 410 , 0.4118797971404625,0.6080614595920663
20 , 420 , 0.45498825261519765,0.6544751883161398
20 , 430 , 0.36714912406750755,0.6876395484454363
20 , 440 , 0.34709950370974085,0.9599079957245563
20 , 450 , 0.39963444640963935,1.141534453590294
20 , 460 , 0.31715412672169024,0.9648831060192933
20 , 470 , 0.6201024045002503,0.616496637789393
20 , 480 , 0.5609610912170792,0.6707181807666946
20 , 490 , 0.4026968229487557,0.8706059065756114
20 , 500 , 0.40863736343631335,1.2954134131730246
20 , 510 , 0.3746489094921216,0.6942550790620001
20 , 520 , 0.4932511882487349,0.8757673055429911
20 , 530 , 0.5196171493743792,0.8912872942997668
20 , 540 , 0.6968047288598774,0.8356195464824892
20 , 550 , 0.5252624152222675,1.107643774526143
20 , 560 , 0.7074645890036546,0.6982985248775472
20 , 570 , 1.0237836772449933,0.5724584514247344
20 , 580 , 0.9415774530257757,0.6360235812570653
20 , 590 , 1.036688402652458,1.2486091212179944
20 , 600 , 1.0060695158362123,0.6817940721261779
21 , 110 , 0.5138306639895741,0.7366787405759582
21 , 120 , 0.5713827332933941,0.7762906326903137
21 , 130 , 0.5481930919938307,0.7980863111556528
21 , 140 , 0.5029133306748864,0.7912721278766102
21 , 150 , 0.4982384087532365,0.8012768969680983
21 , 160 , 0.49021167002885535,0.7561347420102968
21 , 170 , 0.4835252749906157,0.8354684995609806
21 , 180 , 0.4964582155423235,0.8443833131689427
21 , 190 , 0.5118849829687163,0.8191017607160628
21 , 200 , 0.5101980357080054,1.0180146532860945
21 , 210 , 0.6390890403750396,0.7275844488563756
21 , 220 , 0.6306213628936241,0.6298403656472128
21 , 230 , 0.6007807953010731,0.790243995855491
21 , 240 , 0.5732920826832137,0.9260007390665945
21 , 250 , 0.6766414448202275,0.7070265000400522
21 , 260 , 0.5750752590916695,0.7802422729769174
21 , 270 , 0.6376483519435682,0.7095891378683816
21 , 280 , 0.672013437343493,0.7518010878734389
21 , 290 , 0.7362546337825583,0.6510791816370726
21 , 300 , 0.7422915973720966,1.0161848151354196
21 , 310 , 0.752889538878154,0.640010904286723
21 , 320 , 0.7455193692657038,0.8210186333273579
21 , 330 , 0.7936060825651053,0.6528537037777055
21 , 340 , 0.7123285709286512,0.8263860026725104
21 , 350 , 0.7351638381600912,0.6840526651883629
21 , 360 , 0.8538763840607032,0.722799206027041
21 , 370 , 0.7737981043826254,0.7346782975621643
21 , 380 , 0.7333865336193433,0.819155047772646
21 , 390 , 0.7569953472458627,1.082766564172959
21 , 400 , 0.6808590050834884,0.8046170076643275
21 , 410 , 0.7022799912255973,0.7879980694753569
21 , 420 , 0.689544403628719,0.7986082099165581
21 , 430 , 0.641720155736268,0.6743426920228576
21 , 440 , 0.7070284464999975,0.6435616650692306
21 , 450 , 0.5314971579232252,1.0340342862346086
21 , 460 , 0.6745478614545742,0.7383385542742047
21 , 470 , 0.7147401754697338,0.7592352444791403
21 , 480 , 0.5775364459021547,0.7663073461829802
21 , 490 , 0.6110758388167943,0.6428593033183552
21 , 500 , 0.5509195884655184,0.6796743730703493
21 , 510 , 0.6855999149030937,0.6494284550802001
21 , 520 , 0.6128027882763,0.6462883592518734
21 , 530 , 0.5708516751291034,0.6078986668713163
21 , 540 , 0.5469571799652784,0.9799197246183725
21 , 550 , 0.6412761441578191,0.6678727153853078
21 , 560 , 0.5606376602209324,0.6082892185721249
21 , 570 , 0.5019433142702371,0.7081638122647357
21 , 580 , 0.5882077998665828,0.860505233005032
21 , 590 , 0.4724658338535812,0.8715167588098284
21 , 600 , 0.44770611575928443,0.5967410129681608
22 , 110 , 0.5379703317077635,0.8748999939948767
22 , 120 , 0.49332680449906724,0.7439027806803667
22 , 130 , 0.49978267385007186,0.8945794961592727
22 , 140 , 0.4468475320612488,0.8586985931810275
22 , 150 , 0.5022316891500801,0.7348242412474725
22 , 160 , 0.5159670327484273,0.7025746480233859
22 , 170 , 0.5189084127109155,0.6975867221825496
22 , 180 , 0.5003551490801649,0.659932389052419
22 , 190 , 0.5069129316719256,0.7731494330644004
22 , 200 , 0.4630238066880828,0.7790855633705058
22 , 210 , 0.47419221534055694,0.8657019333849525
22 , 220 , 0.4853792077950164,0.9426348543102733
22 , 230 , 0.4537587241785382,0.8273394657820936
22 , 240 , 0.440727012916084,0.7758172763365387
22 , 250 , 0.5117912128196687,1.021445351302451
22 , 260 , 0.5604741343788419,0.9323264972357068
22 , 270 , 0.5011233688974338,0.7849473981442938
22 , 280 , 0.48567374081843445,0.7531604950634565
22 , 290 , 0.5243627781807488,0.8934737900749268
22 , 300 , 0.4946778500860909,0.8840041273459225
22 , 310 , 0.3946253028755079,0.6569231443829391
22 , 320 , 0.3878119118929364,0.832807717319108
22 , 330 , 0.33325104699420344,0.7564407662954675
22 , 340 , 0.36842827524839916,0.9978523850719926
22 , 350 , 0.3397063456285875,0.9318920463844095
22 , 360 , 0.3132038451667906,0.9792735421092996
22 , 370 , 0.31950092047649564,0.8152172786758759
22 , 380 , 0.3408236285961528,0.8270015968912303
22 , 390 , 0.430160818902085,0.8985729675720922
22 , 400 , 0.3866045379292434,1.0108952761886552
22 , 410 , 0.37987116926320735,1.0015587596750575
22 , 420 , 0.3765439210182901,1.0190802626067939
22 , 430 , 0.39324755331122374,0.7925977895538444
22 , 440 , 0.3879399526895792,0.8675225404294225
22 , 450 , 0.3592523274943459,0.8098663031334434
22 , 460 , 0.34986883227218896,0.8917001139120756
22 , 470 , 0.3399078464754078,0.7891219110174489
22 , 480 , 0.3345458282032276,0.7398537498511457
22 , 490 , 0.37488504511064397,0.8318804904355478
22 , 500 , 0.3139014975419857,1.1377019521007705
22 , 510 , 0.32591636846261646,1.349642520073461
22 , 520 , 0.3174058729055945,0.9449319067679105
22 , 530 , 0.3493216264674147,0.9589440176726994
22 , 540 , 0.3925490544492448,0.7198582559545461
22 , 550 , 0.2874655851849825,1.1924473134847469
22 , 560 , 0.48296620166737875,1.1551381496279969
22 , 570 , 0.544182565193102,0.8777583760772175
22 , 580 , 0.49997130503549814,0.9745381857294558
22 , 590 , 0.47946223259187704,0.9478755490220938
22 , 600 , 0.48102475492856367,0.8872139713331593
23 , 110 , 0.5494069810369087,0.7775629091520866
23 , 120 , 0.5856548801779744,0.7217190612689811
23 , 130 , 0.633083582578603,0.8063778471645885
23 , 140 , 0.5907095559879709,0.7443106617707016
23 , 150 , 0.6086937854954529,0.7901641852815552
23 , 160 , 0.5557351634352184,0.764979223803724
23 , 170 , 0.7405015218756097,0.9221974611733573
23 , 180 , 0.731025731021763,0.7531429589850165
23 , 190 , 0.6897274941722759,0.7587867281456186
23 , 200 , 0.5824038148827472,0.8044806263930169
23 , 210 , 0.6783963163126115,0.8570368174907323
23 , 220 , 0.7089376734477293,0.9775263742033777
23 , 230 , 0.7101116516401628,0.7179925749247685
23 , 240 , 0.7852729102724777,0.8107080647375716
23 , 250 , 0.805084416109395,0.6665734920969724
23 , 260 , 0.7834895232948866,0.8361233163535625
23 , 270 , 0.849765677624832,0.8304953144725566
23 , 280 , 0.758318159093039,0.8059637368532238
23 , 290 , 0.8366157618162966,0.7566732549271223
23 , 300 , 0.71414490773076,0.917486131510575
23 , 310 , 0.7020925781898063,0.8060968911193162
23 , 320 , 0.71522935936344,0.8092412470759077
23 , 330 , 0.697101297860931,0.6876881701594924
23 , 340 , 0.6751819152065478,0.7485068986327451
23 , 350 , 0.6416898311827381,0.9034704816392756
23 , 360 , 0.6613874381730867,0.751730233498816
23 , 370 , 0.6815243277407919,0.8384891041624583
23 , 380 , 0.6912896056281325,0.8579325904961831
23 , 390 , 0.6857285128249674,0.7680219449795307
23 , 400 , 0.756066997328995,0.7681572362757122
23 , 410 , 0.6984397276367815,0.8349547066520158
23 , 420 , 0.7239440592184787,0.7579083183434437
23 , 430 , 0.7020875507895956,0.8530775417782603
23 , 440 , 0.7061887859770374,0.6395588936230752
23 , 450 , 0.7157770540778364,0.8898768351468315
23 , 460 , 0.6634508831991784,0.7588866631816962
23 , 470 , 0.7027210505138504,0.6674068583755781
23 , 480 , 0.6592462904824604,0.7813464322763432
23 , 490 , 0.6697470494469457,0.6650256156381014
23 , 500 , 0.6036277921713968,0.7343704557122553
23 , 510 , 0.6384036458095287,0.8485440267980338
23 , 520 , 0.6559452302089976,0.5898063365932436
23 , 530 , 0.5719979320777345,0.7066565747822459
23 , 540 , 0.6738582671291332,1.2734531524507455
23 , 550 , 0.590666874207883,0.7414097857935669
23 , 560 , 0.6651896905226499,0.9971519416825482
23 , 570 , 0.7695996723859201,0.8850951595937248
23 , 580 , 0.6434312804169499,0.708865873852441
23 , 590 , 0.6130560750639608,0.9769570647023482
23 , 600 , 0.6028509249636497,0.9544498793653132
24 , 110 , 0.5469434755619502,0.9097581073374044
24 , 120 , 0.5124580349183702,0.7491638968554991
24 , 130 , 0.6234412737112202,0.9123194751811308
24 , 140 , 0.43877498922279945,0.7579537260426853
24 , 150 , 0.46006853083279353,1.315191775239506
24 , 160 , 0.48021142381182536,0.9302805620291312
24 , 170 , 0.49451969304760884,0.7195603459126266
24 , 180 , 0.5740335702823115,0.7831329294985969
24 , 190 , 0.5181932117079953,1.0574095780980224
24 , 200 , 0.5538404974255358,0.7621452553819772
24 , 210 , 0.5609765596030893,0.7149058881546928
24 , 220 , 0.5881638484919158,0.7959178016122374
24 , 230 , 0.6863099772940701,1.130031296756898
24 , 240 , 0.6839580985428635,0.7487210815984261
24 , 250 , 0.7627928368696806,0.7127123789589809
24 , 260 , 0.6616730272691497,0.9544233116112468
24 , 270 , 0.7645397116140559,0.7746527254424262
24 , 280 , 0.8502875951706801,1.4282752129260001
24 , 290 , 0.6736492440250755,0.7161684836135472
24 , 300 , 0.6898375323319166,0.830363514639162
24 , 310 , 0.8081266424559356,0.8408021791142165
24 , 320 , 1.0152348582866342,0.7132372179590261
24 , 330 , 1.0184679286534415,0.7592272209773526
24 , 340 , 0.9453699562290239,0.6667658556923556
24 , 350 , 0.912680743709796,0.6501781891162156
24 , 360 , 0.9313046780679299,0.8122990012235064
24 , 370 , 0.8678122543265284,0.7412788158526733
24 , 380 , 0.8542162218607263,1.3536796024808568
24 , 390 , 0.8553022167536021,0.6575149486367092
24 , 400 , 0.8899640790412908,1.2304742143537846
24 , 410 , 0.8479168599197698,1.1893569544103566
24 , 420 , 0.8599615258462275,0.7950676347257002
24 , 430 , 0.848366106450848,0.9731848263912586
24 , 440 , 0.8284756736210457,0.8053799140686699
24 , 450 , 0.8131201492549192,1.153478257544318
24 , 460 , 0.7742801671375245,0.7726283843000769
24 , 470 , 0.7573183287723229,0.7895812816681868
24 , 480 , 0.7193917560351526,0.8585548263772252
24 , 490 , 0.7083315696248053,1.2569008585622383
24 , 500 , 0.7067063828233073,0.7416020623991572
24 , 510 , 0.6956300686390062,0.7553210034579524
24 , 520 , 0.7070460780460424,0.8953368702815782
24 , 530 , 0.7109945083694351,0.8229318870785612
24 , 540 , 0.7210640031862124,1.1945891470647472
24 , 550 , 0.649224956675706,1.0629981662946923
24 , 560 , 0.7004164261189212,1.0177087251885917
24 , 570 , 1.0595285082943258,0.7865254293152873
24 , 580 , 0.8477987839077482,0.6930647587503052
24 , 590 , 0.8477987839077482,1.251535862494993
24 , 600 , 0.92230287500935,0.6978633110092305
25 , 110 , 0.7836030251446356,0.8166842473519808
25 , 120 , 0.786802441153737,0.8200575261511145
25 , 130 , 0.770054225532425,0.795771205109891
25 , 140 , 0.6508466767223071,0.7219359755651623
25 , 150 , 0.6745877768508394,0.8569170630248428
25 , 160 , 0.7513369785873837,0.7461702001205828
25 , 170 , 0.7492716506906418,0.739041375109373
25 , 180 , 0.8821749839407408,0.8686949861706685
25 , 190 , 0.8610173303269656,0.7779532998889824
25 , 200 , 0.8608204847135907,0.9573548771122414
25 , 210 , 0.9750449302975269,0.7966698347599112
25 , 220 , 0.9190471225379067,0.7497867960305484
25 , 230 , 0.913236180939708,0.7641683166354774
25 , 240 , 0.9066080811279497,1.0104069022200057
25 , 250 , 1.0406366537314606,0.7516030976469138
25 , 260 , 0.8180067177073478,0.7135466943638596
25 , 270 , 0.8126555086723755,0.721039466133349
25 , 280 , 0.7924406061505609,0.6805403465828503
25 , 290 , 0.7556824677487198,0.765202316396903
25 , 300 , 0.6718508756846829,0.6949633641181818
25 , 310 , 0.6383382873181991,0.7657500193997445
25 , 320 , 0.6665803855470676,0.7155590780658684
25 , 330 , 0.7318431839960793,1.065727341507142
25 , 340 , 0.760203676523249,0.658603236913779
25 , 350 , 0.8223256045046444,0.6715745152960565
25 , 360 , 0.8134680627542353,0.7010889691571693
25 , 370 , 0.7765437073135895,0.5899077341841696
25 , 380 , 0.808984669976734,0.7308271766056845
25 , 390 , 0.6453830812271527,1.0142509641124207
25 , 400 , 0.7208814487562091,0.6214938674164503
25 , 410 , 0.7117477234812127,0.9733742843015177
25 , 420 , 0.6612929007843481,0.6400374534570281
25 , 430 , 0.6309137760024159,1.093024015118601
25 , 440 , 0.7192514067837212,0.7886359459616248
25 , 450 , 0.6311568670629188,0.6469972169184425
25 , 460 , 0.5731360496806279,0.5651012995297339
25 , 470 , 0.6411110883696691,0.8467007399537593
25 , 480 , 0.7426958430971439,0.5553837617037374
25 , 490 , 0.7319285978227109,0.5660083344979524
25 , 500 , 0.6343426510812274,0.5984922422782496
25 , 510 , 0.5261887173668617,1.0312994125145534
25 , 520 , 0.4748454889791912,0.745820752878806
25 , 530 , 0.6492567571072114,1.0160806179253927
25 , 540 , 0.6498487053122245,0.6733965736096605
25 , 550 , 0.48874740710930664,0.6118124592588974
25 , 560 , 0.6668322577322764,0.7657611471359395
25 , 570 , 0.589331571992365,0.6181355490480441
25 , 580 , 0.4807825881510363,0.5017746576256497
25 , 590 , 0.6995240477120008,0.5491936507782069
25 , 600 , 0.6345457719184359,0.6591198266875485
26 , 110 , 0.7014961254499221,0.8142705481001598
26 , 120 , 0.7360211884598861,0.989842423803484
26 , 130 , 0.677996486678452,0.8431776719314992
26 , 140 , 0.7208931036485587,1.003391412993605
26 , 150 , 0.7349213841821377,0.7908004034474783
26 , 160 , 0.6862152840393178,0.9581213464909047
26 , 170 , 0.7252495482967626,0.7738694911078321
26 , 180 , 0.7867034206219269,1.0205957813496378
26 , 190 , 0.849129747190367,0.7552482780648573
26 , 200 , 0.8511049838830529,0.9320107581489547
26 , 210 , 0.903948062874876,0.8038663653481356
26 , 220 , 0.9108003201630149,0.9061992350145076
26 , 230 , 1.048347747965242,1.0591264118760193
26 , 240 , 1.0291428208978397,0.864597158071949
26 , 250 , 1.0074364442424686,0.810839445548078
26 , 260 , 1.2319416977561188,0.8061247426539154
26 , 270 , 1.1630575083127597,0.7922798833313542
26 , 280 , 1.1775515803140404,0.8259673558366026
26 , 290 , 1.1454647088723606,0.8509450517498082
26 , 300 , 1.141173631113889,0.9792072087370782
26 , 310 , 1.1208402756765012,1.009175190837255
26 , 320 , 1.3716341498879119,0.8274888520327972
26 , 330 , 1.3587115264761571,0.8222724017367488
26 , 340 , 1.3172273483878705,0.8629930800080445
26 , 350 , 1.3078607305603782,0.7953080235575269
26 , 360 , 1.2620151420860601,0.7638898525881058
26 , 370 , 1.5494418646320733,0.9848220571239092
26 , 380 , 1.4838445266822793,0.987085513046601
26 , 390 , 1.5013779064987967,0.7043382946365778
26 , 400 , 1.4306302240713968,1.235710943791594
26 , 410 , 1.4775617071053666,0.8244098552956698
26 , 420 , 1.3792444423190258,0.7776303272415945
26 , 430 , 1.3593547267495218,0.7568243667208108
26 , 440 , 1.8271298310014241,0.9998717640410625
26 , 450 , 1.7653398043655404,0.7702761406683439
26 , 460 , 1.4574709131802979,0.6957286501385328
26 , 470 , 1.3564977805281493,1.086810967169078
26 , 480 , 1.6914379813219134,1.0182962966134885
26 , 490 , 1.654637400440672,1.1958836370051311
26 , 500 , 1.7180651346524167,1.0731396098415205
26 , 510 , 1.6871618552976997,0.9243448217638419
26 , 520 , 1.591846348597652,0.8587881691373205
26 , 530 , 1.5042490585590862,1.418539986651833
26 , 540 , 1.5896310492989616,0.8910270948317814
26 , 550 , 1.6113224565576623,0.9632397223449679
26 , 560 , 1.5293386794001054,1.004380462376444
26 , 570 , 1.5453462585603899,0.8630114758245373
26 , 580 , 1.2878958159078233,0.8753457468279916
26 , 590 , 1.359849428192686,1.2418161926795805
26 , 600 , 1.2598301796221734,0.9311838351447024
27 , 110 , 0.8037632381951101,0.815377739761527
27 , 120 , 0.8045723130930298,0.7477044760201175
27 , 130 , 0.7799831198932493,0.7046977214907868
27 , 140 , 0.84039370807018,0.7683171096350315
27 , 150 , 0.8124114380384327,0.8397626098557837
27 , 160 , 0.7711745319606342,0.8715915217994206
27 , 170 , 0.7903842674945809,0.7740498347070132
27 , 180 , 0.7872791963045782,0.857064569389693
27 , 190 , 0.7757235921802378,0.9148463184533352
27 , 200 , 0.7404993000867083,1.0048026221126567
27 , 210 , 0.8113239564379295,0.7057552102917999
27 , 220 , 0.7586416322851155,0.8801158058302454
27 , 230 , 0.7373182336103582,0.7976174946622736
27 , 240 , 0.7646319497472864,0.9777216858895382
27 , 250 , 0.8500321522896879,0.7250288144528845
27 , 260 , 0.85624833407228,0.7454552818417993
27 , 270 , 0.8257307103833181,0.7992270055309332
27 , 280 , 0.8071420947569511,0.8276109101057679
27 , 290 , 0.6673022558269842,0.7164399088593897
27 , 300 , 0.7766370529462145,0.824779398168264
27 , 310 , 0.7068429235283742,0.7715899602855897
27 , 320 , 0.7088034480193698,0.7790967633942647
27 , 330 , 0.6866584624128582,0.6726109559906889
27 , 340 , 0.6364020678975751,0.7106042948042205
27 , 350 , 0.6050868811008768,0.8059886407548555
27 , 360 , 0.6249194130643312,0.8675375341197973
27 , 370 , 0.6298139284852201,1.534269490323169
27 , 380 , 0.558080073071081,0.6646004992627921
27 , 390 , 0.5605984099747046,1.0258196493133704
27 , 400 , 0.5212786667445317,0.5985593173601155
27 , 410 , 0.5118748446210175,0.5739930103188068
27 , 420 , 0.4656254025739556,0.6900577141021669
27 , 430 , 0.4172304847095446,1.0624047302855886
27 , 440 , 0.4502811882240918,0.7121353407818087
27 , 450 , 0.5116972088845444,0.6541806271891305
27 , 460 , 0.4829972253702935,0.5805074521182669
27 , 470 , 0.5287962983177362,1.4386555816082163
27 , 480 , 0.533661138631466,0.6594997475396488
27 , 490 , 0.519556493640542,0.625106931711521
27 , 500 , 0.5266483548780553,0.765151471606914
27 , 510 , 0.4349661118747299,0.6389645629652214
27 , 520 , 0.4602751483757254,0.7129347977234535
27 , 530 , 0.40483062875501385,1.0982096149009657
27 , 540 , 0.45945230623586236,0.6679894119938188
27 , 550 , 0.4656080239938738,0.5832094021212139
27 , 560 , 0.5039466019815848,0.7906820436508559
27 , 570 , 0.45974351776149125,0.6305682078052345
27 , 580 , 0.4711596356412273,0.6962087516938704
27 , 590 , 0.4132870291758969,0.6458805750060005
27 , 600 , 0.30171623842931516,0.8461332630922941
28 , 110 , 8.721829942080735,0.5315126637071265
29 , 110 , 0.7884387613444789,0.7077466931710537
29 , 120 , 0.758912682109087,0.7595656968774129
29 , 130 , 0.7589752108908352,0.7728342024519059
29 , 140 , 0.8440631524264686,0.739889849864303
29 , 150 , 0.8578265799578193,0.9319444197451989
29 , 160 , 0.8405300380660442,0.7599528588001234
29 , 170 , 0.7280982367115859,0.7484224322465488
29 , 180 , 0.7404998723308045,0.856289035531771
29 , 190 , 0.7138013745050227,0.6490574618754676
29 , 200 , 0.7254328264416803,1.0228395061815179
29 , 210 , 0.785274157569087,0.7508301964468398
29 , 220 , 0.6816020101487892,0.6764150104941772
29 , 230 , 0.7205494869931318,0.7247791992655391
29 , 240 , 0.6984324274093235,0.6240548247073141
29 , 250 , 0.6899037854657631,0.8206166757606395
29 , 260 , 0.7140514724555288,0.7064637469781427
29 , 270 , 0.703164137800542,0.7537593282967269
29 , 280 , 0.6727612854618339,0.6389994500502781
29 , 290 , 0.6339884255149483,0.638891757304267
29 , 300 , 0.6748819614859954,0.6859450089533986
29 , 310 , 0.6673003542069467,0.7836983871393767
29 , 320 , 0.6298624599697802,0.6248466669220357
29 , 330 , 0.5642087166564653,0.7484871403120512
29 , 340 , 0.5865413019071433,0.8186422276466742
29 , 350 , 0.5621378611956963,0.7033098788233931
29 , 360 , 0.5406495459802627,0.6268491365850409
29 , 370 , 0.4628675321757958,0.783095651935757
29 , 380 , 0.47020812146278884,0.4713818311880534
29 , 390 , 0.4197169061807608,0.9727104354658477
29 , 400 , 0.5002362892025458,0.6356046386697649
29 , 410 , 0.4940939440630784,0.6265707940819848
29 , 420 , 0.4393833868730522,0.5383171704967246
29 , 430 , 0.5415713779232244,0.6131398185926681
29 , 440 , 0.5433111571075967,0.5432565337733476
29 , 450 , 0.45086425065120644,0.7651645703703531
29 , 460 , 0.6099863598777879,0.6010338132911709
29 , 470 , 0.5873395903772481,0.49558022637578697
29 , 480 , 0.5558027165825499,0.5213593402558834
29 , 490 , 0.5196462078742765,0.5228957641858226
29 , 500 , 0.4843129719148619,0.47860880494332914
29 , 510 , 0.5776550367024947,1.7686332082148786
29 , 520 , 0.4210877699687881,0.9779746540407973
29 , 530 , 0.5175381453133026,0.5546557654430379
29 , 540 , 0.476719374882189,0.6061257601169144
29 , 550 , 0.48293488628730463,0.5604705292351524
29 , 560 , 0.4572504556731987,0.6198936758359351
29 , 570 , 0.43856141691441985,0.7033373562605298
29 , 580 , 0.3379840747318776,0.4786397924146287
29 , 590 , 0.2766000105020952,0.5934544053518319
29 , 600 , 0.18175217373494945,0.5696132801671692
30 , 110 , 0.5066707315325647,0.7594702559400177
30 , 120 , 0.5534803384589176,0.7679486741638291
30 , 130 , 0.5081916313820096,0.8047166967343408
30 , 140 , 0.4915679307857104,0.7941312213156492
30 , 150 , 0.517554125565933,0.7867730500736316
30 , 160 , 0.5356074205910014,0.7836478554815332
30 , 170 , 0.499070959702639,0.7322253618717943
30 , 180 , 0.4895646118679836,0.848559112324293
30 , 190 , 0.49239744380380357,0.8170788033160999
30 , 200 , 0.4617688643314434,0.8567256152731172
30 , 210 , 0.468860561118445,0.7625781141204414
30 , 220 , 0.426914626506964,0.8048663914564579
30 , 230 , 0.3160178982105228,0.7781913087352486
30 , 240 , 0.30314509541995044,0.803364288047812
30 , 250 , 0.3375117784046224,0.7876764502616992
30 , 260 , 0.3559633944365183,0.7420835834340465
30 , 270 , 0.4329332203157137,0.9845788398871987
30 , 280 , 0.41391977018814474,0.808885414888464
30 , 290 , 0.43752197413628996,0.9835495143251125
30 , 300 , 0.3769396654697817,0.8550309045937766
30 , 310 , 0.3614453475422876,1.025034455174837
30 , 320 , 0.45763206052038147,0.6677928185695693
30 , 330 , 0.5672884711998855,0.7542601122954622
30 , 340 , 0.621099639741774,0.7786663741978509
30 , 350 , 0.6260765421345771,0.6904025126086056
30 , 360 , 0.6216693235426107,0.7529797562654119
30 , 370 , 0.5969759472458759,0.795291280007342
30 , 380 , 0.7312978088639913,0.7416981873628028
30 , 390 , 0.737176709047858,0.9254784474719199
30 , 400 , 0.7122401517869225,0.6980829311372332
30 , 410 , 0.9045292699833787,0.7582156339834806
30 , 420 , 0.9044136132726329,0.9259770063736815
30 , 430 , 0.8639868617976375,0.7633446323074303
30 , 440 , 0.9788964806889662,0.7884687788560987
30 , 450 , 1.00865460024762,0.9866898243911726
30 , 460 , 1.0080871555873565,0.7146676151319471
30 , 470 , 0.9953589037931755,0.7197130220856578
30 , 480 , 1.0194569376810483,0.9682755060090813
30 , 490 , 1.0016705308541587,0.747005277108963
30 , 500 , 1.0004098523087415,0.7212959545342373
30 , 510 , 0.9410029241812939,1.4540853041246717
30 , 520 , 0.9214477974709016,0.7145693160485748
30 , 530 , 0.9296349971703486,0.7096077327360489
30 , 540 , 0.9392805607247785,0.7791508159518339
30 , 550 , 0.9362067611269448,0.8951677573431054
30 , 560 , 0.9417425874616959,0.9644855256894258
30 , 570 , 0.9547150658313555,0.8396706746680505
30 , 580 , 0.9276625528531779,0.9768060146595012
30 , 590 , 0.9145245576567351,0.7504186796009975
30 , 600 , 0.8801207964180385,0.7366006340729796
32 , 110 , 0.9049073181312545,0.7273874674700178
32 , 120 , 0.8986386970428358,0.7518245724423995
32 , 130 , 0.9032835408596982,0.7800274581942946
32 , 140 , 0.9090110218473655,0.7782188745155819
32 , 150 , 0.9000653005261411,0.7715698178146955
32 , 160 , 0.8528289188947903,0.7346897893810435
32 , 170 , 0.8295810295856062,0.8587100907773431
32 , 180 , 0.8481468483137325,0.7645472374186216
32 , 190 , 0.8559657770798663,0.8002521503593942
32 , 200 , 0.8638551029565341,0.7112659467986884
32 , 210 , 0.8560456351181301,0.7992572887206222
32 , 220 , 0.8456579309752034,0.7784761309991765
32 , 230 , 0.8361934232028367,0.7326925209861609
32 , 240 , 0.8254035476500191,0.7280349427262617
32 , 250 , 0.8321228089535587,0.6901041993767234
32 , 260 , 0.8247148633109247,0.7761645906393269
32 , 270 , 0.8179553386786788,0.7555791266542516
32 , 280 , 0.9080925180106534,0.8611765266035383
32 , 290 , 0.892857907649834,0.8160364123729719
32 , 300 , 0.9428037877453384,0.9113364135274379
32 , 310 , 0.9147244522655079,0.8234907705389842
32 , 320 , 0.9759784800528191,0.6640544917540881
32 , 330 , 0.8849630929279764,0.8376788695836762
32 , 340 , 0.931214815623223,1.3594496470491244
32 , 350 , 0.8975196710284832,0.9679078268773399
32 , 360 , 0.9378151099284315,1.1693491862894296
32 , 370 , 0.9540532576119707,0.7676136428149136
32 , 380 , 0.877001067951925,0.7135345059869653
32 , 390 , 0.8950225969404676,0.8862454641660278
32 , 400 , 0.8399546921031598,0.8557992485053502
32 , 410 , 0.8567458928199628,0.8666384088532934
32 , 420 , 0.9076772764600762,0.8008924465711328
32 , 430 , 0.8705634811198808,0.9015082448315688
32 , 440 , 0.855508838662951,0.7212050879835219
32 , 450 , 0.8336939945047872,0.6399481776070323
32 , 460 , 0.8901833445488494,1.0260077556555942
32 , 470 , 0.8715620873133602,0.913813668323647
32 , 480 , 0.8990177162112467,1.1900364939510648
32 , 490 , 0.9497728489292067,0.8003456922351104
32 , 500 , 0.8726655417340391,0.927525280745808
32 , 510 , 0.7976727945574982,1.1798612036359295
32 , 520 , 0.8059430053369675,0.6885854710265682
32 , 530 , 0.7972388453137219,0.7306122648820835
32 , 540 , 0.7340577489080531,0.7006620850943586
32 , 550 , 0.9226057230376754,0.7957341308663112
32 , 560 , 0.8466674285740008,0.816456000825408
32 , 570 , 0.8981672373996875,0.717640695504281
32 , 580 , 0.875232761687441,0.7765392913830642
32 , 590 , 0.9256319305627323,1.721812844245373
32 , 600 , 1.128946682722413,1.0445670139273382
33 , 110 , 2.6256427980747983,1.6511040579522553
33 , 120 , 3.31713347282339,0.5657754426251503
33 , 130 , 4.2365765667012925,0.9532727873301311
33 , 140 , 3.70748246949589,0.8340856576458932
33 , 150 , 9.703028971095925,1.0
34 , 110 , 2.320392418476945,0.7025744592320561
34 , 120 , 3.0698942049368467,0.8187260052274047
34 , 130 , 5.170996189365706,0.3185021726543731
35 , 110 , 0.6134752454668032,0.8328742747288557
35 , 120 , 0.6326952665007545,0.7261159166880575
35 , 130 , 0.6375923540305273,0.7167320417321331
35 , 140 , 0.6448955856256948,0.6454135820337759
35 , 150 , 0.7200318276007712,0.8247086945693539
35 , 160 , 0.7744763391015005,0.7205421742709058
35 , 170 , 0.8630111244606062,0.7580413963466686
35 , 180 , 0.8771838926940653,0.766959940364488
35 , 190 , 0.8463005251139425,0.7795698093292237
35 , 200 , 0.8342658732903172,0.7541436835099428
35 , 210 , 0.8153259645439483,0.8253678089965871
35 , 220 , 0.8400038213204353,0.8706832029325962
35 , 230 , 0.8190583379380548,0.7869543015435135
35 , 240 , 0.8059769669442663,0.7939436699359997
35 , 250 , 0.8629812958898243,0.7141171390420128
35 , 260 , 0.8766090999515705,1.3112317133106064
35 , 270 , 0.9725787725218271,1.0520552784128587
35 , 280 , 1.0258891458068997,0.8024968564556956
35 , 290 , 1.0308004264770918,0.7287365081491333
35 , 300 , 0.9295310206527742,0.7329189971713794
35 , 310 , 1.0167620081585946,0.8453827927647141
35 , 320 , 0.692858792484557,0.6993468907510769
35 , 330 , 0.7237544286658412,0.7796232552075052
35 , 340 , 0.6626800829132864,0.7228895648951145
35 , 350 , 0.7178952027910573,0.6977756146725569
35 , 360 , 0.7552036672429512,0.7150609628195694
35 , 370 , 0.6688681389710661,0.9029738199497944
35 , 380 , 0.7249770756094552,0.77535821256382
35 , 390 , 0.7093342940604269,0.7397666611195561
35 , 400 , 0.7626440947884612,0.840259983505406
35 , 410 , 0.6731701457808545,0.7212938514017043
35 , 420 , 0.8315920062070302,0.8866492254740163
35 , 430 , 0.7209651003984487,0.7523492547454613
35 , 440 , 0.7329223393657993,0.7372601046131475
35 , 450 , 0.7034519441242701,0.7630868801542215
35 , 460 , 0.6806163649461897,0.722136703268489
35 , 470 , 0.6991696585322913,0.7520489407242889
35 , 480 , 0.7183796938980332,0.7005424537680186
35 , 490 , 0.7050750167586634,0.7289931078426471
35 , 500 , 0.7722206900347469,0.787825070504767
35 , 510 , 0.9169244674322603,0.6896397426215464
35 , 520 , 0.9506132147409645,0.6307046937345531
35 , 530 , 0.9114082046669555,0.6886695198600452
35 , 540 , 0.8642258146173091,0.6582398147701428
35 , 550 , 0.9057132880618459,0.7462572109754824
35 , 560 , 0.849829289545623,0.7254367953854067
35 , 570 , 0.8988336636635449,0.8685287084536685
35 , 580 , 1.0114299212859468,0.8349612058920195
35 , 590 , 0.9864717172973875,0.7111834244214906
35 , 600 , 0.9388700612971281,0.6811733299759309
36 , 110 , 0.7328375717678216,0.8166332475598241
36 , 120 , 0.7455774181036041,0.7786055827582175
36 , 130 , 0.724691605529503,0.8359737050218682
36 , 140 , 0.721309672445392,0.776944661772201
36 , 150 , 0.7180321707354725,0.9052859450245809
36 , 160 , 0.7171630719751754,0.6966021395123461
36 , 170 , 0.7015801266135645,0.897728167278215
36 , 180 , 0.7034391459543489,0.8111516413680943
36 , 190 , 0.6896205491329298,0.7032951891454465
36 , 200 , 0.6808384424429724,0.7198784304210433
36 , 210 , 0.7014500128157262,0.8031550930970576
36 , 220 , 0.6715898806597923,0.7988519034174991
36 , 230 , 0.7075341847848202,0.7795703605675705
36 , 240 , 0.7354905904442732,0.6480289971641149
36 , 250 , 0.6897669228747161,0.7821037224840794
36 , 260 , 0.6794123203083122,0.7581150508595503
36 , 270 , 0.7718515825553529,0.7583775366876575
36 , 280 , 0.8434849761961899,0.723460862717555
36 , 290 , 0.863738540297259,0.7211300421636119
36 , 300 , 0.8902608290141982,0.7344778366499232
36 , 310 , 0.8452920368183787,0.8040123654899662
36 , 320 , 0.806142551251483,0.7675135260366281
36 , 330 , 0.8028728903367095,0.7205353386079235
36 , 340 , 0.7886625397654062,0.725903301609504
36 , 350 , 0.7802757220870574,0.6498876474171236
36 , 360 , 0.7303080612384723,0.8840367124229711
36 , 370 , 0.72351116508763,0.7184957231180011
36 , 380 , 0.726956885831735,0.7895858452014475
36 , 390 , 0.6910582358341938,0.6919240270997101
36 , 400 , 0.6829352178192474,0.7597216927597674
36 , 410 , 0.6870342554787722,0.8004864693006947
36 , 420 , 0.6629682798816269,0.9307225458051716
36 , 430 , 0.6578745667373512,0.7690025604397059
36 , 440 , 0.673339870043032,0.6681660240456884
36 , 450 , 0.6223961119936027,0.6730989280415166
36 , 460 , 0.693838808872424,0.825168295083642
36 , 470 , 0.604069967588048,0.6668059831404911
36 , 480 , 0.5879570135158665,0.7549368494879226
36 , 490 , 0.6306380772984351,0.661464269935898
36 , 500 , 0.62079316625579,0.6539400522716421
36 , 510 , 0.6061915422940534,0.6270175188779534
36 , 520 , 0.6703184811738243,0.675546562294643
36 , 530 , 0.7655056447203837,0.6910225321667776
36 , 540 , 0.6289179302806044,1.3233223972509705
36 , 550 , 0.5965248500814515,0.884001858860998
36 , 560 , 0.5935679810513904,0.7756840814891285
36 , 570 , 0.7792301877015236,0.6478026057883662
36 , 580 , 0.7568513706674769,0.7130699539675849
36 , 590 , 0.6387446223359616,0.8620716757532793
36 , 600 , 0.7424468889756564,0.7877055960230703
37 , 110 , 0.685648281548456,0.8091220159391751
37 , 120 , 0.6556229915428025,0.8871781706117607
37 , 130 , 0.5900031817643377,0.8570015641188267
37 , 140 , 0.5496638340356589,0.7465287909512263
37 , 150 , 0.5376523348799299,0.8333687180948881
37 , 160 , 0.5938345850166388,0.7192019500691914
37 , 170 , 0.6618727532385124,0.840820694433025
37 , 180 , 0.5971331671685172,0.9551462573413025
37 , 190 , 0.6003680887126551,0.7677902890055823
37 , 200 , 0.5664774962655295,0.7379219563402545
37 , 210 , 0.4753733678851283,0.8235856186308301
37 , 220 , 0.5781238872896117,0.702926302525044
37 , 230 , 0.5688124853719222,0.8523506496973512
37 , 240 , 0.5651089901121987,0.7398086551998718
37 , 250 , 0.5903288499267323,0.7695698259443795
37 , 260 , 0.6122615124883543,0.7389650395150041
37 , 270 , 0.5336042793838747,0.7786511329173637
37 , 280 , 0.5839388166092735,0.7428131038529202
37 , 290 , 0.6794655718802499,0.8524181957239749
37 , 300 , 0.587738672281732,0.9193393672282363
37 , 310 , 0.5915721184412674,0.8544573338291217
37 , 320 , 0.5437846535425724,0.78872653499703
37 , 330 , 0.5450041204520933,0.7686715176234444
37 , 340 , 0.6208908627143601,0.9817033026903988
37 , 350 , 0.5511412439776735,0.7530892894892347
37 , 360 , 0.5898429400581818,0.6756246379231228
37 , 370 , 0.541244271187153,0.7786116900460813
37 , 380 , 0.6569797962770256,0.7863390485765718
37 , 390 , 0.6619747287689804,0.7447985194624114
37 , 400 , 0.5646754493482947,0.7652000186176228
37 , 410 , 0.6501044569341581,0.8238787324106552
37 , 420 , 0.7709103595713473,0.7263589184145156
37 , 430 , 0.7288371310630714,0.744653849918653
37 , 440 , 0.6968310323170599,0.8025923868847668
37 , 450 , 0.6665683448386069,0.8446727932648889
37 , 460 , 0.6703057891691233,0.7130678652802314
37 , 470 , 0.6849175879238731,0.7902427467436639
37 , 480 , 0.6585345233218031,0.8563505955386278
37 , 490 , 0.5849767470359544,0.8550200396728487
37 , 500 , 0.5292738062293632,0.765780360551123
37 , 510 , 0.5882117226517894,0.7595818424651298
37 , 520 , 0.7220214570951292,0.6282021969160266
37 , 530 , 0.5869322498470316,1.5013422774739633
37 , 540 , 0.5869070092929904,1.0628225286550408
37 , 550 , 0.9312715648443463,0.8947359782475319
37 , 560 , 0.9490816462478748,0.625097292342209
37 , 570 , 0.8741393040228104,0.7863508041622479
37 , 580 , 0.8966429582685462,0.5943873987841549
37 , 590 , 0.8849817256256589,0.7228167315906294
37 , 600 , 0.9475176377735602,0.53038549193155
38 , 110 , 6.993783395275284,1.0
39 , 110 , 0.6556949978970482,0.7316657886089967
39 , 120 , 0.555798661272417,0.7816513416943403
39 , 130 , 0.5623320735682713,0.8682456157235144
39 , 140 , 0.6172473590754903,0.7180476166486622
39 , 150 , 0.6857197173468166,0.8928536766557386
39 , 160 , 0.7246826707081131,0.7389306261057952
39 , 170 , 0.7832189903798504,0.7931752932463924
39 , 180 , 0.7736730111371839,0.8700322417239607
39 , 190 , 0.819122603918602,0.80728459782846
39 , 200 , 0.7842061916616382,0.6964052941693012
39 , 210 , 0.777301288084828,1.0442643115995827
39 , 220 , 0.7563724918273881,0.848225273203894
39 , 230 , 0.7637707468033788,0.687341648922767
39 , 240 , 0.8290235060358768,0.8095123001355355
39 , 250 , 0.826451032913261,0.9412369709443391
39 , 260 , 0.7339397930945898,0.7330824032918369
39 , 270 , 0.6528713260251742,0.8216610267998575
39 , 280 , 0.7365201650057654,0.6913816726960285
39 , 290 , 0.6931962430573462,0.7996130158486503
39 , 300 , 0.7328902547942655,0.7818340045813755
39 , 310 , 0.6853191581210701,0.864238692522483
39 , 320 , 0.6834435774594446,0.6768477590979954
39 , 330 , 0.7392007328352453,0.8295857074294465
39 , 340 , 0.6900327673846954,0.9710783260999911
39 , 350 , 0.7024852188612565,0.7631565782187438
39 , 360 , 0.7313722166498337,0.7848670347522978
39 , 370 , 0.6370725734594432,0.7349348446243057
39 , 380 , 0.5630211702550152,0.7198406872830296
39 , 390 , 0.5444449801496805,1.0524159608710835
39 , 400 , 0.5342867306886104,0.7147773010869206
39 , 410 , 0.5061625525652157,0.7199090762082223
39 , 420 , 0.4955227298642161,0.6369985170635891
39 , 430 , 0.45259618169678784,1.0143070279875988
39 , 440 , 0.392096582819891,0.7292917328972175
39 , 450 , 0.3855030364789721,0.7073058767398664
39 , 460 , 0.341078851004482,0.8338193382290988
39 , 470 , 0.3725196742362602,0.7289103190479956
39 , 480 , 0.3967178755547913,0.7295650510892722
39 , 490 , 0.30841471486186955,1.0069300568069495
39 , 500 , 0.33648812716476945,0.621741344786427
39 , 510 , 0.3974459368477754,0.6674507404918055
39 , 520 , 0.42742575358627305,0.7550440597007374
39 , 530 , 0.3170540939780883,0.5685342328380041
39 , 540 , 0.40101465732603236,0.8828950772306049
39 , 550 , 0.35662483547842583,0.6701400533183232
39 , 560 , 0.4797148316762971,0.7374807542630109
39 , 570 , 0.4058457279143676,0.8015863148711915
39 , 580 , 0.49022607514763356,0.6295301912376028
39 , 590 , 0.5047273388029423,0.7071853796802077
39 , 600 , 0.49649696786118425,0.8140113478722498
40 , 110 , 0.758429485925471,0.8135275100661784
40 , 120 , 0.7748088674543422,0.7160467585523186
40 , 130 , 0.7989458545187355,0.7092138318554666
40 , 140 , 0.7952520619607054,0.723294625874269
40 , 150 , 0.6952523385291197,0.7333317166327943
40 , 160 , 0.7184591889489863,0.691646343372233
40 , 170 , 0.7189854142042931,0.7640316027448861
40 , 180 , 0.8713922430672265,0.71400450366792
40 , 190 , 0.9382856599431163,0.8041816809805218
40 , 200 , 0.8963465442383988,0.7599316706340797
40 , 210 , 0.8382018034996652,0.7754664150629286
40 , 220 , 0.8208949773997575,0.8306667909349489
40 , 230 , 0.9556180356481699,0.8777028951510649
40 , 240 , 0.7930248875878382,0.6586694043811078
40 , 250 , 0.6609913107544833,0.7268130420206965
40 , 260 , 0.30875156699770767,0.606614298658167
40 , 270 , 0.33044662065686375,0.586445433218921
40 , 280 , 0.2874365935668375,0.6986814192424515
40 , 290 , 0.24103290372418076,0.7367020197402364
40 , 300 , 0.2590713841118949,0.6323283213434926
40 , 310 , 0.1528001047292518,0.6052404755342329
40 , 320 , 0.14574322646846063,0.7304968626526723
40 , 330 , 0.16004843777266495,0.6840762947751511
40 , 340 , 0.7599083029699975,0.6577851799257538
40 , 350 , 0.6089752729278698,0.6311085360110084
40 , 360 , 0.5754906958390402,2.085075014318902
40 , 370 , 0.5686888991567105,0.7530877950209408
40 , 380 , 0.5380975890242383,0.629757090463894
40 , 390 , 0.8051929094972486,0.6228407202196876
40 , 400 , 0.5364430781652078,0.5829471467774147
40 , 410 , 0.521933436058029,0.5922480233259471
40 , 420 , 0.6214506768975147,0.576788693076919
40 , 430 , 0.5587855666284937,0.7420997468788797
40 , 440 , 0.9279834312341538,0.589846195471153
40 , 450 , 1.1229545587916314,0.47249528281598874
40 , 460 , 1.289677794347679,3.2307145695244404
40 , 470 , 1.2857533398096772,2.974795769615354
40 , 480 , 1.1715436639784675,0.6735945317041709
40 , 490 , 1.2912520882721943,0.4171303757746924
40 , 500 , 1.7898781723953312,0.42971533889511093
40 , 510 , 1.7109022319340343,0.4985020693227375
40 , 520 , 1.6048330838512217,0.8043966968311909
40 , 530 , 1.5144453490939922,6.405322106009584
40 , 540 , 1.6077769182367778,0.43311288906465073
40 , 550 , 2.342968704016855,0.3015997608754491
40 , 560 , 2.240310655234847,9.32874138280672
40 , 570 , 1.2826162568589503,0.6876521792307971
40 , 580 , 1.3698085503939308,0.7542865340822901
40 , 590 , 1.2346397006024177,0.6086719879713262
40 , 600 , 1.1335302509989325,0.2656697479730806
41 , 110 , 0.8580214452742854,0.824928057868934
41 , 120 , 0.898613933097956,0.7330063244768301
41 , 130 , 0.8925735194448899,0.8180507784382204
41 , 140 , 0.9130355246863352,0.7822526779563417
41 , 150 , 0.9072620264721405,0.8658463033807648
41 , 160 , 0.8914194143238882,0.7247745367244939
41 , 170 , 0.9066837647498435,0.8808162568234568
41 , 180 , 0.8372399655741732,0.8605981832204765
41 , 190 , 0.9396588314995059,0.8400937379237858
41 , 200 , 0.9853044791320147,0.8744719267210341
41 , 210 , 1.0258184237502623,0.779225171874062
41 , 220 , 1.046006357052117,0.8299099542342799
41 , 230 , 1.0431431331118006,0.8994348916995101
41 , 240 , 1.0731325765416004,0.913464346467201
41 , 250 , 1.1093473787448487,0.7577750281589138
41 , 260 , 1.0951905076698139,0.7600840964606403
41 , 270 , 1.0713856134739197,0.6953063086384053
41 , 280 , 1.056055962054428,0.8812071880694298
41 , 290 , 1.0505583979856934,0.9978448105203768
41 , 300 , 1.0577245573154888,0.7748345291396214
41 , 310 , 0.9835975300577651,0.6926919492759991
41 , 320 , 0.9236498459385687,0.7698890955254305
41 , 330 , 0.8525215029741993,0.691169146748257
41 , 340 , 0.8322642799400923,0.7183089051629652
41 , 350 , 0.818893896218014,0.7378571339927941
41 , 360 , 0.7260959298255321,0.7088981159737782
41 , 370 , 0.704795232183165,0.8355742714607577
41 , 380 , 0.6222760874650151,0.8068296367488487
41 , 390 , 0.900816595782173,0.8247258872954056
41 , 400 , 0.8490578712009432,0.9436886862631942
41 , 410 , 0.8676306090128355,0.631934157587404
41 , 420 , 0.8172537151266182,0.6784198398777254
41 , 430 , 0.7708671267379549,0.5980353570824691
41 , 440 , 0.8423126059426934,0.6588245290064657
41 , 450 , 0.861765330426193,0.6890655990839
41 , 460 , 0.802985309605746,1.0085250425903314
41 , 470 , 0.837377752876322,0.7548886381665127
41 , 480 , 0.8821017465991909,0.8254132856767826
41 , 490 , 0.8550886229802095,0.6882096242631991
41 , 500 , 0.7904040262935257,0.6380039755973743
41 , 510 , 0.8062821467834667,0.6419738094999159
41 , 520 , 0.8193192049619966,0.6308028464276031
41 , 530 , 0.9224457705999042,0.6352700680392993
41 , 540 , 0.8667873133033018,0.6644378747616269
41 , 550 , 0.7743220517928541,0.794417200974014
41 , 560 , 0.777271050240165,1.2236315001794693
41 , 570 , 0.6242019283661115,0.8900465810912407
41 , 580 , 0.6175884619963709,0.6685037100778743
41 , 590 , 0.7198836783038638,0.7474304725898342
41 , 600 , 0.6120825079223488,0.818995781188014
42 , 110 , 0.8730304481150128,0.8457162643555644
42 , 120 , 0.8124704641419241,0.7748796635798848
42 , 130 , 0.9289335692258933,0.7910456663495171
42 , 140 , 0.9288914483883861,0.7992913030103961
42 , 150 , 0.9158252223577574,0.7878333729373225
42 , 160 , 0.8818292118250278,0.8491288295755443
42 , 170 , 1.0210058685151335,0.7331832178190758
42 , 180 , 1.0081015564774012,0.7273831854718128
42 , 190 , 1.0136597633104432,0.7930533023064859
42 , 200 , 0.9138095755212055,0.7852603467114228
42 , 210 , 0.8908298200441304,0.7285153786849309
42 , 220 , 0.8358307548717573,0.8100723183081834
42 , 230 , 0.8967954722508741,0.7792051182491816
42 , 240 , 0.8888163424551834,0.751790905817133
42 , 250 , 0.8634427667535873,0.7931073757703992
42 , 260 , 0.8777820590291261,0.7342432894126308
42 , 270 , 0.9605480317002194,0.7355674210258624
42 , 280 , 0.9585884384288136,0.8178425974194015
42 , 290 , 0.9084550864930432,0.8745261836123018
42 , 300 , 1.03090637565426,0.7151913571446944
42 , 310 , 1.0181952273187327,0.830771015401314
42 , 320 , 0.979689984869555,0.770971432797243
42 , 330 , 0.9776535236046078,0.8786061449203462
42 , 340 , 0.9499671417001987,0.7987623557526208
42 , 350 , 1.1709644015456078,0.7455741307126861
42 , 360 , 0.961184192507433,0.7856249552863808
42 , 370 , 0.9463701444579871,0.7151420718359076
42 , 380 , 0.9267960338305419,0.7604737803647367
42 , 390 , 0.8456553366987707,0.801455457328474
42 , 400 , 0.8035170247620316,1.1313987927112859
42 , 410 , 0.9400686663487402,0.7712658849742348
42 , 420 , 0.9692721828953743,0.9425111122047516
42 , 430 , 0.9551975147711652,1.2824988319887618
42 , 440 , 0.9471156826169257,0.8068749099643733
42 , 450 , 0.9355520518269693,0.6904030406842288
42 , 460 , 0.9712551313647895,0.7349942324678408
42 , 470 , 0.972510782359064,0.8153056449761363
42 , 480 , 0.9689779186223695,1.0221697629428004
42 , 490 , 0.9568331066362158,0.6820124093484609
42 , 500 , 0.993968658571955,0.6703286053902906
42 , 510 , 0.9176288608333238,0.7507924846613828
42 , 520 , 0.942364726883412,0.8029025861608263
42 , 530 , 0.935687699196424,0.7359720552633738
42 , 540 , 0.9331697501283601,0.7702719905871296
42 , 550 , 0.9297500467301315,0.7877987542377852
42 , 560 , 0.9219006412397774,0.7158110385766521
42 , 570 , 0.9217327404318275,0.8763870075186284
42 , 580 , 0.8770260092824433,0.8955132000472004
42 , 590 , 0.8790826570987387,0.6544141071363442
42 , 600 , 0.9099030323833361,0.6791007410280121
44 , 110 , 0.8912818721175846,0.7483682301139248
44 , 120 , 0.9580769596281169,0.7965046311778432
44 , 130 , 0.955733580332279,0.7344090196975147
44 , 140 , 0.9764692241129775,0.9562008588554186
44 , 150 , 0.962302269068498,1.071246486086905
44 , 160 , 1.0738484212344348,0.7496697013847309
44 , 170 , 1.0830889591923427,0.9090254609757341
44 , 180 , 1.0336725528335526,0.8348449868970176
44 , 190 , 0.9873049556472806,0.8190524272517721
44 , 200 , 0.8890744883447158,0.8373129610427262
44 , 210 , 0.9659230769818881,0.877982002728434
44 , 220 , 0.8533614999899278,1.7246196121112
44 , 230 , 0.9009874919406397,0.8977805603803521
44 , 240 , 0.7790867885967351,0.6583527022057819
44 , 250 , 0.6390487284579711,0.6513044460737919
44 , 260 , 0.5969325138895536,0.6768547121282855
44 , 270 , 0.6884379267685826,0.7266166745149942
44 , 280 , 0.6970473726103374,1.1313274898235395
44 , 290 , 0.5863481946278305,0.7054681221056244
44 , 300 , 0.40062186215603457,0.8504683872663398
44 , 310 , 0.5776549632911577,0.624407386188524
44 , 320 , 0.5714178778344643,0.6771174938302399
44 , 330 , 0.6200528307690829,0.5857520800878909
44 , 340 , 0.7380025166589842,0.5646725329173832
44 , 350 , 0.813748452078423,0.9741168943886305
44 , 360 , 0.5219209257745493,0.7690936260209381
44 , 370 , 0.9690709937373898,0.603126684717256
44 , 380 , 0.816043846775273,0.6456139544444807
44 , 390 , 0.8674293791309625,0.9649874607471702
44 , 400 , 0.9668714976391215,0.8484188282320377
44 , 410 , 0.986974624812571,0.5727201446768245
44 , 420 , 1.2866043675397543,0.7711207010389057
44 , 430 , 1.3618501079814018,1.1459267184053545
44 , 440 , 1.1605644147270189,0.4824425568869026
44 , 450 , 1.0524759998499638,0.4760343621834838
44 , 460 , 0.9021202250817114,0.4962587200216327
44 , 470 , 0.8978415406027375,0.3550845270572308
44 , 480 , 0.9158457316497756,0.485427403798017
44 , 490 , 0.8492702014367773,0.4006761619914673
44 , 500 , 0.9281355340831859,0.39405222432132736
44 , 510 , 0.9404266123520763,0.42661041092217805
44 , 520 , 1.0029747836880034,0.6223921201080773
44 , 530 , 1.1979394861550403,0.5030779618220872
44 , 540 , 1.1133199286629651,0.4364028995651459
44 , 550 , 1.2485152151074106,2.6406208030535487
44 , 560 , 1.1580917557997041,0.38367268798839477
44 , 570 , 1.3154703754033572,0.38199535602714296
44 , 580 , 2.7507172665889077,0.4126954999744913
44 , 590 , 2.2603899123173945,0.3263694439760426
44 , 600 , 2.0034745301533827,1.1039225024925394
45 , 110 , 0.6703883245278245,0.781008298262494
45 , 120 , 0.7640281083874321,0.7034367680872445
45 , 130 , 0.6444996690520336,0.764877147846903
45 , 140 , 0.8358500290006621,0.7202771602085085
45 , 150 , 0.7220145813609796,0.6846664768777582
45 , 160 , 0.6969767979798869,0.5659469428684183
45 , 170 , 0.7601457958208316,0.7727396426858772
45 , 180 , 0.6776468110420254,0.6734288927410287
45 , 190 , 0.6577373282449596,0.6052014362224983
45 , 200 , 0.5771571008447296,0.8330019837605029
45 , 210 , 0.5867707130294095,0.592174491331256
45 , 220 , 0.5642674855306291,0.5573423811597772
45 , 230 , 0.5879392604848448,0.5588465071694362
45 , 240 , 0.48475640661843383,0.5905067636829171
45 , 250 , 0.40832362455759663,0.6871261320313257
45 , 260 , 0.39229821492890316,0.43368111603123793
45 , 270 , 0.2494044197282187,0.6713054843004461
45 , 280 , 0.1642702335402563,0.5738721158051476
45 , 290 , 0.2882086704499155,0.8058093935021706
45 , 300 , 0.41672359290223776,0.5603959023330365
45 , 310 , 0.27096160081537807,0.5250650266691165
45 , 320 , 0.4583497578904118,0.5412281948893837
45 , 330 , 0.47751615423402183,0.5795005231744825
45 , 340 , 0.5376321464925891,0.44789787637796663
45 , 350 , 0.5859194302850181,0.6323076006815482
45 , 360 , 0.6015839132951227,1.496358162895159
45 , 370 , 0.481139434955554,0.3236781379299783
45 , 380 , 0.5938994053483604,0.5278572599812917
45 , 390 , 0.6743917333863014,0.4814426194416685
45 , 400 , 0.7981609686983248,1.6884385985278385
45 , 410 , 0.8179753859531407,1.8412286723305487
45 , 420 , 0.764871369094171,0.6133882943653114
45 , 430 , 0.8454282330366795,0.415391637572204
45 , 440 , 0.8757546639129051,1.1087938440929683
45 , 450 , 0.8809393606948756,0.4289726235603723
45 , 460 , 1.0001007282218515,0.35526658359410196
45 , 470 , 1.1215179578052594,0.8907872072652135
45 , 480 , 1.325270482174173,0.2996846421091271
45 , 490 , 1.0810490614339463,0.2439395028486473
45 , 500 , 0.8671658116389838,0.2943798023009104
45 , 510 , 1.0283574494142018,1.6921780674220401
45 , 520 , 0.5791233608812294,1.2398978598879318
45 , 530 , 0.961760522333029,0.34480637927491836
45 , 540 , 1.2726630120275357,1.35844786729168
45 , 550 , 0.6418508573978466,0.2734957594386791
45 , 560 , 0.8956004488104495,0.3106350833900271
45 , 570 , 0.8044440778952517,0.9443408668854635
45 , 580 , 0.8276535321742161,0.523856662875714
45 , 590 , 1.0902479357194106,0.8161348437003378
45 , 600 , 0.5171244163469744,0.14786024434596343
46 , 110 , 0.6494350071771535,0.7878648862464572
46 , 120 , 0.6357727749849398,1.0250423466268974
46 , 130 , 0.5341235159480243,0.8948638645080808
46 , 140 , 0.477240587161858,0.8625155527878555
46 , 150 , 0.47487369668523666,0.7866050603110825
46 , 160 , 0.4956132793650269,0.7707835045668218
46 , 170 , 0.41035133397255663,0.732315952311761
46 , 180 , 0.555451636598056,0.7769155232964322
46 , 190 , 0.5247231786054787,0.9570944376725339
46 , 200 , 0.5962210829211478,1.0358924261184717
46 , 210 , 0.6226327221530795,0.7933010316957458
46 , 220 , 0.6550264018701016,0.8072327776224588
46 , 230 , 0.6481360046179848,0.8364257737707789
46 , 240 , 0.7179036065822535,0.7757279669962004
46 , 250 , 0.6215255167734336,0.7333109387234295
46 , 260 , 0.6024847761699209,0.6645213869259208
46 , 270 , 0.6662726141803808,0.7533087115647743
46 , 280 , 0.5797497832151524,0.7107746076432493
46 , 290 , 0.7283650721666791,0.7560825321917447
46 , 300 , 0.6043565824430975,0.7694461569106945
46 , 310 , 0.6251697120927715,0.8058572103813144
46 , 320 , 0.6178694259675644,0.8159078487852298
46 , 330 , 0.7043155373473515,1.0686199672026113
46 , 340 , 0.689630106250177,1.3093110919427655
46 , 350 , 0.6846465965420272,0.6979552205180073
46 , 360 , 0.6317528198300922,0.7591863162453487
46 , 370 , 0.5458908547866345,0.6324775055161947
46 , 380 , 0.5543292515357406,0.5972856443420069
46 , 390 , 0.6048238852724871,0.7101612300215614
46 , 400 , 0.5647006145326412,0.7039008180525292
46 , 410 , 0.5138649354095175,0.8147072640947443
46 , 420 , 0.5323096455626031,0.5674366345888472
46 , 430 , 0.615935559168032,0.6717867781516836
46 , 440 , 0.5366525122619721,0.5959719922557231
46 , 450 , 0.6075311990043225,0.5975573389781591
46 , 460 , 0.5903016653174752,0.6898920685835459
46 , 470 , 0.39986382650305435,0.886033229848626
46 , 480 , 0.3030993687603895,0.717090886674359
46 , 490 , 0.25754599525196953,0.6103548862557597
46 , 500 , 0.24662386761130034,0.6183200866552345
46 , 510 , 0.40645052765228074,0.5411260381983122
46 , 520 , 0.2639267251520284,1.0125424810488648
46 , 530 , 0.3344707787349963,0.6403775157885312
46 , 540 , 0.3521159253615632,0.8502546932213616
46 , 550 , 0.40504196948376237,0.4858150704796244
46 , 560 , 0.44865722644018646,0.5912405489055411
46 , 570 , 0.32467333327093084,0.46338083337245434
46 , 580 , 0.5325087663027263,5.322049310373605
46 , 590 , 0.4565650078996672,0.5798258656881292
46 , 600 , 0.5463867231365656,0.5823054905230431
47 , 110 , 0.6976771399516065,0.6791189623292978
47 , 120 , 0.690114025172537,0.7418942518898928
47 , 130 , 0.7745094437898601,0.7449829494045974
47 , 140 , 0.7618511515385118,0.7639930314175132
47 , 150 , 0.7825559469243001,0.7353552725537219
47 , 160 , 0.7285179839116536,0.8203485580030534
47 , 170 , 0.7314699890119281,0.6906260394801038
47 , 180 , 0.5478191902178093,0.7485244564882663
47 , 190 , 0.5105817312333918,0.9084581333903127
47 , 200 , 0.5578182614750535,0.8021203836130754
47 , 210 , 0.5315226828026771,0.677084237572737
47 , 220 , 0.5568050188351208,0.7645550700840601
47 , 230 , 0.5549524202537763,0.8301255438981279
47 , 240 , 0.6312411880406733,0.7304448235553133
47 , 250 , 0.487385002489382,0.7832829609559834
47 , 260 , 0.568033328857898,0.8933890439738797
47 , 270 , 0.5237783845637464,0.8167062579650951
47 , 280 , 0.5047788887426863,0.8933685355079302
47 , 290 , 0.5387006859794125,0.7052635147544305
47 , 300 , 0.5146265999247651,0.8697418292537744
47 , 310 , 0.49205362945354,0.8918243918518484
47 , 320 , 0.4841394512544987,0.7387355563525503
47 , 330 , 0.4810916610151402,0.9031811395129166
47 , 340 , 0.5611853677379928,0.8171009823445711
47 , 350 , 0.5140539396417574,1.5574624364531793
47 , 360 , 0.49389532225816857,0.5964989476017128
47 , 370 , 0.4107842303494966,0.7292640330945608
47 , 380 , 0.39624021888353644,0.7821755412115515
47 , 390 , 0.42088025224791925,0.7225778638014566
47 , 400 , 0.3488199794931808,0.657911683682017
47 , 410 , 0.3834061819497298,0.8111850843343396
47 , 420 , 0.33154399844695426,0.775558056067627
47 , 430 , 0.2988438146816071,0.8553051792585723
47 , 440 , 0.35174415959618965,0.9701782836254734
47 , 450 , 0.38391179953386045,0.9180186161547682
47 , 460 , 0.28214278422494793,0.8140982284724594
47 , 470 , 0.32101048644198843,0.6207136337287869
47 , 480 , 0.31141898561530407,0.8030536378961489
47 , 490 , 0.2809716519251388,0.8168408422466903
47 , 500 , 0.2517042317440975,0.8736698595494935
47 , 510 , 0.25513228946214667,1.1730502311956637
47 , 520 , 0.31698025671686525,0.8595709567214669
47 , 530 , 0.20809950805074212,0.9368892132362282
47 , 540 , 0.24259335234206564,1.1671647040762214
47 , 550 , 0.3023180987322713,0.8478140266914669
47 , 560 , 0.24823416367179402,1.5410846987180522
47 , 570 , 0.21917185850869902,0.6328032454048409
47 , 580 , 0.1902329021572087,0.9989397746902463
47 , 590 , 0.15968859490553647,0.7663375812397658
47 , 600 , 0.16230917152787294,0.6529571752296132
48 , 110 , 0.6579357908576824,0.8155958634387813
48 , 120 , 0.6701048834099985,0.9248027453396412
48 , 130 , 0.615711881726442,0.7905338697583775
48 , 140 , 0.5476272279774438,0.9710355788970064
48 , 150 , 0.7272541620150814,0.9269566517323661
48 , 160 , 0.5605155842152044,0.7006062860254553
48 , 170 , 0.5205383845230283,0.7702924658354234
48 , 180 , 0.48959160605919155,0.9409163406186876
48 , 190 , 0.4942914213568464,0.7432522682223871
48 , 200 , 0.5220506507424336,0.8503673373131609
48 , 210 , 0.5342071466892057,0.8243593927214034
48 , 220 , 0.4418237304464374,0.6818027227879829
48 , 230 , 0.41570146499970556,0.7955436087091144
48 , 240 , 0.392974389452875,0.6589144558056832
48 , 250 , 0.43265073270971716,0.8329186493752125
48 , 260 , 0.4268081534711608,0.7728081047739657
48 , 270 , 0.27782995564452445,0.7329863900227299
48 , 280 , 0.3037042681696722,0.7348613865099677
48 , 290 , 0.3160200594379241,0.6282168673075132
48 , 300 , 0.4389886968964295,0.8259742731136777
48 , 310 , 0.4411173347205897,0.6428274292145896
48 , 320 , 0.5519177356553795,0.9526663619402987
48 , 330 , 0.5308545362504251,0.7944003543440302
48 , 340 , 0.532281128312689,0.673846778865772
48 , 350 , 0.5169650512508366,0.9422002517540571
48 , 360 , 0.6163510532193514,0.5494758727235762
48 , 370 , 0.5895800171293002,0.7702334323467888
48 , 380 , 0.5599936966430747,0.6670846308796976
48 , 390 , 0.6610451223783693,0.7911114856846906
48 , 400 , 0.5658325587945208,0.7725336462262287
48 , 410 , 0.5679781810090284,0.7550805081860256
48 , 420 , 0.6074593354794062,0.5157611938908626
48 , 430 , 0.5315211742691986,0.8102038650561421
48 , 440 , 0.5924608577393208,0.5922901704954516
48 , 450 , 0.5869068562946388,0.664742108732454
48 , 460 , 0.6098802020988678,0.5148197418669425
48 , 470 , 0.5486899846786242,0.6411825177537291
48 , 480 , 0.6596083025319809,0.7392123059955503
48 , 490 , 0.4839373373543606,0.595381122873149
48 , 500 , 0.5399775500644556,0.5765358891551704
48 , 510 , 0.5579616127153226,0.5704772705540511
48 , 520 , 0.5373181086683411,0.6177214409659668
48 , 530 , 0.5407081383425998,0.5524602683253121
48 , 540 , 0.44040159897050823,0.5020953077591374
48 , 550 , 0.4126456371384154,0.618728791102044
48 , 560 , 0.3035880591450125,0.5916364886209812
48 , 570 , 0.29510315790082736,0.6370679428638091
48 , 580 , 0.32152288199385964,0.5835214142103382
48 , 590 , 0.15451272358910434,0.8292681710692511
48 , 600 , 0.2767680183141912,0.4880090979569338
49 , 110 , 3.0667046701688236,0.6387760510274139
49 , 120 , 2.0890449167190472,0.9685034421405243
49 , 130 , 1.822714285723564,1.0
