0 , 110 , 51,700,112,14,374,125,3
0 , 120 , 37,727,88,11,419,124,3
0 , 130 , 25,721,76,9,458,114,3
0 , 140 , 16,706,59,8,502,99,2
0 , 150 , 13,673,52,7,554,93,2
0 , 160 , 8,599,43,7,584,86,2
0 , 170 , 6,557,34,5,614,76,2
0 , 180 , 3,492,31,5,637,69,2
0 , 190 , 1,446,31,5,663,62,2
0 , 200 , 390,27,4,691,60,2
0 , 210 , 310,25,4,735,51,2
0 , 220 , 276,24,4,776,46,2
0 , 230 , 223,19,4,817,46,2
0 , 240 , 186,14,4,852,42,1
0 , 250 , 155,13,4,855,35,1
0 , 260 , 135,8,4,883,33,1
0 , 270 , 123,7,4,903,30,1
0 , 280 , 108,6,3,900,26,1
0 , 290 , 77,5,2,876,23,1
0 , 300 , 59,5,1,879,22,1
0 , 310 , 22,62,4,1,912
0 , 320 , 22,53,4,1,930
0 , 330 , 19,43,3,1,906
0 , 340 , 17,31,2,1,874
0 , 350 , 12,22,3,1,838
0 , 360 , 10,17,1,1,785
0 , 370 , 9,16,1,1,790
0 , 380 , 9,13,1,1,797
0 , 390 , 5,11,1,1,802
0 , 400 , 5,10,1,1,814
0 , 410 , 4,7,1,750
0 , 420 , 4,4,1,712
0 , 430 , 4,1,674
0 , 440 , 4,1,639
0 , 450 , 4,618
0 , 460 , 4,615
0 , 470 , 3,586
0 , 480 , 3,574
0 , 490 , 2,576
0 , 500 , 3,607
0 , 510 , 3,644
0 , 520 , 4,669
0 , 530 , 4,693
0 , 540 , 4,746
0 , 550 , 4,771
0 , 560 , 4,1,756
0 , 570 , 4,1,768
0 , 580 , 4,1,821
0 , 590 , 3,1,785
0 , 600 , 3,1,757
1 , 110 , 38,594,105,22,394,121,4
1 , 120 , 23,627,84,17,428,117,3
1 , 130 , 19,650,72,14,464,106,2
1 , 140 , 13,630,62,9,497,101,1
1 , 150 , 9,598,42,9,526,96,1
1 , 160 , 3,566,35,9,550,89,1
1 , 170 , 3,497,28,9,581,82,1
1 , 180 , 2,411,24,7,589,80,1
1 , 190 , 340,1,20,7,596,75,1
1 , 200 , 314,1,19,5,608,69,1
1 , 210 , 66,292,18,5,616
1 , 220 , 279,17,5,627,57,1
1 , 230 , 252,15,5,653,50,1
1 , 240 , 234,9,4,695,49,1
1 , 250 , 215,7,4,703,45,1
1 , 260 , 169,6,4,700,40,2
1 , 270 , 36,132,6,4,668
1 , 280 , 118,1,4,4,676,33
1 , 290 , 32,107,4,3,682
1 , 300 , 23,88,3,3,642
1 , 310 , 21,76,3,3,657
1 , 320 , 19,61,3,640
1 , 330 , 19,50,3,648
1 , 340 , 14,44,2,621
1 , 350 , 11,38,2,585
1 , 360 , 9,40,1,2,556
1 , 370 , 8,37,2,567
1 , 380 , 8,39,1,592
1 , 390 , 7,41,590
1 , 400 , 7,44,619
1 , 410 , 5,40,585
1 , 420 , 6,46,600
1 , 430 , 5,52,618
1 , 440 , 5,58,634
1 , 450 , 4,59,609
1 , 460 , 4,55,627
1 , 470 , 4,56,646
1 , 480 , 3,54,663
1 , 490 , 3,54,686
1 , 500 , 3,41,650
1 , 510 , 3,38,636
1 , 520 , 3,44,639
1 , 530 , 3,43,651
1 , 540 , 3,39,1,686
1 , 550 , 2,38,2,692
1 , 560 , 2,31,3,702
1 , 570 , 2,37,3,721
1 , 580 , 2,30,3,720
1 , 590 , 1,1,32,4,718
1 , 600 , 1,2,35,4,755
2 , 110 , 53,621,100,24,684,112
2 , 120 , 35,626,81,22,700,101
2 , 130 , 20,638,73,19,707,100
2 , 140 , 16,628,1,61,15,719,96
2 , 150 , 11,593,1,54,14,726,95
2 , 160 , 4,527,47,13,727,84
2 , 170 , 3,479,36,11,743,76
2 , 180 , 2,399,34,9,768,67
2 , 190 , 1,330,27,8,775,59
2 , 200 , 1,290,20,7,799,48
2 , 210 , 1,252,15,6,777,44
2 , 220 , 1,184,14,6,773,40
2 , 230 , 1,156,11,5,755,36
2 , 240 , 1,119,7,4,733,33
2 , 250 , 1,88,6,3,690,29
2 , 260 , 1,55,3,3,648,26
2 , 270 , 1,42,3,2,654,19
2 , 280 , 1,30,1,2,651,18
2 , 290 , 1,32,1,2,649,18
2 , 300 , 1,30,1,1,637,17
2 , 310 , 16,1,22,1,630
2 , 320 , 14,1,15,1,593
2 , 330 , 11,10,1,546
2 , 340 , 9,7,1,526
2 , 350 , 7,7,1,511
2 , 360 , 7,6,1,494
2 , 370 , 7,2,1,527
2 , 380 , 6,2,1,524
2 , 390 , 5,1,1,479
2 , 400 , 3,1,453
2 , 410 , 1,1,440
2 , 420 , 2,1,434
2 , 430 , 2,1,398
2 , 440 , 2,1,376
2 , 450 , 2,1,352
2 , 460 , 3,1,308
2 , 470 , 3,1,280
2 , 480 , 3,2,245
2 , 490 , 3,2,250
2 , 500 , 3,2,224
2 , 510 , 3,2,222
2 , 520 , 3,2,217
2 , 530 , 2,205
2 , 540 , 2,179
2 , 550 , 2,1,188
2 , 560 , 2,1,197
2 , 570 , 2,1,211
2 , 580 , 3,1,217
2 , 590 , 3,1,243
2 , 600 , 3,1,256
3 , 110 , 43,639,119,11,527,117,2
3 , 120 , 24,672,104,10,546,113,2
3 , 130 , 15,669,94,8,575,107,2
3 , 140 , 12,658,68,7,617,102,2
3 , 150 , 6,607,61,5,636,93,2
3 , 160 , 4,570,49,5,666,84,2
3 , 170 , 1,526,43,5,710,79,2
3 , 180 , 437,33,5,741,69,2
3 , 190 , 364,28,5,769,59,1
3 , 200 , 303,26,3,798,56,1
3 , 210 , 221,22,2,816,56,1
3 , 220 , 193,18,2,839,51,1
3 , 230 , 151,18,1,856,44,1
3 , 240 , 41,114,16,1,850
3 , 250 , 33,88,15,1,861
3 , 260 , 30,65,9,1,837
3 , 270 , 26,49,9,1,840
3 , 280 , 27,48,9,1,858
3 , 290 , 24,33,7,1,818
3 , 300 , 20,33,5,1,818
3 , 310 , 16,22,3,1,791
3 , 320 , 14,18,3,773
3 , 330 , 14,10,3,753
3 , 340 , 13,8,2,783
3 , 350 , 12,6,1,749
3 , 360 , 11,4,1,734
3 , 370 , 7,1,1,707
3 , 380 , 7,1,1,736
3 , 390 , 5,1,1,751
3 , 400 , 4,1,1,755
3 , 410 , 4,1,1,786
3 , 420 , 4,2,1,814
3 , 430 , 3,2,1,804
3 , 440 , 3,2,1,857
3 , 450 , 3,2,1,1,836
3 , 460 , 3,2,1,1,780
3 , 470 , 3,2,1,1,749
3 , 480 , 3,2,1,747
3 , 490 , 3,2,688
3 , 500 , 3,2,686
3 , 510 , 3,2,726
3 , 520 , 2,2,709
3 , 530 , 3,2,731
3 , 540 , 3,2,751
3 , 550 , 3,2,769
3 , 560 , 2,2,765
3 , 570 , 2,2,770
3 , 580 , 1,2,731
3 , 590 , 2,705
3 , 600 , 4,727
5 , 110 , 58,252,86,12,184,75,4
5 , 120 , 41,257,75,11,189,69,3
5 , 130 , 28,271,71,10,204,64,2,1
5 , 140 , 16,270,58,8,223,57,2,1
5 , 150 , 11,307,43,5,242,52,1
5 , 160 , 6,313,35,5,234,51,1
5 , 170 , 4,341,29,4,258,51,1,1
5 , 180 , 4,323,1,24,4,292,48,1,1
5 , 190 , 2,355,18,4,267,41,1
5 , 200 , 284,12,3,255,34,1
5 , 210 , 301,10,2,1,279,27,1
5 , 220 , 293,7,2,1,272,27,1
5 , 230 , 288,5,2,1,289,23,1
5 , 240 , 309,2,2,324,21,1
5 , 250 , 272,3,2,351,18,1
5 , 260 , 229,3,2,382,18,1
5 , 270 , 206,1,2,352,18,1
5 , 280 , 158,1,1,287,15,1
5 , 290 , 9,168,1,1,305
5 , 300 , 8,153,1,1,290
5 , 310 , 7,164,1,1,320
5 , 320 , 8,162,1,275
5 , 330 , 7,180,1,198
5 , 340 , 7,189,1,190
5 , 350 , 7,218,1,189
5 , 360 , 2,184,137
5 , 370 , 1,211,108
5 , 380 , 252
5 , 390 , 314
5 , 400 , 2
6 , 110 , 57,603,95,22,267,132,1
6 , 120 , 44,676,88,20,301,130,1
6 , 130 , 31,731,80,19,332,126,1
6 , 140 , 20,760,65,16,355,125,1
6 , 150 , 11,796,55,15,393,120,1
6 , 160 , 9,802,46,12,421,115,1
6 , 170 , 7,793,46,9,442,112,1
6 , 180 , 2,787,42,8,485,106
6 , 190 , 2,801,37,7,529,99
6 , 200 , 2,802,33,7,562,96
6 , 210 , 1,813,25,7,580,91
6 , 220 , 1,843,22,6,637,84
6 , 230 , 1,779,19,5,676,79
6 , 240 , 75,760,15,6,745
6 , 250 , 68,766,16,4,818
6 , 260 , 61,739,15,4,868
6 , 270 , 54,733,11,4,933
6 , 280 , 54,675,8,4,986
6 , 290 , 53,712,8,4,1068
6 , 300 , 56,728,11,2,1157
6 , 310 , 24,339,3,1,607
6 , 320 , 24,345,2,1,656
6 , 330 , 20,344,1,699
6 , 340 , 20,364,1,1,760
6 , 350 , 18,362,1,1,826
6 , 360 , 19,376,1,1,867
6 , 370 , 17,396,1,1,958
6 , 380 , 13,399,1,986
6 , 390 , 11,385,1,1010
6 , 400 , 11,398,1,1098
6 , 410 , 11,416,1,1151
6 , 420 , 9,435,1,1233
6 , 430 , 7,471,1,1236
6 , 440 , 7,490,1352
6 , 450 , 7,533,1422
6 , 460 , 4,289,744
6 , 470 , 5,313,788
6 , 480 , 3,334,855
6 , 490 , 3,361,932
6 , 500 , 4,392,996
6 , 510 , 3,383,1072
6 , 520 , 3,405,1174
6 , 530 , 3,417,1273
6 , 540 , 3,445,1364
6 , 550 , 3,443,1460
6 , 560 , 3,386,1534
6 , 570 , 3,383,1603
6 , 580 , 1,194,851
6 , 590 , 1,205,925
6 , 600 , 1,211,1001
7 , 110 , 13,153,39,6,213,29,3
7 , 120 , 9,165,38,5,228,29,3
7 , 130 , 5,170,33,5,244,25,2
7 , 140 , 4,169,22,4,263,24,2
7 , 150 , 2,151,14,4,274,22,2
7 , 160 , 1,142,13,3,292,21,1
7 , 170 , 1,137,12,3,303,20,1
7 , 180 , 1,123,10,3,317,17,1
7 , 190 , 1,115,10,3,329,17,1
7 , 200 , 1,89,10,2,321,16,1
7 , 210 , 1,72,6,1,320,14,1
7 , 220 , 55,4,1,325,14,1
7 , 230 , 46,3,1,305,13,1
7 , 240 , 38,1,1,290,12,1
7 , 250 , 27,1,1,270,12,1
7 , 260 , 19,2,1,263,5,1
7 , 270 , 2,9,2,1,245
7 , 280 , 2,9,2,1,241
7 , 290 , 1,5,4,230
7 , 300 , 1,1,3,206
7 , 310 , 1,1,3,191
7 , 320 , 1,2,174
7 , 330 , 1,2,164
7 , 340 , 1,1,148
7 , 350 , 1,1,135
7 , 360 , 1,1,114
7 , 370 , 1,1,103
7 , 380 , 1,1,89
7 , 390 , 1,84
7 , 400 , 1,71
7 , 410 , 1,64
7 , 420 , 1,59
7 , 430 , 1,54
7 , 440 , 1,49
7 , 450 , 1,40
7 , 460 , 1,38
7 , 470 , 35
7 , 480 , 30
7 , 490 , 31
7 , 500 , 31
7 , 510 , 23
7 , 520 , 20
7 , 530 , 1,17
7 , 540 , 1,12
7 , 550 , 1,11
7 , 560 , 2,12
7 , 570 , 2,11
7 , 580 , 2,11
7 , 590 , 2,12
7 , 600 , 2,12
8 , 110 , 38,133,45,8,97,42,2
8 , 120 , 30,151,33,8,98,40,2
8 , 130 , 20,178,30,8,99,38,2
8 , 140 , 11,202,30,8,93,37,2
8 , 150 , 6,231,26,8,102,33,2
8 , 160 , 5,270,20,8,95,33,2
8 , 170 , 5,273,18,7,86,32,2
8 , 180 , 5,316,15,3,93,24,1
8 , 190 , 2,374,13,1,100,22,1
8 , 200 , 1,409,13,1,108,20,1
8 , 210 , 22,352,10,1,116
8 , 220 , 24,363,10,125
8 , 230 , 25,365,8,136
8 , 240 , 24,371,8,157
8 , 250 , 19,414,7,158
8 , 260 , 19,468,5,174
8 , 270 , 18,476,4,154
8 , 280 , 19,387,4,1,150
8 , 290 , 20,352,4,1,168
8 , 300 , 1,404,4,1,158,20
8 , 310 , 1,466,2,1,1,169,18
8 , 320 , 1,506,2,1,1,172,18
8 , 330 , 1,520,1,1,1,184,17
8 , 340 , 1,452,1,1,1,204,15
8 , 350 , 1,465,1,1,1,222,15
8 , 360 , 1,535,1,1,1,24,14
8 , 370 , 1,621,1,1,1,25,14
8 , 380 , 2,729,1,1,28,10
8 , 390 , 3,842,1,1,31,9
8 , 400 , 8,2
8 , 410 , 8,2
8 , 420 , 8,2
8 , 430 , 9,2
8 , 440 , 5,2
8 , 450 , 3,2
8 , 460 , 2,2
8 , 470 , 2,2
8 , 480 , 2,2
8 , 490 , 2
8 , 500 , 2
8 , 510 , 2
8 , 520 , 2
8 , 530 , 2
8 , 540 , 2
8 , 550 , 2
8 , 560 , 2
8 , 570 , 2
8 , 580 , 2
9 , 110 , 24,305,56,13,1,498,103,2
9 , 120 , 14,299,47,10,1,517,103,2
9 , 130 , 10,286,37,7,1,518,98,2
9 , 140 , 9,283,29,7,1,556,90,2
9 , 150 , 6,271,26,7,589,88,2
9 , 160 , 2,244,24,5,1,612,75,1
9 , 170 , 1,209,21,5,1,641,67,1
9 , 180 , 1,199,16,4,1,689,59,1
9 , 190 , 180,11,3,1,707,58,1
9 , 200 , 170,6,2,1,716,48,1
9 , 210 , 143,6,2,1,712,43,1
9 , 220 , 128,6,2,737,40,1
9 , 230 , 106,5,2,728,36,1
9 , 240 , 85,4,2,704,29,1
9 , 250 , 63,4,2,697,27,1
9 , 260 , 26,56,3,2,699
9 , 270 , 23,52,3,2,721
9 , 280 , 21,49,3,1,705
9 , 290 , 18,40,2,1,669
9 , 300 , 17,41,2,1,701
9 , 310 , 16,31,1,1,682
9 , 320 , 13,20,1,2,658
9 , 330 , 18,1,2,1,658,13
9 , 340 , 14,1,2,1,668,11
9 , 350 , 9,12,1,620
9 , 360 , 7,8,1,629
9 , 370 , 6,7,1,615
9 , 380 , 5,7,1,572
9 , 390 , 4,8,1,551
9 , 400 , 4,8,563
9 , 410 , 4,6,568
9 , 420 , 3,6,529
9 , 430 , 3,4,496
9 , 440 , 3,4,497
9 , 450 , 3,3,519
9 , 460 , 3,3,543
9 , 470 , 3,3,553
9 , 480 , 4,3,531
9 , 490 , 4,3,547
9 , 500 , 4,3,574
9 , 510 , 4,3,615
9 , 520 , 4,2,633
9 , 530 , 4,2,657
9 , 540 , 3,1,649
9 , 550 , 2,3,669
9 , 560 , 1,5,671
9 , 570 , 1,3,680
9 , 580 , 1,3,712
9 , 590 , 1,3,765
9 , 600 , 1,3,763
10 , 110 , 70,402,134,17,469,95,2
10 , 120 , 60,449,124,18,501,98,1
10 , 130 , 49,479,117,16,540,101,1
10 , 140 , 38,559,97,14,596,101,1
10 , 150 , 22,645,87,12,639,103,1
10 , 160 , 15,722,75,12,693,100,1
10 , 170 , 12,768,64,10,736,99
10 , 180 , 8,814,58,8,820,96
10 , 190 , 7,889,43,7,874,93
10 , 200 , 5,937,37,4,940,93
10 , 210 , 3,521,10,3,493,49
10 , 220 , 3,571,8,2,533,46
10 , 230 , 2,621,8,2,571,45
10 , 240 , 1,712,8,2,627,47
10 , 250 , 1,817,7,2,688,49
10 , 260 , 1,886,6,1,725,52
10 , 270 , 52,1003,5,1,758
10 , 280 , 1118,4,1,767,52,1
10 , 290 , 30,599,2,413
10 , 300 , 32,684,2,451
10 , 310 , 32,768,1,506
10 , 320 , 33,844,1,511
10 , 330 , 32,953,1,536
10 , 340 , 35,1104,1,596
10 , 350 , 34,1240,653
10 , 360 , 34,1148,680
10 , 370 , 34,1145,627
10 , 380 , 28,1278,503
10 , 390 , 26,1414,447
10 , 400 , 27,1388,494
10 , 410 , 26,1287,467
10 , 420 , 27,1311,496
10 , 430 , 23,1198,549
10 , 440 , 23,1343,500
10 , 450 , 23,1342,446
10 , 460 , 23,954,477
10 , 470 , 21,1082,393
10 , 480 , 21,489,394
10 , 490 , 21,547,434
10 , 500 , 20,111,478
10 , 510 , 20,131,394
10 , 520 , 17,152,451
10 , 530 , 17,183,496
10 , 540 , 17,202,419
10 , 550 , 19,468
10 , 560 , 9,3
10 , 570 , 4
10 , 580 , 4,1
10 , 590 , 4,1
10 , 600 , 1
11 , 110 , 47,284,61,5,330,96,2
11 , 120 , 32,323,52,4,345,91,2
11 , 130 , 24,370,43,4,372,85,2
11 , 140 , 19,403,41,3,379,81,2
11 , 150 , 15,448,35,2,400,80,2
11 , 160 , 10,477,30,2,426,80,2
11 , 170 , 7,459,28,2,469,78,2
11 , 180 , 5,483,25,1,488,75,1
11 , 190 , 4,506,14,1,519,72,1
11 , 200 , 3,505,13,1,563,68,2
11 , 210 , 3,485,9,1,546,67,1
11 , 220 , 1,478,7,1,564,62
11 , 230 , 60,510,7,595
11 , 240 , 56,534,6,636
11 , 250 , 54,532,4,681
11 , 260 , 54,550,3,732
11 , 270 , 51,581,3,1,720
11 , 280 , 44,597,2,1,725
11 , 290 , 38,603,1,1,780
11 , 300 , 33,543,1,809
11 , 310 , 30,548,849
11 , 320 , 31,535,916
11 , 330 , 30,522,1007
11 , 340 , 29,477,1062
11 , 350 , 28,517,995
11 , 360 , 28,476,923
11 , 370 , 24,511,951
11 , 380 , 21,533,1053
11 , 390 , 15,489,1128
11 , 400 , 13,508,1109
11 , 410 , 13,540,1021
11 , 420 , 9,471,890
11 , 430 , 8,460,828
11 , 440 , 8,452,808
11 , 450 , 7,460,817
11 , 460 , 7,472,894
11 , 470 , 7,486,957
11 , 480 , 6,340,830
11 , 490 , 4,370,883
11 , 500 , 4,392,1,845
11 , 510 , 2,370,1,689
11 , 520 , 1,372,2,691
11 , 530 , 1,388,2,753
11 , 540 , 413,2,517
11 , 550 , 414,2,573
11 , 560 , 315,2,181
11 , 570 , 8,169
11 , 580 , 11,143
11 , 590 , 13,34
11 , 600 , 15,36
12 , 110 , 31,417,77,9,424,109,4
12 , 120 , 22,413,68,9,447,101,4
12 , 130 , 12,423,50,8,477,94,3
12 , 140 , 12,412,40,8,509,87,3
12 , 150 , 8,377,38,5,533,81,1
12 , 160 , 5,343,30,5,540,73
12 , 170 , 3,297,25,5,565,70
12 , 180 , 3,257,20,4,558,64
12 , 190 , 2,215,15,4,555,52
12 , 200 , 2,175,14,3,552,46
12 , 210 , 42,1,129,14,560
12 , 220 , 33,92,11,529
12 , 230 , 28,75,7,508
12 , 240 , 20,51,4,511
12 , 250 , 17,42,4,499
12 , 260 , 15,32,3,1,493
12 , 270 , 14,28,2,1,494
12 , 280 , 10,20,2,1,464
12 , 290 , 10,17,2,1,432
12 , 300 , 8,10,2,1,413
12 , 310 , 8,8,2,401
12 , 320 , 9,8,1,368
12 , 330 , 8,4,1,355
12 , 340 , 7,3,1,352
12 , 350 , 7,3,1,351
12 , 360 , 4,1,1,326
12 , 370 , 3,1,1,316
12 , 380 , 1,2,1,295
12 , 390 , 1,270
12 , 400 , 1,253
12 , 410 , 2,230
12 , 420 , 2,215
12 , 430 , 2,196
12 , 440 , 2,3,171
12 , 450 , 2,153
12 , 460 , 2,129
12 , 470 , 2,112
12 , 480 , 2,98
12 , 490 , 2,87
12 , 500 , 3,77
12 , 510 , 3,66
12 , 520 , 4,59
12 , 530 , 4,59
12 , 540 , 3,50
12 , 550 , 7,41
12 , 560 , 3,40
12 , 570 , 4,36
12 , 580 , 3,33
12 , 590 , 1,27
12 , 600 , 1,22
14 , 110 , 64,199,76,7,160,70,2
14 , 120 , 48,182,61,5,138,56,2
14 , 130 , 40,155,55,2,139,50,2
14 , 140 , 36,175,45,133,45,1
14 , 150 , 28,156,39,128,40,1
14 , 160 , 23,105,28,98,35,1
14 , 170 , 22,65,13,114,31,1
14 , 180 , 20,65,7,127,26,1
14 , 190 , 8,78,5,94,15,1
14 , 200 , 14,5,1,5,91
14 , 210 , 8,2,5,87
14 , 220 , 6,1,4,57
14 , 230 , 3,4,16
14 , 240 , 3,18
14 , 250 , 10
15 , 110 , 65,497,97,18,408,106,3
15 , 120 , 37,511,90,16,446,105,3
15 , 130 , 25,524,78,12,484,105,3
15 , 140 , 11,526,57,10,506,100,2
15 , 150 , 6,502,53,10,540,93,2
15 , 160 , 1,461,1,48,7,549,81,2
15 , 170 , 403,1,36,7,559,73,2
15 , 180 , 342,1,32,6,585,68,2
15 , 190 , 291,31,5,583,56,1
15 , 200 , 1,227,25,5,611,52,2
15 , 210 , 1,190,17,5,624,47
15 , 220 , 1,163,14,4,621,37
15 , 230 , 1,134,14,4,598,33
15 , 240 , 1,111,12,3,545,29
15 , 250 , 1,91,11,3,525,25
15 , 260 , 1,66,10,3,488,22
15 , 270 , 2,46,6,3,472,20
15 , 280 , 1,37,6,2,460,16
15 , 290 , 14,26,5,2,456
15 , 300 , 12,18,4,2,416
15 , 310 , 9,14,3,2,400
15 , 320 , 8,6,3,2,369
15 , 330 , 6,6,2,1,335
15 , 340 , 6,5,1,1,305
15 , 350 , 6,3,1,287
15 , 360 , 5,3,1,265
15 , 370 , 4,2,1,239
15 , 380 , 4,1,1,219
15 , 390 , 4,1,1,196
15 , 400 , 4,1,1,179
15 , 410 , 2,1,164
15 , 420 , 1,1,147
15 , 430 , 1,1,137
15 , 440 , 1,1,128
15 , 450 , 107
15 , 460 , 98
15 , 470 , 83
15 , 480 , 76
15 , 490 , 68
15 , 500 , 65
15 , 510 , 55
15 , 520 , 44
15 , 530 , 43
15 , 540 , 40
15 , 550 , 1,37
15 , 560 , 1,31
15 , 570 , 1,30
15 , 580 , 1,32
15 , 590 , 1,34
15 , 600 , 1,40
16 , 110 , 41,534,115,22,462,143,7
16 , 120 , 25,567,98,21,1,500,142,7
16 , 130 , 21,572,85,20,1,546,136,6
16 , 140 , 8,556,73,17,1,586,133,6
16 , 150 , 4,525,49,17,1,625,124,5
16 , 160 , 3,508,36,15,1,668,105,5
16 , 170 , 2,444,32,12,1,684,94,3
16 , 180 , 1,394,31,10,723,86,3
16 , 190 , 1,355,29,8,752,82,3
16 , 200 , 1,278,26,8,750,67,2
16 , 210 , 59,240,21,6,778
16 , 220 , 50,184,14,5,768
16 , 230 , 48,148,11,3,778
16 , 240 , 44,124,8,3,777
16 , 250 , 40,92,8,2,755
16 , 260 , 37,69,7,2,734
16 , 270 , 31,53,7,2,730
16 , 280 , 31,42,6,2,711
16 , 290 , 30,36,6,2,744
16 , 300 , 29,30,4,2,726
16 , 310 , 23,24,4,2,707
16 , 320 , 20,21,4,2,716
16 , 330 , 19,16,4,2,694
16 , 340 , 13,8,3,2,654
16 , 350 , 5,1,3,2,640,12
16 , 360 , 4,1,2,1,578,10
16 , 370 , 9,3,1,1,565
16 , 380 , 9,4,1,1,567
16 , 390 , 6,4,549
16 , 400 , 6,3,505
16 , 410 , 5,3,465
16 , 420 , 4,3,1,1,416
16 , 430 , 4,3,1,1,421
16 , 440 , 5,3,1,431
16 , 450 , 2,1,1,423
16 , 460 , 2,1,398
16 , 470 , 2,1,375
16 , 480 , 2,1,2,1,383
16 , 490 , 2,1,1,1,382
16 , 500 , 2,2,401
16 , 510 , 2,2,431
16 , 520 , 2,3,456
16 , 530 , 2,3,475
16 , 540 , 2,3,474
16 , 550 , 2,6,464
16 , 560 , 2,9,444
16 , 570 , 2,11,405
16 , 580 , 2,16,380
16 , 590 , 2,17,364
16 , 600 , 2,21,350
17 , 110 , 44,482,122,19,405,145,4
17 , 120 , 28,513,95,18,445,139,4
17 , 130 , 19,488,82,16,485,130,4
17 , 140 , 13,471,67,13,527,116,3
17 , 150 , 8,453,56,11,581,108,2
17 , 160 , 4,427,43,9,628,97,1
17 , 170 , 3,365,36,7,646,89,1
17 , 180 , 2,325,34,7,687,84
17 , 190 , 1,269,23,7,702,72
17 , 200 , 61,210,19,6,705
17 , 210 , 49,173,17,6,675
17 , 220 , 40,139,14,3,666
17 , 230 , 34,116,11,3,632
17 , 240 , 30,91,10,3,617
17 , 250 , 1,68,9,2,600,28
17 , 260 , 1,46,7,2,590,23
17 , 270 , 1,34,6,2,582,20
17 , 280 , 1,29,4,2,568,19
17 , 290 , 1,22,4,2,537,13
17 , 300 , 1,12,2,2,525,11
17 , 310 , 1,8,2,2,494,10
17 , 320 , 1,3,2,2,455,7
17 , 330 , 1,1,2,2,433,4
17 , 340 , 3,1,2,2,399
17 , 350 , 3,2,2,388
17 , 360 , 3,2,2,360
17 , 370 , 1,2,2,324
17 , 380 , 1,2,2,311
17 , 390 , 1,1,2,278
17 , 400 , 1,2,255
17 , 410 , 1,2,229
17 , 420 , 1,3,240
17 , 430 , 1,1,245
17 , 440 , 1,1,224
17 , 450 , 1,1,202
17 , 460 , 1,1,189
17 , 470 , 1,1,187
17 , 480 , 1,1,189
17 , 490 , 1,160
17 , 500 , 1,1,143
17 , 510 , 1,1,135
17 , 520 , 1,1,116
17 , 530 , 1,1,106
17 , 540 , 1,1,89
17 , 550 , 1,1,1,84
17 , 560 , 1,1,76
17 , 570 , 1,1,75
17 , 580 , 1,77
17 , 590 , 1,76
17 , 600 , 1,72
18 , 110 , 66,526,89,21,383,119,2
18 , 120 , 50,529,68,19,406,119,2
18 , 130 , 38,549,53,15,435,111,2
18 , 140 , 22,530,44,13,468,97,2
18 , 150 , 15,514,35,11,512,90,1
18 , 160 , 13,491,31,9,550,83
18 , 170 , 6,443,25,7,585,70
18 , 180 , 4,383,26,7,619,61
18 , 190 , 2,328,20,6,641,55
18 , 200 , 49,249,16,4,685
18 , 210 , 45,215,16,3,711
18 , 220 , 45,205,19,3,737
18 , 230 , 40,174,15,2,748
18 , 240 , 36,160,11,2,757
18 , 250 , 31,125,9,774
18 , 260 , 32,101,8,800
18 , 270 , 29,75,5,805
18 , 280 , 28,56,3,802
18 , 290 , 24,50,3,806
18 , 300 , 26,48,3,848
18 , 310 , 24,40,2,2,848
18 , 320 , 19,26,2,2,829
18 , 330 , 17,19,2,2,837
18 , 340 , 17,14,2,2,838
18 , 350 , 15,12,2,2,859
18 , 360 , 12,11,2,1,848
18 , 370 , 10,9,1,816
18 , 380 , 8,7,1,793
18 , 390 , 8,7,1,1,832
18 , 400 , 8,6,1,1,810
18 , 410 , 7,6,1,1,804
18 , 420 , 6,7,1,1,865
18 , 430 , 6,6,1,1,874
18 , 440 , 4,3,1,866
18 , 450 , 4,2,1,873
18 , 460 , 4,2,878
18 , 470 , 4,2,875
18 , 480 , 4,1,846
18 , 490 , 3,1,888
18 , 500 , 3,878
18 , 510 , 3,871
18 , 520 , 3,837
18 , 530 , 3,878
18 , 540 , 3,903
18 , 550 , 3,934
18 , 560 , 3,978
18 , 570 , 3,950
18 , 580 , 3,900
18 , 590 , 3,829
18 , 600 , 1,851
19 , 110 , 45,602,121,11,365,100,4
19 , 120 , 32,626,104,8,406,97,4
19 , 130 , 14,643,88,8,443,94,3
19 , 140 , 8,599,76,7,487,90,3
19 , 150 , 3,560,60,7,532,85,3
19 , 160 , 1,528,53,7,562,80,2
19 , 170 , 463,42,3,587,78,2
19 , 180 , 405,32,3,606,69,1
19 , 190 , 352,1,28,2,639,58,1
19 , 200 , 298,1,22,2,653,54,1
19 , 210 , 249,13,2,649,49,1
19 , 220 , 199,9,2,668,45,1
19 , 230 , 164,7,1,685,42,1
19 , 240 , 131,6,1,686,35,1
19 , 250 , 33,1,96,5,692
19 , 260 , 33,1,78,3,673
19 , 270 , 1,53,1,683,30,1
19 , 280 , 1,40,1,661,28,1
19 , 290 , 25,1,32,1,645
19 , 300 , 21,1,18,634
19 , 310 , 19,1,16,638
19 , 320 , 15,1,14,654
19 , 330 , 15,1,12,650
19 , 340 , 14,1,5,634
19 , 350 , 13,1,5,623
19 , 360 , 12,4,642
19 , 370 , 12,4,603
19 , 380 , 8,2,570
19 , 390 , 8,3,526
19 , 400 , 7,3,512
19 , 410 , 6,6,500
19 , 420 , 5,6,461
19 , 430 , 4,6,445
19 , 440 , 4,7,446
19 , 450 , 4,8,422
19 , 460 , 4,8,422
19 , 470 , 4,9,410
19 , 480 , 4,10,401
19 , 490 , 3,10,422
19 , 500 , 3,11,450
19 , 510 , 3,11,451
19 , 520 , 1,11,433
19 , 530 , 1,13,406
19 , 540 , 1,15,411
19 , 550 , 1,11,375
19 , 560 , 1,9,333
19 , 570 , 1,6,294
19 , 580 , 1,6,271
19 , 590 , 1,5,239
19 , 600 , 1,3,239
20 , 110 , 52,503,107,17,413,120,1
20 , 120 , 35,534,78,16,442,114,1
20 , 130 , 21,523,70,14,462,109
20 , 140 , 15,498,65,12,476,106
20 , 150 , 7,471,58,9,497,97
20 , 160 , 5,419,51,7,523,85
20 , 170 , 1,363,45,7,553,74
20 , 180 , 1,305,44,5,565,68
20 , 190 , 1,277,33,3,582,58
20 , 200 , 53,226,25,3,591
20 , 210 , 47,184,20,2,601
20 , 220 , 38,140,18,1,593
20 , 230 , 103,10,1,1,578,37
20 , 240 , 68,9,1,1,562,33
20 , 250 , 48,7,1,1,557,28
20 , 260 , 39,5,1,1,538,27
20 , 270 , 28,4,1,1,504,23
20 , 280 , 19,20,4,1,484
20 , 290 , 18,14,4,1,465
20 , 300 , 15,12,4,1,443
20 , 310 , 13,7,4,1,412
20 , 320 , 13,3,3,1,393
20 , 330 , 11,1,2,1,376
20 , 340 , 12,1,2,1,358
20 , 350 , 12,1,1,1,328
20 , 360 , 9,1,1,1,301
20 , 370 , 8,1,1,265
20 , 380 , 6,1,1,230
20 , 390 , 6,1,218
20 , 400 , 6,1,195
20 , 410 , 6,1,172
20 , 420 , 6,1,155
20 , 430 , 6,1,146
20 , 440 , 6,1,129
20 , 450 , 6,1,122
20 , 460 , 5,111
20 , 470 , 4,104
20 , 480 , 3,99
20 , 490 , 3,80
20 , 500 , 3,72
20 , 510 , 3,65
20 , 520 , 3,59
20 , 530 , 3,52
20 , 540 , 3,50
20 , 550 , 3,47
20 , 560 , 2,44
20 , 570 , 2,41
20 , 580 , 2,33
20 , 590 , 2,29
20 , 600 , 3,25
21 , 110 , 47,567,119,7,373,133,3
21 , 120 , 34,574,93,7,405,127,2
21 , 130 , 24,580,70,6,444,126,2
21 , 140 , 17,566,63,5,468,119,2
21 , 150 , 9,547,51,4,497,112,2
21 , 160 , 4,493,47,3,525,107,2
21 , 170 , 437,31,2,539,99,2
21 , 180 , 359,21,2,543,89,1
21 , 190 , 1,304,18,1,568,81,1
21 , 200 , 1,238,15,1,584,74
21 , 210 , 67,1,191,14,589
21 , 220 , 59,1,150,11,587
21 , 230 , 58,1,114,9,558
21 , 240 , 51,1,86,12,559
21 , 250 , 43,1,80,7,565
21 , 260 , 37,52,5,548
21 , 270 , 34,1,4,1,545,30
21 , 280 , 27,1,4,1,552,28
21 , 290 , 24,24,4,1,538
21 , 300 , 19,15,4,1,491
21 , 310 , 15,11,3,1,464
21 , 320 , 12,5,3,1,409
21 , 330 , 11,5,2,1,381
21 , 340 , 8,4,1,385
21 , 350 , 7,4,2,370
21 , 360 , 7,1,2,333
21 , 370 , 6,2,317
21 , 380 , 6,2,284
21 , 390 , 6,1,261
21 , 400 , 6,242
21 , 410 , 6,225
21 , 420 , 5,237
21 , 430 , 2,232
21 , 440 , 2,231
21 , 450 , 2,1,223
21 , 460 , 2,1,232
21 , 470 , 1,2,225
21 , 480 , 1,3,207
21 , 490 , 1,4,185
21 , 500 , 1,4,175
21 , 510 , 1,6,166
21 , 520 , 1,7,148
21 , 530 , 1,7,145
21 , 540 , 1,8,134
21 , 550 , 1,1,9,126
21 , 560 , 1,9,113
21 , 570 , 2,11,106
21 , 580 , 2,12,98
21 , 590 , 2,12,92
21 , 600 , 2,13,82
22 , 110 , 46,602,124,16,377,115,4
22 , 120 , 38,622,107,15,420,108,3
22 , 130 , 25,646,89,15,464,98,3
22 , 140 , 15,607,76,11,505,87,3
22 , 150 , 7,583,60,9,540,87,2
22 , 160 , 3,532,50,8,579,81,2
22 , 170 , 2,483,39,8,605,73,2
22 , 180 , 412,29,8,617,66,2
22 , 190 , 338,24,7,639,63,2
22 , 200 , 292,22,7,659,54,1
22 , 210 , 1,221,1,23,6,690,50,1
22 , 220 , 1,172,17,6,687,43,1
22 , 230 , 1,143,12,4,652,35,1
22 , 240 , 1,112,10,4,623,31,1
22 , 250 , 1,74,8,4,602,30
22 , 260 , 1,54,10,4,579,29
22 , 270 , 2,34,5,4,1,579,24
22 , 280 , 2,24,4,2,1,545,20
22 , 290 , 2,18,4,2,1,521,16
22 , 300 , 2,18,3,2,1,512,14
22 , 310 , 2,11,3,1,477,12
22 , 320 , 2,7,1,3,1,459,10
22 , 330 , 3,1,2,1,431,8
22 , 340 , 7,1,1,388
22 , 350 , 5,1,362
22 , 360 , 4,1,2,344
22 , 370 , 3,1,1,326
22 , 380 , 2,1,1,311
22 , 390 , 2,1,2,279
22 , 400 , 2,1,1,252
22 , 410 , 1,3,1,234
22 , 420 , 1,3,1,206
22 , 430 , 1,3,1,188
22 , 440 , 1,1,4,172
22 , 450 , 1,1,4,168
22 , 460 , 1,1,5,166
22 , 470 , 1,1,5,156
22 , 480 , 1,1,6,139
22 , 490 , 1,1,7,129
22 , 500 , 1,1,7,136
22 , 510 , 1,1,7,139
22 , 520 , 1,7,132
22 , 530 , 2,9,127
22 , 540 , 2,6,120
22 , 550 , 1,5,117
22 , 560 , 1,6,101
22 , 570 , 1,2,87
22 , 580 , 1,78
22 , 590 , 1,73
22 , 600 , 1,67
23 , 110 , 62,572,1,85,11,374,99,1
23 , 120 , 50,606,1,70,10,384,99,1
23 , 130 , 37,591,1,61,8,407,94,1
23 , 140 , 24,606,1,53,7,443,94
23 , 150 , 17,588,1,34,6,462,92
23 , 160 , 10,565,1,28,6,484,89
23 , 170 , 6,516,1,24,5,517,82
23 , 180 , 2,505,2,19,4,534,75
23 , 190 , 1,436,2,14,4,540,68
23 , 200 , 360,2,11,4,554,63
23 , 210 , 52,304,11,4,548
23 , 220 , 46,266,10,1,567
23 , 230 , 40,227,8,1,567
23 , 240 , 37,180,7,1,579
23 , 250 , 32,158,5,1,591
23 , 260 , 27,154,3,1,584
23 , 270 , 23,132,3,1,589
23 , 280 , 22,114,3,1,610
23 , 290 , 16,95,2,1,623
23 , 300 , 16,78,2,1,643
23 , 310 , 14,66,2,1,652
23 , 320 , 55,2,1,666,13,1
23 , 330 , 11,27,2,1,669
23 , 340 , 11,28,2,1,686
23 , 350 , 11,21,2,1,695
23 , 360 , 10,15,2,1,700
23 , 370 , 10,11,2,1,724
23 , 380 , 10,11,3,1,720
23 , 390 , 10,8,1,1,724
23 , 400 , 9,9,1,1,743
23 , 410 , 7,8,1,1,759
23 , 420 , 8,7,1,1,784
23 , 430 , 8,8,1,778
23 , 440 , 8,9,1,834
23 , 450 , 8,10,1,859
23 , 460 , 9,11,922
23 , 470 , 8,13,941
23 , 480 , 8,14,992
23 , 490 , 8,18,1062
23 , 500 , 8,19,1070
23 , 510 , 9,25,1102
23 , 520 , 10,19,1102
23 , 530 , 9,19,1061
23 , 540 , 6,16,1009
23 , 550 , 5,15,949
23 , 560 , 4,887
23 , 570 , 4,903
23 , 580 , 4,965
23 , 590 , 4,1004
23 , 600 , 4,1023
24 , 110 , 41,219,1,70,9,239,64,3
24 , 120 , 31,251,1,64,8,248,62,3
24 , 130 , 27,285,49,8,262,63,2
24 , 140 , 18,330,51,6,278,65,1
24 , 150 , 11,374,47,3,300,67,1
24 , 160 , 9,417,43,3,313,66,1
24 , 170 , 7,480,42,3,335,66,1
24 , 180 , 2,551,37,3,355,60,1
24 , 190 , 1,609,34,3,331,58,1
24 , 200 , 1,671,28,1,358,59,1
24 , 210 , 56,1,664,23,316
24 , 220 , 44,1,740,14,349
24 , 230 , 46,1,824,12,382
24 , 240 , 45,1,890,9,383
24 , 250 , 42,1,952,8,402
24 , 260 , 42,1,1049,5,439
24 , 270 , 43,1,1054,5,444
24 , 280 , 39,1,1154,1,503
24 , 290 , 36,1,1251,1,559
24 , 300 , 35,1173,1,616
24 , 310 , 34,1180,1,648
24 , 320 , 35,1166,1,683
24 , 330 , 32,2,1157,1,745
24 , 340 , 31,2,1155,1,746
24 , 350 , 15,634,419
24 , 360 , 15,1,713,456
24 , 370 , 14,1,826,453
24 , 380 , 13,1,906,455
24 , 390 , 13,1,1023,495
24 , 400 , 12,1,1077,555
24 , 410 , 11,1,1103,569
24 , 420 , 11,1185,583
24 , 430 , 10,1253,1,645
24 , 440 , 9,1190,1,686
24 , 450 , 3,615,388
24 , 460 , 2,470,1,431
24 , 470 , 2,502,1,486
24 , 480 , 2,562,1,529
24 , 490 , 2,548,1,546
24 , 500 , 2,605,1,596
24 , 510 , 3,658,1,660
24 , 520 , 3,663,1,696
24 , 530 , 3,723,1,714
24 , 540 , 3,700,1,690
24 , 550 , 3,781,1,733
24 , 560 , 3,603,1,817
24 , 570 , 3,640,1,651
24 , 580 , 2,675,1,737
24 , 590 , 2,713,1,819
24 , 600 , 2,737,1,886
25 , 110 , 30,72,36,5,43,23
25 , 120 , 28,63,23,5,25,20
25 , 130 , 26,57,26,4,11,18
25 , 140 , 17,50,26,2,12,15
25 , 150 , 8,10,22,2,2,7
25 , 160 , 7,10,4,2,2,5
25 , 170 , 4,6,7,2
25 , 180 , 1,6,8,1
26 , 110 , 24,428,76,12,454,79,2
26 , 120 , 14,443,71,11,483,80,1
26 , 130 , 9,419,61,11,510,71
26 , 140 , 8,387,47,10,520,63
26 , 150 , 4,358,38,9,530,59
26 , 160 , 2,316,27,8,543,52
26 , 170 , 2,280,25,9,562,50
26 , 180 , 3,245,23,8,563,46
26 , 190 , 2,213,28,7,562,41
26 , 200 , 2,181,17,6,581,37
26 , 210 , 1,150,13,5,589,31
26 , 220 , 1,106,9,5,583,31
26 , 230 , 1,95,6,3,595,27
26 , 240 , 1,71,5,3,597,24
26 , 250 , 2,57,3,3,605,20
26 , 260 , 2,46,3,3,592,18
26 , 270 , 2,36,4,3,541,16
26 , 280 , 2,25,4,3,539,13
26 , 290 , 1,15,5,3,513,13
26 , 300 , 13,10,4,3,526
26 , 310 , 11,7,2,2,477
26 , 320 , 11,5,2,2,449
26 , 330 , 10,3,2,1,431
26 , 340 , 9,3,2,1,443
26 , 350 , 7,2,1,1,419
26 , 360 , 4,2,1,1,388
26 , 370 , 3,2,1,361
26 , 380 , 3,1,1,340
26 , 390 , 2,1,318
26 , 400 , 2,1,283
26 , 410 , 2,1,249
26 , 420 , 2,1,236
26 , 430 , 2,1,236
26 , 440 , 2,2,220
26 , 450 , 2,3,230
26 , 460 , 2,3,233
26 , 470 , 2,2,1,225
26 , 480 , 2,1,1,214
26 , 490 , 2,1,192
26 , 500 , 1,1,182
26 , 510 , 1,1,179
26 , 520 , 1,1,187
26 , 530 , 1,1,1,1,183
26 , 540 , 1,1,1,181
26 , 550 , 1,1,2,184
26 , 560 , 1,1,1,204
26 , 570 , 1,1,206
26 , 580 , 1,1,207
26 , 590 , 1,1,196
26 , 600 , 1,2,192
27 , 110 , 1,43,528,80,13,413,113,1
27 , 120 , 1,33,581,62,10,434,114,1
27 , 130 , 1,26,598,54,8,462,107,1
27 , 140 , 1,18,645,44,4,461,103,1
27 , 150 , 1,12,642,36,3,467,98,1
27 , 160 , 1,7,634,27,3,481,92,1
27 , 170 , 1,4,671,19,3,496,86,1
27 , 180 , 1,2,663,16,3,498,80,1
27 , 190 , 1,2,663,16,3,525,74,1
27 , 200 , 1,2,631,12,3,560,67,1
27 , 210 , 1,2,617,8,3,587,64,1
27 , 220 , 1,1,595,7,2,610,60,1
27 , 230 , 1,572,7,1,642,54,1
27 , 240 , 1,576,6,1,686,50,1
27 , 250 , 1,532,5,2,724,46,1
27 , 260 , 1,545,4,2,753,43,1
27 , 270 , 1,552,3,1,816,41,1
27 , 280 , 1,579,3,1,891,43,1
27 , 290 , 1,587,3,947,39,1
27 , 300 , 2,585,3,1018,39,1
27 , 310 , 37,1,555,2,1087
27 , 320 , 36,547,2,1178
27 , 330 , 34,511,1,1218
27 , 340 , 33,494,1,1294
27 , 350 , 31,437,1,1153
27 , 360 , 29,407,1,1171
27 , 370 , 27,374,1,1199
27 , 380 , 22,355,1,1225
27 , 390 , 21,362,1,1180
27 , 400 , 19,332,1,1242
27 , 410 , 20,305,1,1302
27 , 420 , 19,333,1,1366
27 , 430 , 19,1,342,1,1436
27 , 440 , 310,1,1522,17,2,1
27 , 450 , 310,1,1619,14,2,1
27 , 460 , 6,2,158,1,847
27 , 470 , 6,2,156,1,885
27 , 480 , 6,2,160,1,954
27 , 490 , 5,2,173,1,1037
27 , 500 , 4,2,191,1,1111
27 , 510 , 4,2,199,1,1194
27 , 520 , 3,3,192,1,1259
27 , 530 , 2,4,195,1,1348
27 , 540 , 2,4,198,1,1447
27 , 550 , 2,4,189,1,1484
27 , 560 , 2,4,175,1,1557
27 , 570 , 2,5,180,1,1648
27 , 580 , 2,4,187,1,1697
27 , 590 , 2,4,178,1,1753
27 , 600 , 2,4,187,1,1750
28 , 110 , 30,410,60,8,296,97,3
28 , 120 , 22,433,54,8,316,92,2
28 , 130 , 12,444,45,7,303,92,1
28 , 140 , 11,457,38,7,253,86
28 , 150 , 6,498,34,6,270,84
28 , 160 , 6,532,26,4,270,82
28 , 170 , 4,558,24,4,286,79
28 , 180 , 2,601,17,4,285,75
28 , 190 , 1,608,15,3,290,71
28 , 200 , 67,604,13,3,313
28 , 210 , 65,635,10,1,350
28 , 220 , 64,632,9,1,335
28 , 230 , 62,632,8,1,349
28 , 240 , 59,634,8,1,367
28 , 250 , 57,652,8,1,398
28 , 260 , 53,676,7,1,421
28 , 270 , 49,700,7,1,467
28 , 280 , 47,711,6,1,497
28 , 290 , 43,744,5,1,544
28 , 300 , 41,716,3,1,585
28 , 310 , 38,681,4,1,615
28 , 320 , 36,667,3,1,675
28 , 330 , 34,670,714
28 , 340 , 35,685,775
28 , 350 , 34,695,831
28 , 360 , 32,665,898
28 , 370 , 30,659,971
28 , 380 , 28,633,1054
28 , 390 , 25,629,1160
28 , 400 , 23,639,1177
28 , 410 , 23,653,1291
28 , 420 , 7,338,1,675
28 , 430 , 8,347,1,730
28 , 440 , 6,313,760
28 , 450 , 6,300,799
28 , 460 , 6,275,835
28 , 470 , 6,282,906
28 , 480 , 4,295,966
28 , 490 , 4,309,1050
28 , 500 , 4,325,1097
28 , 510 , 4,325,1165
28 , 520 , 3,332,1251
28 , 530 , 2,312,1328
28 , 540 , 2,322,1422
28 , 550 , 3,339,1548
28 , 560 , 3,310,1654
28 , 570 , 3,157,871
28 , 580 , 3,171,957
28 , 590 , 3,176,1031
28 , 600 , 3,190,1045
29 , 110 , 8,134,2,23,2,78,28
29 , 120 , 2,141,1,20,1,83,27
29 , 130 , 27,2,136,19,90
29 , 140 , 23,2,128,16,99
29 , 150 , 20,1,124,12,104
29 , 160 , 20,1,127,10,108
29 , 170 , 20,1,100,6,112
29 , 180 , 20,1,79,6,113
29 , 190 , 18,1,69,5,114
29 , 200 , 17,1,54,5,120
29 , 210 , 16,1,54,5,131
29 , 220 , 15,2,44,3,133
29 , 230 , 13,2,37,3,142
29 , 240 , 12,3,30,2,155
29 , 250 , 12,2,23,2,152
29 , 260 , 9,2,21,2,158
29 , 270 , 7,2,22,2,164
29 , 280 , 7,3,15,2,176
29 , 290 , 6,13,2,177
29 , 300 , 6,8,3,184
29 , 310 , 4,8,3,191
29 , 320 , 3,5,1,204
29 , 330 , 2,5,1,202
29 , 340 , 2,4,199
29 , 350 , 2,4,200
29 , 360 , 3,3,212
29 , 370 , 3,4,226
29 , 380 , 3,5,244
29 , 390 , 3,5,253
29 , 400 , 1,4,264
29 , 410 , 1,4,277
29 , 420 , 1,4,280
29 , 430 , 1,3,269
29 , 440 , 1,1,2,249
29 , 450 , 2,1,4,266
29 , 460 , 2,1,4,269
29 , 470 , 2,1,5,271
29 , 480 , 2,1,5,259
29 , 490 , 3,1,10,274
29 , 500 , 3,1,13,270
29 , 510 , 3,1,13,279
29 , 520 , 3,1,14,282
29 , 530 , 3,1,16,266
29 , 540 , 3,1,13,269
29 , 550 , 3,1,13,282
29 , 560 , 3,1,12,279
29 , 570 , 3,1,10,264
29 , 580 , 2,1,8,242
29 , 590 , 2,1,6,1,231
29 , 600 , 2,1,6,245
30 , 110 , 33,426,63,7,292,83
30 , 120 , 24,425,51,6,303,79
30 , 130 , 15,417,41,5,329,73
30 , 140 , 11,409,33,5,354,68
30 , 150 , 7,366,29,4,379,62
30 , 160 , 5,316,29,3,398,59
30 , 170 , 1,267,25,2,411,57
30 , 180 , 52,217,21,2,430
30 , 190 , 45,200,17,2,439
30 , 200 , 43,157,17,1,456
30 , 210 , 33,135,10,1,451
30 , 220 , 29,122,9,1,448
30 , 230 , 24,87,8,1,447
30 , 240 , 21,62,5,430
30 , 250 , 20,59,3,424
30 , 260 , 14,41,2,399
30 , 270 , 11,1,38,3,378
30 , 280 , 10,35,3,406
30 , 290 , 9,33,2,408
30 , 300 , 8,36,2,428
30 , 310 , 7,36,1,432
30 , 320 , 6,28,1,426
30 , 330 , 5,20,1,405
30 , 340 , 4,12,1,372
30 , 350 , 4,9,1,346
30 , 360 , 3,7,1,317
30 , 370 , 3,6,1,288
30 , 380 , 3,3,1,250
30 , 390 , 2,1,1,218
30 , 400 , 1,1,195
30 , 410 , 1,177
30 , 420 , 1,152
30 , 430 , 1,131
30 , 440 , 1,117
30 , 450 , 1,101
30 , 460 , 1,87
30 , 470 , 1,76
30 , 480 , 65
30 , 490 , 58
30 , 500 , 56
30 , 510 , 60
30 , 520 , 59
30 , 530 , 60
30 , 540 , 66
30 , 550 , 70
30 , 560 , 76
30 , 570 , 81
30 , 580 , 88
30 , 590 , 87
30 , 600 , 84
31 , 110 , 19,422,83,9,274,68,2
31 , 120 , 13,399,70,9,293,63,1
31 , 130 , 8,400,56,8,318,63
31 , 140 , 6,390,44,8,330,58
31 , 150 , 3,371,38,7,350,56
31 , 160 , 49,332,34,6,360
31 , 170 , 48,316,26,6,379
31 , 180 , 48,276,23,6,399
31 , 190 , 46,215,18,5,417
31 , 200 , 41,171,15,4,435
31 , 210 , 36,144,14,3,446
31 , 220 , 129,10,3,1,456,32
31 , 230 , 120,6,2,1,457,30
31 , 240 , 98,5,1,1,474,28
31 , 250 , 78,5,1,1,465,24
31 , 260 , 61,5,1,1,447,24
31 , 270 , 51,4,1,1,448,24
31 , 280 , 44,5,1,1,439,21
31 , 290 , 21,38,3,1,426
31 , 300 , 18,28,2,1,431
31 , 310 , 14,22,2,1,425
31 , 320 , 9,21,2,1,418
31 , 330 , 6,19,1,1,407
31 , 340 , 6,14,1,1,407
31 , 350 , 5,10,1,1,395
31 , 360 , 5,7,1,1,379
31 , 370 , 4,6,1,1,395
31 , 380 , 3,4,1,402
31 , 390 , 3,3,1,384
31 , 400 , 3,2,418
31 , 410 , 3,2,443
31 , 420 , 3,2,458
31 , 430 , 3,1,463
31 , 440 , 2,1,479
31 , 450 , 2,1,500
31 , 460 , 2,1,523
31 , 470 , 2,1,555
31 , 480 , 2,1,604
31 , 490 , 2,2,640
31 , 500 , 2,2,645
31 , 510 , 1,2,658
31 , 520 , 1,2,678
31 , 530 , 1,2,1,721
31 , 540 , 1,2,1,729
31 , 550 , 1,2,660
31 , 560 , 1,2,621
31 , 570 , 1,2,573
31 , 580 , 1,2,561
31 , 590 , 1,1,540
31 , 600 , 1,2,526
32 , 110 , 29,399,81,10,264,98,2
32 , 120 , 22,408,67,8,294,91,2
32 , 130 , 18,425,57,6,322,83,2
32 , 140 , 10,416,46,6,347,75,2
32 , 150 , 6,413,43,6,381,68,2
32 , 160 , 5,396,40,6,411,64,1
32 , 170 , 2,330,38,6,431,55
32 , 180 , 2,290,39,4,466,51
32 , 190 , 2,251,32,4,1,481,49
32 , 200 , 225,23,4,1,501,45
32 , 210 , 205,13,3,1,519,41
32 , 220 , 160,12,3,1,530,40
32 , 230 , 129,10,2,1,517,34
32 , 240 , 108,8,2,1,503,28
32 , 250 , 26,79,7,1,492
32 , 260 , 24,69,4,1,489
32 , 270 , 22,50,5,2,476
32 , 280 , 18,33,5,2,452
32 , 290 , 16,26,2,2,459
32 , 300 , 12,13,2,1,452
32 , 310 , 11,10,2,1,440
32 , 320 , 10,7,3,1,447
32 , 330 , 10,8,4,1,466
32 , 340 , 8,5,1,1,460
32 , 350 , 10,4,1,434
32 , 360 , 10,4,1,462
32 , 370 , 10,4,1,1,486
32 , 380 , 10,1,1,1,473
32 , 390 , 10,1,1,1,459
32 , 400 , 10,1,1,1,465
32 , 410 , 9,2,1,1,476
32 , 420 , 8,2,2,1,470
32 , 430 , 6,2,1,1,464
32 , 440 , 6,2,1,1,465
32 , 450 , 6,2,1,1,481
32 , 460 , 7,2,1,1,487
32 , 470 , 6,2,1,1,470
32 , 480 , 6,2,1,458
32 , 490 , 5,2,1,447
32 , 500 , 4,3,1,428
32 , 510 , 4,2,398
32 , 520 , 3,2,376
32 , 530 , 3,2,1,374
32 , 540 , 3,4,1,382
32 , 550 , 2,6,1,381
32 , 560 , 3,9,1,362
32 , 570 , 3,10,1,332
32 , 580 , 3,12,1,310
32 , 590 , 3,12,1,294
32 , 600 , 3,13,278
35 , 110 , 20,187,36,4,146,45
35 , 120 , 13,195,30,2,165,41
35 , 130 , 9,199,30,2,171,37
35 , 140 , 6,174,26,1,178,34
35 , 150 , 34,3,165,22,179
35 , 160 , 31,154,17,191
35 , 170 , 28,140,15,199
35 , 180 , 26,122,11,209
35 , 190 , 22,97,11,210
35 , 200 , 21,72,8,210
35 , 210 , 20,52,9,207
35 , 220 , 15,42,10,207
35 , 230 , 15,34,10,212
35 , 240 , 13,22,10,212
35 , 250 , 12,16,11,202
35 , 260 , 7,11,6,198
35 , 270 , 5,9,5,190
35 , 280 , 5,8,5,175
35 , 290 , 3,6,5,167
35 , 300 , 3,5,3,154
35 , 310 , 2,2,2,142
35 , 320 , 2,2,131
35 , 330 , 2,1,127
35 , 340 , 2,1,120
35 , 350 , 2,116
35 , 360 , 2,106
35 , 370 , 2,99
35 , 380 , 1,94
35 , 390 , 1,89
35 , 400 , 1,84
35 , 410 , 1,78
35 , 420 , 1,73
35 , 430 , 1,77
35 , 440 , 1,81
35 , 450 , 86
35 , 460 , 95
35 , 470 , 99
35 , 480 , 97
35 , 490 , 96
35 , 500 , 91
35 , 510 , 86
35 , 520 , 83
35 , 530 , 73
35 , 540 , 72
35 , 550 , 87
35 , 560 , 91
35 , 570 , 92
35 , 580 , 88
35 , 590 , 89
35 , 600 , 84
36 , 110 , 31,500,92,14,292,93,6
36 , 120 , 20,515,77,12,321,90,5
36 , 130 , 9,516,65,11,348,84,5
36 , 140 , 5,509,1,48,11,370,77,5
36 , 150 , 3,494,1,40,9,388,74,5
36 , 160 , 2,443,1,31,6,406,65,5
36 , 170 , 370,23,6,428,58,3
36 , 180 , 315,21,4,457,55,3
36 , 190 , 269,17,4,456,54,3
36 , 200 , 218,13,3,470,48,3
36 , 210 , 174,10,3,482,39,2
36 , 220 , 139,8,3,496,34,1
36 , 230 , 109,5,3,519,33,1
36 , 240 , 85,5,3,511,30,2
36 , 250 , 70,2,3,497,24,1
36 , 260 , 54,2,2,473,24,1
36 , 270 , 20,41,2,2,445
36 , 280 , 19,30,2,2,425
36 , 290 , 17,20,1,404
36 , 300 , 13,12,1,387
36 , 310 , 10,9,367
36 , 320 , 8,9,332
36 , 330 , 7,9,310
36 , 340 , 3,7,290
36 , 350 , 3,6,267
36 , 360 , 3,5,249
36 , 370 , 3,5,235
36 , 380 , 3,4,223
36 , 390 , 2,4,220
36 , 400 , 1,4,198
36 , 410 , 1,3,187
36 , 420 , 1,1,1,172
36 , 430 , 1,1,1,164
36 , 440 , 1,1,1,141
36 , 450 , 1,1,2,125
36 , 460 , 1,2,123
36 , 470 , 1,2,116
36 , 480 , 1,2,109
36 , 490 , 1,2,101
36 , 500 , 1,1,90
36 , 510 , 1,83
36 , 520 , 71
36 , 530 , 65
36 , 540 , 62
36 , 550 , 52
36 , 560 , 50
36 , 570 , 51
36 , 580 , 43
36 , 590 , 41
36 , 600 , 39
37 , 110 , 52,501,130,10,337,93,3
37 , 120 , 40,545,124,9,376,91,2,1
37 , 130 , 33,598,111,9,425,90,2,1
37 , 140 , 25,660,98,7,471,88,2,1
37 , 150 , 23,732,83,6,522,89,1,1
37 , 160 , 16,797,78,5,575,90,1,1
37 , 170 , 9,874,66,4,633,88,1,1
37 , 180 , 7,972,54,2,694,89,1,3
37 , 190 , 5,1076,48,1,788,88,1,3
37 , 200 , 1,577,24,424,44,3
37 , 210 , 1,669,20,482,43,3
37 , 220 , 1,736,18,532,42,3
37 , 230 , 1,802,13,607,44,3
37 , 240 , 45,4,863,11,671
37 , 250 , 46,4,881,9,736
37 , 260 , 44,6,969,8,817
37 , 270 , 24,1,533,4,455
37 , 280 , 22,1,596,3,511
37 , 290 , 651,4,563,24,1,1,1
37 , 300 , 681,1,2,618,24,1,1,1
37 , 310 , 719,1,1,670,24,2,1
37 , 320 , 783,1,1,737,23,2,1
37 , 330 , 831,1,2,782,23,2,1
37 , 340 , 889,1,2,828,25,3,1
37 , 350 , 963,1,2,910,26,4,1
37 , 360 , 9,2,533,1,485
37 , 370 , 9,2,593,1,552
37 , 380 , 9,685,3,601
37 , 390 , 8,763,3,656
37 , 400 , 8,851,3,716
37 , 410 , 8,918,4,780
37 , 420 , 8,963,4,862
37 , 430 , 8,1001,4,953
37 , 440 , 4,1,526,1,534
37 , 450 , 3,568,1,580
37 , 460 , 3,629,1,636
37 , 470 , 3,671,1,708
37 , 480 , 3,735,1,792
37 , 490 , 3,818,1,872
37 , 500 , 3,835,1,968
37 , 510 , 3,894,1,1051
37 , 520 , 2,491,559
37 , 530 , 2,557,621
37 , 540 , 2,613,694
37 , 550 , 2,664,752
37 , 560 , 2,714,842
37 , 570 , 2,764,871
37 , 580 , 2,831,963
37 , 590 , 2,918,1067
37 , 600 , 516,558
38 , 110 , 54,558,81,8,446,104,2
38 , 120 , 40,562,58,8,498,96,2
38 , 130 , 31,601,50,8,543,94,2
38 , 140 , 12,607,43,6,587,89,2
38 , 150 , 9,603,38,5,629,85,2
38 , 160 , 7,587,38,3,665,79,3
38 , 170 , 4,552,30,3,709,72,1
38 , 180 , 3,519,24,3,738,67,1
38 , 190 , 3,479,23,2,786,63,1
38 , 200 , 3,470,22,2,830,59,1
38 , 210 , 3,407,20,2,857,53,1
38 , 220 , 2,370,18,1,904,49
38 , 230 , 2,351,18,1,916,48
38 , 240 , 2,319,12,1,950,46
38 , 250 , 2,297,8,1,984,43
38 , 260 , 1,258,7,1,1022,38
38 , 270 , 1,243,5,1,1084,38
38 , 280 , 1,227,3,1,1128,35
38 , 290 , 32,215,3,1,1197
38 , 300 , 29,213,2,1,1212
38 , 310 , 29,215,2,1,1306
38 , 320 , 27,198,2,1,1346
38 , 330 , 23,186,2,1,1392
38 , 340 , 20,179,2,1,1470
38 , 350 , 20,170,2,1,1487
38 , 360 , 19,152,1,1,1526
38 , 370 , 19,155,1,1,1547
38 , 380 , 13,157,1,1,1594
38 , 390 , 12,147,1,1,1666
38 , 400 , 8,142,1,3,1780
38 , 410 , 4,90,1,927
38 , 420 , 4,88,1,1004
38 , 430 , 4,93,1,1057
38 , 440 , 4,103,1,1144
38 , 450 , 4,108,1,1202
38 , 460 , 4,99,1,1254
38 , 470 , 1,84,1,1281
38 , 480 , 76,1,1,1323
38 , 490 , 80,2,1,1393
38 , 500 , 85,2,2,1520
38 , 510 , 98,3,2,1625
38 , 520 , 1,105,2,1713
38 , 530 , 1,98,2,1830
38 , 540 , 50,2,948
38 , 550 , 20,2,1,1001
38 , 560 , 24,2,1,1031
38 , 570 , 24,2,1,1034
38 , 580 , 26,2,1,1113
38 , 590 , 25,2,1211
38 , 600 , 30,2,1,1255
39 , 110 , 46,447,112,15,342,100,3,2
39 , 120 , 35,462,97,13,375,94,3,2
39 , 130 , 19,436,88,12,411,89,3,2
39 , 140 , 15,457,70,10,444,84,3
39 , 150 , 9,444,66,10,485,78,1
39 , 160 , 4,388,59,10,509,74,1
39 , 170 , 3,348,56,10,525,64,1
39 , 180 , 2,326,42,9,556,59
39 , 190 , 1,257,39,9,571,52
39 , 200 , 47,214,34,7,600
39 , 210 , 42,176,29,6,602
39 , 220 , 34,126,25,4,607
39 , 230 , 26,106,19,4,616
39 , 240 , 25,93,12,3,601
39 , 250 , 25,61,9,2,588
39 , 260 , 24,43,8,1,574
39 , 270 , 20,29,6,1,550
39 , 280 , 17,24,5,1,544
39 , 290 , 16,16,5,1,533
39 , 300 , 13,9,3,1,523
39 , 310 , 13,7,3,1,494
39 , 320 , 11,6,2,1,461
39 , 330 , 10,1,5,1,447
39 , 340 , 10,1,4,1,464
39 , 350 , 9,1,4,1,437
39 , 360 , 4,1,1,400,7,1
39 , 370 , 3,1,1,1,399,6,1
39 , 380 , 5,1,1,1,402,6
39 , 390 , 6,1,1,1,376,5
39 , 400 , 5,6,1,1,362
39 , 410 , 5,5,1,2,362
39 , 420 , 4,6,1,1,388
39 , 430 , 2,6,1,392
39 , 440 , 1,6,1,379
39 , 450 , 1,8,1,334
39 , 460 , 1,10,1,311
39 , 470 , 1,12,1,276
39 , 480 , 1,10,1,250
39 , 490 , 1,9,1,1,218
39 , 500 , 1,8,1,1,193
39 , 510 , 1,6,1,1,183
39 , 520 , 7,1,1,179
39 , 530 , 6,1,179
39 , 540 , 6,1,166
39 , 550 , 4,1,151
39 , 560 , 5,1,136
39 , 570 , 5,1,118
39 , 580 , 4,1,106
39 , 590 , 2,1,99
39 , 600 , 2,1,99
40 , 110 , 33,442,82,10,330,84,2
40 , 120 , 20,449,71,9,364,81,2,1
40 , 130 , 13,435,56,7,397,74,2,1
40 , 140 , 9,404,46,6,444,67,2,1
40 , 150 , 6,387,43,5,464,63,1,1
40 , 160 , 5,340,38,5,469,59,1,1
40 , 170 , 5,316,33,5,478,52,1
40 , 180 , 5,274,24,5,503,45,1
40 , 190 , 5,228,19,4,506,44,1
40 , 200 , 3,178,13,2,520,39,1
40 , 210 , 1,144,12,2,536,36
40 , 220 , 115,1,8,1,539,33
40 , 230 , 29,86,1,8,551
40 , 240 , 27,73,3,561
40 , 250 , 24,53,2,523
40 , 260 , 23,37,2,519
40 , 270 , 21,28,1,498
40 , 280 , 14,20,1,482
40 , 290 , 14,15,1,481
40 , 300 , 14,10,1,452
40 , 310 , 14,5,437
40 , 320 , 10,1,4,413
40 , 330 , 9,1,3,388
40 , 340 , 9,1,3,359
40 , 350 , 9,1,2,346
40 , 360 , 8,1,2,319
40 , 370 , 8,1,2,321
40 , 380 , 6,1,309
40 , 390 , 4,1,300
40 , 400 , 4,1,279
40 , 410 , 3,1,268
40 , 420 , 1,243
40 , 430 , 1,230
40 , 440 , 215
40 , 450 , 194
40 , 460 , 187
40 , 470 , 169
40 , 480 , 151
40 , 490 , 132
40 , 500 , 133
40 , 510 , 141
40 , 520 , 1,159
40 , 530 , 1,167
40 , 540 , 159
40 , 550 , 156
40 , 560 , 1,167
40 , 570 , 1,170
40 , 580 , 1,165
40 , 590 , 1,168
40 , 600 , 1,170
41 , 110 , 18,173,11,2,30,13
41 , 120 , 12,165,9,1,30,13
41 , 130 , 7,144,7,1,32,10
41 , 140 , 6,142,7,1,25,10
41 , 150 , 5,153,7,1,29,8
41 , 160 , 4,158,7,1,27,7
41 , 170 , 2,152,5,1,31,7
41 , 180 , 2,138,4,1,17,5
41 , 190 , 2,141,5,1,16,3
41 , 200 , 2,153,5,1,13,2
41 , 210 , 2,81,5,1,9
41 , 220 , 1,47,4,5
41 , 230 , 1,4,5
41 , 240 , 1,2,6
41 , 250 , 1,2,8
41 , 260 , 1,1,2
41 , 270 , 1,1
41 , 280 , 1
41 , 290 , 1
41 , 300 , 1
41 , 310 , 1
42 , 110 , 14,261,44,7,135,64,2
42 , 120 , 7,274,37,6,143,57,1
42 , 130 , 4,274,36,6,155,53,1
42 , 140 , 2,258,34,6,170,47,1
42 , 150 , 242,29,5,194,46,1
42 , 160 , 42,239,22,4,199
42 , 170 , 42,203,22,3,208
42 , 180 , 39,178,18,2,214
42 , 190 , 35,151,11,1,215
42 , 200 , 32,126,9,1,222
42 , 210 , 29,107,8,1,234
42 , 220 , 22,92,6,1,228
42 , 230 , 21,69,5,1,225
42 , 240 , 18,48,5,1,217
42 , 250 , 16,34,4,1,215
42 , 260 , 14,1,24,2,218
42 , 270 , 10,1,19,224
42 , 280 , 11,1,17,218
42 , 290 , 8,1,11,225
42 , 300 , 8,1,9,207
42 , 310 , 7,1,6,195
42 , 320 , 6,1,2,186
42 , 330 , 5,1,2,173
42 , 340 , 4,1,154
42 , 350 , 4,144
42 , 360 , 2,138
42 , 370 , 2,143
42 , 380 , 2,157
42 , 390 , 2,170
42 , 400 , 2,164
42 , 410 , 2,157
42 , 420 , 2,175
42 , 430 , 2,182
42 , 440 , 2,184
42 , 450 , 3,186
42 , 460 , 3,172
42 , 470 , 1,167
42 , 480 , 2,165
42 , 490 , 2,161
42 , 500 , 2,1,145
42 , 510 , 2,1,1,138
42 , 520 , 2,1,1,126
42 , 530 , 2,1,1,119
42 , 540 , 3,1,1,117
42 , 550 , 3,1,1,113
42 , 560 , 3,1,98
42 , 570 , 3,1,90
42 , 580 , 3,1,87
42 , 590 , 3,1,81
42 , 600 , 4,1,83
43 , 110 , 47,494,74,17,339,123,1
43 , 120 , 33,534,70,17,389,124,1
43 , 130 , 26,543,59,16,421,122,1
43 , 140 , 17,567,52,12,457,119,1
43 , 150 , 12,572,45,11,491,114,1
43 , 160 , 6,591,39,11,548,112,1
43 , 170 , 3,586,39,10,595,105,1
43 , 180 , 2,572,36,9,621,96,1
43 , 190 , 1,577,35,8,678,90,1
43 , 200 , 1,607,29,8,729,93,1
43 , 210 , 574,22,8,736,92,1
43 , 220 , 587,19,7,782,87,1
43 , 230 , 605,14,6,818,83,1
43 , 240 , 75,590,12,4,869
43 , 250 , 72,538,10,4,928
43 , 260 , 67,526,9,3,989
43 , 270 , 65,539,8,3,1051
43 , 280 , 62,566,5,3,1127
43 , 290 , 1,573,3,1,1220,58
43 , 300 , 1,590,3,1,1252,57
43 , 310 , 53,1,616,3,1301
43 , 320 , 28,292,2,680
43 , 330 , 28,326,1,2,731
43 , 340 , 26,358,1,2,788
43 , 350 , 26,391,2,845
43 , 360 , 24,414,915
43 , 370 , 23,399,976
43 , 380 , 20,384,1032
43 , 390 , 19,401,1,1107
43 , 400 , 20,421,1,1116
43 , 410 , 19,431,1,1197
43 , 420 , 19,421,1,1250
43 , 430 , 19,421,1349
43 , 440 , 17,1,460,1437
43 , 450 , 8,214,776
43 , 460 , 9,225,843
43 , 470 , 8,260,908
43 , 480 , 8,266,989
43 , 490 , 8,267,1070
43 , 500 , 7,296,1163
43 , 510 , 7,316,1257
43 , 520 , 6,306,1364
43 , 530 , 6,320,1447
43 , 540 , 5,334,1525
43 , 550 , 5,334,1605
43 , 560 , 2,176,843
43 , 570 , 2,196,1,924
43 , 580 , 2,215,3,1002
43 , 590 , 2,212,4,1089
43 , 600 , 2,230,4,1163
44 , 110 , 31,380,98,8,303,110,1
44 , 120 , 21,397,80,7,313,104,1
44 , 130 , 18,402,73,7,332,93,1
44 , 140 , 10,397,66,6,359,89,1
44 , 150 , 5,380,56,4,377,85,1
44 , 160 , 4,370,43,4,391,81,1
44 , 170 , 3,325,35,3,400,72,1
44 , 180 , 2,319,30,3,409,65,1
44 , 190 , 1,269,21,3,428,59,1
44 , 200 , 1,247,15,3,440,52
44 , 210 , 48,214,14,3,455
44 , 220 , 42,196,9,2,474
44 , 230 , 36,172,6,2,489
44 , 240 , 36,137,6,2,494
44 , 250 , 28,105,4,2,486
44 , 260 , 27,78,2,2,484
44 , 270 , 26,55,2,2,477
44 , 280 , 23,46,2,2,478
44 , 290 , 21,37,2,2,489
44 , 300 , 21,41,2,2,511
44 , 310 , 19,37,2,2,505
44 , 320 , 35,1,2,1,510,18
44 , 330 , 35,2,1,535,16,1
44 , 340 , 13,34,2,1,564
44 , 350 , 13,32,1,582
44 , 360 , 9,26,1,562
44 , 370 , 9,26,1,582
44 , 380 , 6,24,605
44 , 390 , 5,24,637
44 , 400 , 5,23,669
44 , 410 , 4,23,1,703
44 , 420 , 3,21,1,737
44 , 430 , 2,19,1,749
44 , 440 , 2,11,733
44 , 450 , 2,6,737
44 , 460 , 2,5,692
44 , 470 , 1,1,683
44 , 480 , 1,1,1,691
44 , 490 , 1,1,1,716
44 , 500 , 1,1,730
44 , 510 , 1,2,750
44 , 520 , 1,753
44 , 530 , 1,738
44 , 540 , 1,772
44 , 550 , 1,811
44 , 560 , 1,871
44 , 570 , 1,897
44 , 580 , 2,850
44 , 590 , 2,783
44 , 600 , 2,787
45 , 110 , 40,427,105,12,1,440,93,2
45 , 120 , 30,434,91,11,466,81,1
45 , 130 , 21,423,74,12,503,79,1
45 , 140 , 14,442,61,9,552,78,1
45 , 150 , 6,410,45,8,581,75,1
45 , 160 , 4,381,38,7,627,73,1
45 , 170 , 2,371,29,2,669,71,1
45 , 180 , 1,334,27,2,713,69,1
45 , 190 , 1,310,20,2,738,57
45 , 200 , 1,273,17,2,756,54
45 , 210 , 1,247,16,2,790,53
45 , 220 , 48,212,13,1,803
45 , 230 , 41,189,11,1,829
45 , 240 , 37,159,9,1,858
45 , 250 , 36,140,7,1,885
45 , 260 , 34,124,5,1,880
45 , 270 , 31,119,4,897
45 , 280 , 32,98,3,908
45 , 290 , 28,83,3,906
45 , 300 , 27,70,2,1,894
45 , 310 , 26,67,2,1,919
45 , 320 , 25,58,2,1,953
45 , 330 , 23,50,1,1,946
45 , 340 , 21,42,1,1,948
45 , 350 , 19,40,1,1,962
45 , 360 , 16,39,1,1,963
45 , 370 , 39,2,1,1,996,16
45 , 380 , 16,44,1,1,1033
45 , 390 , 15,51,1055
45 , 400 , 15,1,47,1087
45 , 410 , 15,1,49,1075
45 , 420 , 15,1,44,1127
45 , 430 , 13,1,42,1088
45 , 440 , 12,1,45,1120
45 , 450 , 10,1,43,1089
45 , 460 , 4,1,33,1020
45 , 470 , 4,1,30,937
45 , 480 , 5,1,30,945
45 , 490 , 5,1,38,983
45 , 500 , 5,1,38,1027
45 , 510 , 5,1,40,1043
45 , 520 , 5,1,34,1053
45 , 530 , 5,1,30,1047
45 , 540 , 5,2,27,1071
45 , 550 , 6,1,25,1087
45 , 560 , 7,21,1050
45 , 570 , 7,17,1036
45 , 580 , 7,18,1106
45 , 590 , 7,16,1176
45 , 600 , 6,16,1231
46 , 110 , 38,334,76,17,359,79,1
46 , 120 , 22,348,68,17,384,79
46 , 130 , 17,355,63,16,394,74
46 , 140 , 8,348,52,14,422,70
46 , 150 , 6,335,41,14,458,62
46 , 160 , 3,301,39,10,489,55
46 , 170 , 1,263,36,8,495,49
46 , 180 , 1,220,25,8,512,44
46 , 190 , 1,189,21,6,513,37
46 , 200 , 1,160,20,6,528,34
46 , 210 , 1,125,15,5,524,29
46 , 220 , 1,97,16,4,521,29
46 , 230 , 1,87,16,3,509,28
46 , 240 , 1,76,13,3,526,24
46 , 250 , 1,65,10,2,523,22
46 , 260 , 1,60,1,8,1,496,19
46 , 270 , 1,52,1,6,1,487,15
46 , 280 , 1,41,5,1,484,13
46 , 290 , 12,32,2,1,466
46 , 300 , 9,20,2,1,440
46 , 310 , 8,19,1,1,419
46 , 320 , 8,19,1,1,423
46 , 330 , 8,23,1,1,406
46 , 340 , 6,15,1,1,389
46 , 350 , 1,13,1,1,363,6
46 , 360 , 6,1,11,338
46 , 370 , 6,1,13,351
46 , 380 , 4,1,12,343
46 , 390 , 2,1,9,328
46 , 400 , 1,8,301
46 , 410 , 1,8,285
46 , 420 , 1,3,267
46 , 430 , 1,2,245
46 , 440 , 1,2,265
46 , 450 , 1,2,275
46 , 460 , 1,3,293
46 , 470 , 3,307
46 , 480 , 3,325
46 , 490 , 3,361
46 , 500 , 3,392
46 , 510 , 6,406
46 , 520 , 4,399
46 , 530 , 5,421
46 , 540 , 7,1,1,443
46 , 550 , 7,1,1,445
46 , 560 , 10,1,1,437
46 , 570 , 16,1,1,449
46 , 580 , 16,1,1,441
46 , 590 , 18,1,1,478
46 , 600 , 19,1,1,503
47 , 110 , 36,422,89,9,341,80,1
47 , 120 , 26,443,85,8,365,78,1
47 , 130 , 18,451,78,6,411,73,1
47 , 140 , 13,439,68,4,431,64,1
47 , 150 , 8,456,59,3,468,61,1
47 , 160 , 4,427,49,3,494,54,1
47 , 170 , 3,393,48,3,505,48
47 , 180 , 1,368,42,2,524,47
47 , 190 , 1,354,38,2,548,44
47 , 200 , 1,299,28,1,571,40
47 , 210 , 38,270,26,1,606
47 , 220 , 36,234,21,1,633
47 , 230 , 209,16,1,672,34,1
47 , 240 , 31,199,14,1,693
47 , 250 , 31,195,12,1,722
47 , 260 , 26,180,9,1,731
47 , 270 , 26,161,9,1,759
47 , 280 , 25,139,7,1,785
47 , 290 , 23,109,4,1,807
47 , 300 , 23,99,4,1,845
47 , 310 , 22,94,3,1,868
47 , 320 , 23,89,3,1,912
47 , 330 , 21,77,2,1,956
47 , 340 , 20,71,2,2,972
47 , 350 , 18,68,2,2,1010
47 , 360 , 18,68,1,2,1052
47 , 370 , 62,1,2,1,1069,16
47 , 380 , 52,1,2,1,1074,14
47 , 390 , 51,1,2,1,1048,14
47 , 400 , 14,55,2,1,1105
47 , 410 , 14,54,2,1,1137
47 , 420 , 11,40,2,1,1106
47 , 430 , 11,40,2,1137
47 , 440 , 10,41,2,1208
47 , 450 , 10,39,2,1273
47 , 460 , 9,1,32,2,1309
47 , 470 , 9,1,36,2,1388
47 , 480 , 8,1,40,2,1457
47 , 490 , 6,2,35,2,1479
47 , 500 , 5,3,32,2,1453
47 , 510 , 5,6,34,2,1480
47 , 520 , 5,6,31,2,1511
47 , 530 , 4,6,38,2,1590
47 , 540 , 4,6,45,1,1685
47 , 550 , 3,6,44,1,1742
47 , 560 , 2,6,41,1,1820
47 , 570 , 5,34,1,1793
47 , 580 , 5,30,1828
47 , 590 , 4,21,1,1855
47 , 600 , 2,16,1893
48 , 110 , 13,339,51,8,207,65,2
48 , 120 , 10,363,42,5,1,211,57,2
48 , 130 , 6,357,32,3,1,228,57,2
48 , 140 , 3,363,26,2,1,239,50,2
48 , 150 , 2,354,26,2,1,264,48,2
48 , 160 , 1,335,22,2,1,284,40,2
48 , 170 , 1,306,15,1,292,36,2
48 , 180 , 260,12,2,298,33,1
48 , 190 , 33,1,229,8,283
48 , 200 , 31,1,186,8,294
48 , 210 , 26,1,156,6,304
48 , 220 , 22,1,115,5,308
48 , 230 , 21,1,99,3,308
48 , 240 , 18,1,78,2,309
48 , 250 , 11,1,65,2,306
48 , 260 , 11,65,1,324
48 , 270 , 11,56,326
48 , 280 , 11,59,318
48 , 290 , 9,51,1,316
48 , 300 , 9,41,1,321
48 , 310 , 9,34,1,321
48 , 320 , 7,25,1,314
48 , 330 , 7,1,27,1,341
48 , 340 , 8,1,30,1,363
48 , 350 , 9,1,28,1,372
48 , 360 , 9,1,27,1,401
48 , 370 , 9,1,26,2,427
48 , 380 , 1,31,3,444,9,1
48 , 390 , 1,27,2,448,8,1
48 , 400 , 1,24,2,444,9,1
48 , 410 , 1,21,1,450,9,1
48 , 420 , 1,22,1,480,9,1
48 , 430 , 8,1,24,1,510
48 , 440 , 8,1,24,1,551
48 , 450 , 8,1,26,1,566
48 , 460 , 8,1,28,1,592
48 , 470 , 8,1,29,1,603
48 , 480 , 4,1,28,1,589
48 , 490 , 4,1,32,1,614
48 , 500 , 4,33,647
48 , 510 , 3,31,653
48 , 520 , 2,32,650
48 , 530 , 2,33,1,612
48 , 540 , 2,27,1,573
48 , 550 , 2,23,2,607
48 , 560 , 1,22,1,592
48 , 570 , 1,20,1,596
48 , 580 , 1,19,1,569
48 , 590 , 1,11,510
48 , 600 , 1,8,538
49 , 110 , 26,312,47,13,229,71,1
49 , 120 , 19,322,44,11,246,65,1
49 , 130 , 14,331,36,12,266,55,1
49 , 140 , 10,316,33,11,288,51,1
49 , 150 , 2,304,31,9,304,45,1
49 , 160 , 1,265,20,8,328,43,1
49 , 170 , 246,15,8,348,37,1
49 , 180 , 239,14,10,379,35,1
49 , 190 , 197,11,5,392,32,1
49 , 200 , 172,8,4,401,32,1
49 , 210 , 145,5,4,400,32,1
49 , 220 , 117,5,3,394,27,1
49 , 230 , 89,6,1,408,26,1
49 , 240 , 72,5,1,397,24,1
49 , 250 , 59,2,1,386,20,1
49 , 260 , 44,2,1,378,20,1
49 , 270 , 38,2,1,382,19,1
49 , 280 , 27,2,1,363,18,1
49 , 290 , 20,1,1,345,15,1
49 , 300 , 13,1,14,1,329
49 , 310 , 14,10,1,319
49 , 320 , 13,6,1,288
49 , 330 , 12,6,1,299
49 , 340 , 14,5,1,301
49 , 350 , 11,5,1,309
49 , 360 , 10,5,1,281
49 , 370 , 11,6,1,269
49 , 380 , 9,4,2,274
49 , 390 , 10,3,1,277
49 , 400 , 5,3,1,267
49 , 410 , 4,2,2,237
49 , 420 , 4,2,2,212
49 , 430 , 4,1,2,205
49 , 440 , 4,1,2,217
49 , 450 , 3,1,1,223
49 , 460 , 3,1,241
49 , 470 , 1,2,1,250
49 , 480 , 1,2,1,255
49 , 490 , 1,2,1,275
49 , 500 , 1,2,292
49 , 510 , 1,2,286
49 , 520 , 1,2,273
49 , 530 , 1,2,264
49 , 540 , 1,2,277
49 , 550 , 1,2,303
49 , 560 , 1,2,332
49 , 570 , 1,2,346
49 , 580 , 1,2,1,351
49 , 590 , 1,2,330
49 , 600 , 1,1,318
