1 , 110 , 0.21500694398903045,0.0834170756989013
1 , 120 , 0.183458417177709,0.05773458654267715
1 , 130 , 0.17104926381847005,0.1721162883066205
1 , 140 , 0.27489744334732796,0.18058534993481046
1 , 150 , 0.16171810302526113,0.18240555997821856
1 , 160 , 0.33701141493582376,0.1931982961728103
1 , 170 , 0.21491905015851817,0.11880890702996756
1 , 180 , 0.27489744334732796,0.2589722247159653
1 , 190 , 0.2726854951899545,0.2736381609819146
1 , 200 , 0.30730232543131136,0.09811592636322106
1 , 210 , 0.26117213504629344,0.3111842091022559
1 , 220 , 0.25674840628645557,0.35335104039418197
1 , 230 , 0.3214914466133724,0.42339976556639375
1 , 240 , 0.17280080099733733,0.30378321331719
1 , 250 , 0.16713376995496432,0.36497314985512935
1 , 260 , 0.4115901215774647,0.4387593879704049
1 , 270 , 0.4742719503778174,0.5447226386963712
1 , 280 , 0.4559359525735309,0.2330474416947411
1 , 290 , 0.2691776281045201,0.27277742959032053
1 , 300 , 0.24161828117216083,0.3864097077181987
1 , 310 , 0.37670100899836256,0.32860069913006107
1 , 320 , 0.3310704315758288,0.36027681705035264
1 , 330 , 0.26499075653974946,0.1655736882249055
1 , 340 , 0.26880927361975543,0.4417732481348729
1 , 350 , 0.0,0.0
1 , 360 , 0.0,0.0
1 , 370 , 0.0,0.0
1 , 380 , 0.0,0.0
1 , 390 , 0.0,0.0
1 , 400 , 0.0,0.0
1 , 410 , 0.21124278935585925,0.14413033424200253
1 , 420 , 0.06144270583409514,0.16775412113896152
1 , 430 , 0.15029310960907474,0.29222369966528694
1 , 440 , 0.20553583787443272,0.055595627831687255
1 , 450 , 0.18317669904565217,0.31656758942197016
1 , 460 , 0.14253150361046932,0.291005821550671
1 , 470 , 0.1370928651040258,0.1204169145880988
1 , 480 , 0.20254153812753395,0.25726661846449506
1 , 490 , 0.19576598430354977,0.24053712031273092
1 , 500 , 0.057800193850795656,0.16640672984032553
1 , 510 , 0.20254153812753395,0.15945916868467236
1 , 520 , 0.21226047323503866,0.2756958011722032
1 , 530 , 0.20553583787443272,0.33900032840426964
1 , 540 , 0.11763115640028818,0.27416446420297563
1 , 550 , 0.11763115640028818,0.17327573994194947
1 , 560 , 0.11181938760685829,0.23415993783217692
1 , 570 , 0.16914712524767772,0.23801953923820063
1 , 580 , 0.12572026176682555,0.3396337955979027
1 , 590 , 0.15207462969307103,0.29343229805592086
1 , 600 , 0.16840355203488566,0.22712707355342235
2 , 110 , 0.1991547578914244,0.06590099571640971
2 , 120 , 0.19529944650495304,0.10485098298797904
2 , 130 , 0.12705466666309653,0.07798891480586498
2 , 140 , 0.17937607128133704,0.0548154343127591
2 , 150 , 0.2103912503770892,0.12061507291792235
2 , 160 , 0.1843297190526856,0.18752910922735802
2 , 170 , 0.16367355966259647,0.19743087324729222
2 , 180 , 0.23671849387150035,0.351858342660902
2 , 190 , 0.2668235990708396,0.2008884694230684
2 , 200 , 0.16856042412966002,0.3623571110966162
2 , 210 , 0.2398124772616232,0.37169762437234966
2 , 220 , 0.22422706079999982,0.420539600751715
2 , 230 , 0.2873916983217389,0.33131879843713957
2 , 240 , 0.3455489619207861,0.4401345971910273
2 , 250 , 0.3807289097681722,0.48519377758866755
2 , 260 , 0.4080296637238985,0.12380401909137756
2 , 270 , 0.2329169240235623,0.42898946020901463
2 , 280 , 0.2713538801194673,0.4250384165819495
2 , 290 , 0.31591818728212717,0.34561350059240487
2 , 300 , 0.09268572795303924,0.2728399396302621
2 , 310 , 0.28623865122722125,0.1502299583846995
2 , 320 , 0.2329169240235623,0.3424943777293323
2 , 330 , 0.2269566333125312,0.0817189337991474
2 , 340 , 0.32462398717688007,0.2536287133678973
2 , 350 , 0.2655889209175578,0.4080866531178001
2 , 360 , 0.22174423158445142,0.271539981578994
2 , 370 , 0.15275693196588339,0.3003265288440282
2 , 380 , 0.1917314957833343,0.20003968793286073
2 , 390 , 0.2418240537795648,0.33755533611961464
2 , 400 , 0.1852770983875207,0.13410726917418322
2 , 410 , 0.15267535138914953,0.27506097370536453
2 , 420 , 0.12233187338830291,0.11870726863667848
2 , 430 , 0.2242349099642751,0.21392171248172462
2 , 440 , 0.3066002117598634,0.4076421303938664
2 , 450 , 0.13294171719857528,0.2221044869818484
2 , 460 , 0.20431980528686736,0.18203502888020276
2 , 470 , 0.14541346202729138,0.3461258020585541
2 , 480 , 0.18059648168141715,0.21439651170969054
2 , 490 , 0.2428438799705147,0.2641050930434849
2 , 500 , 0.10095830579040373,0.2761728594320946
2 , 510 , 0.1812393461851101,0.2613976286387337
2 , 520 , 0.2922410511774006,0.4406521258721041
2 , 530 , 0.2221632518976556,0.16438393223363956
2 , 540 , 0.13833361030164912,0.26210034195291143
2 , 550 , 0.10095830579040373,0.19744908158779909
2 , 560 , 0.23440388918597185,0.3563740089854355
2 , 570 , 0.11640111981340359,0.20158623570311324
2 , 580 , 0.2897786393378269,0.35649505124585673
2 , 590 , 0.0,0.2542708128006413
2 , 600 , 0.11711998363740299,0.34797807680171633
3 , 110 , 0.08944594369675887,0.12529472806217312
3 , 120 , 0.08494737109840089,0.13762413766803103
3 , 130 , 0.17467534925670308,0.057051578567967165
3 , 140 , 0.10930358154248176,0.13058900664417136
3 , 150 , 0.18120733796196964,0.09650745860605839
3 , 160 , 0.12794328255105095,0.17439029546955123
3 , 170 , 0.14142859481136233,0.16426754384907705
3 , 180 , 0.14692134768865667,0.15039406468553723
3 , 190 , 0.2016417117802421,0.2779684605539323
3 , 200 , 0.2155951064930632,0.20112139917276137
3 , 210 , 0.05609138315066781,0.1293730846569076
3 , 220 , 0.2187928806807813,0.16654106251931036
3 , 230 , 0.2348216297480526,0.30706979107462296
3 , 240 , 0.30503692275534083,0.32966401513813365
3 , 250 , 0.3408124973557313,0.21935484388015908
3 , 260 , 0.34524083009987705,0.336209777874816
3 , 270 , 0.4688790437149843,0.3626124810883958
3 , 280 , 0.3694613067359246,0.3765319099860048
3 , 290 , 0.49839592755765094,0.3239124477790893
3 , 300 , 0.4810938663273328,0.3157944624459169
3 , 310 , 0.9190436493043678,0.20901032668099928
3 , 320 , 0.20021974072267382,0.22787730173301277
3 , 330 , 0.784379908659596,0.10518808101473107
3 , 340 , 1.237088051959781,0.21830363764263597
3 , 350 , 0.0,0.014369050891455161
3 , 360 , 0.0,0.1971090271744024
3 , 370 , 0.0,0.36894900040238454
3 , 380 , 0.8507953237785896,0.03066971860284845
3 , 390 , 1.553609418143844,0.18089657861471542
3 , 400 , 0.0,0.2297346105846372
3 , 410 , 2.218420638374039,0.21592840775697061
3 , 420 , 2.8304991281680434,1.4448983250448528
3 , 430 , 4.139266819307141,0.21614037160536897
3 , 440 , 4.902233055424883,3.33822626215513
3 , 450 , 0.0,0.0
5 , 110 , 0.15720690205777316,0.1197457495830537
5 , 120 , 0.15720690205777316,0.11244290353007083
5 , 130 , 0.21927703791819994,0.10879227201764723
5 , 140 , 0.22673251305673928,0.21058300963112284
5 , 150 , 0.18446866526105157,0.15914156282718447
5 , 160 , 0.2231916768133467,0.09627869815390752
5 , 170 , 0.18066036748493686,0.1198488567615891
5 , 180 , 0.3373727435146983,0.14569753438822503
5 , 190 , 0.2541324554431087,0.22747011174713272
5 , 200 , 0.15744026913127498,0.185402594794855
5 , 210 , 0.2216804983141345,0.18763715501813089
5 , 220 , 0.2459100583270792,0.21278041376139484
5 , 230 , 0.26192988749741414,0.17063868861541454
5 , 240 , 0.19991158947892265,0.259479662737542
5 , 250 , 0.5829388236485766,0.6031977355481836
5 , 260 , 0.1692062154608385,0.5454915712407521
5 , 270 , 0.09864475359614465,0.5017440143325491
5 , 280 , 0.036406843518611946,0.20925888086901773
5 , 290 , 0.42537553434793657,0.556905800911257
5 , 300 , 0.2848742077456641,0.40168383538018415
5 , 310 , 0.45748799490190695,0.32088240318527855
5 , 320 , 0.3936726004752416,0.3456467161769423
5 , 330 , 0.4367204115254839,0.4123833304932556
5 , 340 , 0.4583323400176631,0.15223767010698308
5 , 350 , 0.3448123059351159,0.20337620742816948
5 , 360 , 0.26190862355802474,0.40165083642120686
5 , 370 , 0.30627461434856756,0.37165629969265046
5 , 380 , 0.4627014005492546,0.21748705018091108
5 , 390 , 0.18068641574654912,0.48415616868839917
5 , 400 , 0.4353521643266667,0.2585087611559272
5 , 410 , 0.30147080134779575,0.22400301367613873
5 , 420 , 0.38895310505827824,0.28558873230248577
5 , 430 , 0.2916204579657665,0.10275930701067511
5 , 440 , 0.223085568122138,0.23744505631099747
5 , 450 , 0.2618423985737003,0.27244798251894486
5 , 460 , 0.1020341695194499,0.0008530325904286116
5 , 470 , 0.223085568122138,0.2626645049222246
5 , 480 , 0.1020341695194499,0.13951398014657565
5 , 490 , 0.1020341695194499,0.28245955952046287
5 , 500 , 0.1020341695194499,0.1428031032867249
5 , 510 , 0.28355242726098634,0.3431027475342028
5 , 520 , 0.0,0.0
5 , 530 , 0.0,0.0
5 , 540 , 0.0,0.0
5 , 550 , 0.0,0.0
5 , 560 , 0.0,0.0
5 , 570 , 0.0,0.0
5 , 580 , 0.0,0.0
5 , 590 , 0.0,0.0
5 , 600 , 0.0,0.0
6 , 110 , 0.16380229869791552,0.12512540924423002
6 , 120 , 0.0,0.18442822592907734
6 , 130 , 0.18400064291327212,0.11980314953987312
6 , 140 , 0.29695778570352355,0.13731544070745946
6 , 150 , 0.13523731267718803,0.15987888846272472
6 , 160 , 0.21750808294219723,0.09209454683460931
6 , 170 , 0.20623447920230953,0.2443413266619674
6 , 180 , 0.33274526153581185,0.3621313955746324
6 , 190 , 0.22645422520342862,0.05726607917849943
6 , 200 , 0.3569323858950835,0.14893940842931128
6 , 210 , 0.24051653773840104,0.1631395661608963
6 , 220 , 0.24060923040975968,0.22347655961116933
6 , 230 , 0.3886747998125977,0.18426494892172665
6 , 240 , 0.2494238870662146,0.2990328987325664
6 , 250 , 0.3148043114240292,0.5930425228442782
6 , 260 , 0.2648020820577082,0.4490048332849517
6 , 270 , 0.3493681337626071,0.1610828968720538
6 , 280 , 0.2808955399666672,0.2956539383922308
6 , 290 , 0.3493681337626071,0.325368068180474
6 , 300 , 0.16022326146516655,0.42178895078068906
6 , 310 , 0.3199321229270205,0.14144570764779932
6 , 320 , 0.27987060216925047,0.41536522599029874
6 , 330 , 0.20229450900259857,0.28762378387874676
6 , 340 , 0.2222755216621145,0.18629204704473903
6 , 350 , 0.2612645247455738,0.3496910276786312
6 , 360 , 0.03644843746138543,0.06580808280385425
6 , 370 , 0.1908812192789207,0.18576795463334014
6 , 380 , 0.03644843746138543,0.1912289275929738
6 , 390 , 0.21262972164317362,0.2959965219424103
6 , 400 , 0.26682657324099773,0.2908116768504879
6 , 410 , 0.26733481501683154,0.19599133689579576
6 , 420 , 0.15234285553934007,0.3338373194825546
6 , 430 , 0.15234285553934007,0.19876717762513582
6 , 440 , 0.37110049099055564,0.4205907204148138
6 , 450 , 0.2771780654531805,0.312096285829575
6 , 460 , 0.15234285553934007,0.26333410794282297
6 , 470 , 0.23898478688357871,0.0584451504634337
6 , 480 , 0.26714726164855634,0.13675393428377255
6 , 490 , 0.0,0.0
6 , 500 , 0.0,0.0
6 , 510 , 0.0,0.0
6 , 520 , 0.0,0.0
6 , 530 , 0.0,0.0
6 , 540 , 0.0,0.0
6 , 550 , 0.0,0.0
6 , 560 , 0.0,0.0
6 , 570 , 0.0,0.0
6 , 580 , 0.0,0.0
6 , 590 , 0.0,0.0
6 , 600 , 0.0,0.0
7 , 110 , 0.14142873235592446,0.12741422010187323
7 , 120 , 0.1976783814672065,0.09295288123640343
7 , 130 , 0.13393937677363102,0.14934500196548992
7 , 140 , 0.15971038373372567,0.11938344673641614
7 , 150 , 0.18348932362981746,0.24228764231759037
7 , 160 , 0.28734293740063566,0.11251284656701319
7 , 170 , 0.2688030698061214,0.38560487567609825
7 , 180 , 0.17602444469369838,0.1559769862970134
7 , 190 , 0.12775474180715848,0.34140437186247874
7 , 200 , 0.18775632718059512,0.1660263336834841
7 , 210 , 0.21501355006070574,0.16767506286393866
7 , 220 , 0.2446873614419781,0.15144600109326137
7 , 230 , 0.3683600270429028,0.1877813939577881
7 , 240 , 0.3197503042364809,0.42224507336164674
7 , 250 , 0.4013519590745719,0.43926359132559734
7 , 260 , 0.3197829965671826,0.4579127785955827
7 , 270 , 0.3197829965671826,0.3561175030983039
7 , 280 , 0.2910380426204484,0.4476439395103927
7 , 290 , 0.3755518735355099,0.4219058614965061
7 , 300 , 0.37226294749857985,0.28190393053513085
7 , 310 , 0.3427473708874712,0.3745013955738093
7 , 320 , 0.36879830933434704,0.4342633599371081
7 , 330 , 0.2586866415117689,0.051664630392785384
7 , 340 , 0.21815035323244947,0.20030593229882432
7 , 350 , 0.20265137389966406,0.2147830794614907
7 , 360 , 0.13435889237175808,0.4214239908379551
7 , 370 , 0.20380332994054617,0.3166652141084099
7 , 380 , 0.041386248199632825,0.07871857457149085
7 , 390 , 0.03810280185459861,0.24351052481346092
7 , 400 , 0.216610794009011,0.21395574675731543
7 , 410 , 0.21815035323244947,0.14420370632557525
7 , 420 , 0.1700212525063064,0.3104932683123211
7 , 430 , 0.14688373075394592,0.17892393377956192
7 , 440 , 0.2136567475422491,0.019837613161751585
7 , 450 , 0.19703454902758616,0.2553825826972711
7 , 460 , 0.0,0.0
7 , 470 , 0.0,0.0
7 , 480 , 0.0,0.0
7 , 490 , 0.0,0.0
7 , 500 , 0.0,0.0
7 , 510 , 0.0,0.0
7 , 520 , 0.0,0.0
7 , 530 , 0.0,0.0
7 , 540 , 0.0,0.0
7 , 550 , 0.0,0.0
7 , 560 , 0.0,0.0
7 , 570 , 0.0,0.0
7 , 580 , 0.0,0.0
7 , 590 , 0.0,0.0
7 , 600 , 0.0,0.0
8 , 110 , 0.07211240281810792,0.14169380249207625
8 , 120 , 0.0,0.18615685741794755
8 , 130 , 0.0,0.15150820797927553
8 , 140 , 0.17374912614741603,0.18889575146378035
8 , 150 , 0.2176250540751784,0.18916768213320914
8 , 160 , 0.07211240281810792,0.13189681250769392
8 , 170 , 0.20856331367957187,0.281049987477053
8 , 180 , 0.0,0.08702502225453095
8 , 190 , 0.17374912614741603,0.3647586498582406
8 , 200 , 0.20856331367957187,0.09688226501495004
8 , 210 , 0.19892703769180564,0.366141589067807
8 , 220 , 0.1500765100891519,0.1600049195001143
8 , 230 , 0.10163672332930809,0.23069999366862104
8 , 240 , 0.5030715748882232,0.3727023343891637
8 , 250 , 0.4068633520509468,0.3340287917298062
8 , 260 , 0.1484422908862567,0.1681582561937754
8 , 270 , 0.2176250540751784,0.4364090143252204
8 , 280 , 0.38186682795159793,0.29437477503888004
8 , 290 , 0.3693317984475337,0.4308467644314521
8 , 300 , 0.5259787875798866,0.35653096142646845
8 , 310 , 0.4068633520509468,0.33521762674455974
8 , 320 , 0.4202632124716135,0.46407987096842707
8 , 330 , 0.2081177018041819,0.33292470082268066
8 , 340 , 0.4441520870074986,0.6059089318428303
8 , 350 , 0.3704054649864954,0.5139030963996677
8 , 360 , 0.2660648408350222,0.5316762986547331
8 , 370 , 0.26185383850005106,0.5891170092414736
8 , 380 , 0.4551412874126594,0.36035482988898543
8 , 390 , 0.32445369090013954,0.19236832247582358
8 , 400 , 0.0,0.0
8 , 410 , 0.0,0.0
8 , 420 , 0.0,0.0
8 , 430 , 0.0,0.0
8 , 440 , 0.0,0.0
8 , 450 , 0.0,0.0
8 , 460 , 0.0,0.0
8 , 470 , 0.0,0.0
8 , 480 , 0.0,0.0
8 , 490 , 0.0,0.0
8 , 500 , 0.0,0.0
8 , 510 , 0.0,0.0
8 , 520 , 0.0,0.0
8 , 530 , 0.0,0.0
8 , 540 , 0.0,0.0
8 , 550 , 0.0,0.0
8 , 560 , 0.0,0.0
8 , 570 , 0.0,0.0
8 , 580 , 0.0,0.0
8 , 590 , 0.0,0.0
8 , 600 , 0.3978810629729598,0.2454997531853765
9 , 110 , 0.11516285201187884,0.1519594010828916
9 , 120 , 0.19117141702887683,0.03691467140011545
9 , 130 , 0.24635628508122456,0.15427888481604163
9 , 140 , 0.07600856501699796,0.14410498599928181
9 , 150 , 0.13860033602497152,0.11162844001874983
9 , 160 , 0.1937852040773192,0.12024170602025866
9 , 170 , 0.246618833267613,0.16128441184552825
9 , 180 , 0.13860033602497152,0.16690825207429352
9 , 190 , 0.2281578350167667,0.27237581114244
9 , 200 , 0.21035992853628938,0.252827729256167
9 , 210 , 0.24635628508122456,0.3097937149355653
9 , 220 , 0.22216924462014767,0.2278415763871189
9 , 230 , 0.2208298920777919,0.23098739710466362
9 , 240 , 0.352276069389413,0.46467797412295736
9 , 250 , 0.4270687617909999,0.3983417318185311
9 , 260 , 0.3779983323274834,0.3229556711095049
9 , 270 , 0.3813670693536683,0.3820032462825041
9 , 280 , 0.31951685816344916,0.4614970550658195
9 , 290 , 0.21462581895428648,0.4093204521322515
9 , 300 , 0.3365618605938575,0.284321090397064
9 , 310 , 0.3234826302504008,0.16263247753584104
9 , 320 , 0.2530622911026192,0.24300078240077397
9 , 330 , 0.2165809195721118,0.17871805742717314
9 , 340 , 0.16478614978155653,0.2622431791496558
9 , 350 , 0.03934738495653677,0.30817717318146676
9 , 360 , 0.0,0.0
9 , 370 , 0.0,0.0
9 , 380 , 0.0,0.0
9 , 390 , 0.0,0.0
9 , 400 , 0.0,0.0
9 , 410 , 0.0,0.0
9 , 420 , 0.0,0.0
9 , 430 , 0.0,0.0
9 , 440 , 0.0,0.0
9 , 450 , 0.0,0.0
9 , 460 , 0.0,0.0
9 , 470 , 0.0,0.0
9 , 480 , 0.0998925402394886,0.25388859319590723
9 , 490 , 0.0,0.0
9 , 500 , 0.0998925402394886,0.08639847518902914
9 , 510 , 0.0998925402394886,0.24030227383394095
9 , 520 , 0.1567067377381927,0.10242234657572337
9 , 530 , 0.0,0.29552368290072795
9 , 540 , 0.0,0.0
9 , 550 , 0.0,0.0
9 , 560 , 0.0,0.0
9 , 570 , 0.0,0.0
9 , 580 , 0.0,0.0
9 , 590 , 0.0,0.0
9 , 600 , 0.0,0.0
10 , 110 , 0.20275204628983673,0.09403676170054259
10 , 120 , 0.08228132100426908,0.14737385807272033
10 , 130 , 0.2307673579918905,0.18861362753116304
10 , 140 , 0.3014524122326143,0.11851091447609928
10 , 150 , 0.24465128184004067,0.22644262355950592
10 , 160 , 0.32956011707911126,0.1672104212260547
10 , 170 , 0.47093296967963905,0.22739234105066566
10 , 180 , 0.6839620451345464,0.25770771340797755
10 , 190 , 0.6818173568373791,0.35094636759526454
10 , 200 , 0.42095238563374054,0.2066725971817447
10 , 210 , 0.5842304570625066,0.340122827691921
10 , 220 , 0.6329487484618778,0.5924281095522357
10 , 230 , 0.7290095434868068,0.7113085983096347
10 , 240 , 0.6923171065209067,0.4245896357871117
10 , 250 , 0.518354951002982,0.39662932164387843
10 , 260 , 0.3836294467992848,1.0
11 , 110 , 0.017509543505695932,0.12186503579799027
11 , 120 , 0.0421878590154383,0.06454226703694457
11 , 130 , 0.19615810883966406,0.16659675005917746
11 , 140 , 0.2197137022728262,0.06156668853474402
11 , 150 , 0.1746799449750106,0.12039295580724563
11 , 160 , 0.12801682096727676,0.15000434376339983
11 , 170 , 0.17658438814689567,0.21317776517239473
11 , 180 , 0.2835375168838037,0.1562435622047037
11 , 190 , 0.09549133125330718,0.26603090089582937
11 , 200 , 0.1809647449357787,0.14442141100531983
11 , 210 , 0.2594638375014381,0.22681227127289708
11 , 220 , 0.25326744351200514,0.1929792011639833
11 , 230 , 0.2609799588867704,0.23275694562331342
11 , 240 , 0.3156715945861306,0.35393255798566053
11 , 250 , 0.2388248813274762,0.2621862898610102
11 , 260 , 0.3449312400850717,0.5262505868293759
11 , 270 , 0.20566940573308853,0.17419748654688708
11 , 280 , 0.17549365490600546,0.3216791625439123
11 , 290 , 0.20573909471750643,0.39414807645181915
11 , 300 , 0.1412000429821884,0.28367754172434034
11 , 310 , 0.2512470237501019,0.356993029352744
11 , 320 , 0.3537951219530847,0.26698779408492507
11 , 330 , 0.17875414912293194,0.20317821877406841
11 , 340 , 0.23907121282390292,0.24265314142385075
11 , 350 , 0.24376569952933344,0.32566671693841187
11 , 360 , 0.19802258239011775,0.357397789731722
11 , 370 , 0.4166202189579552,0.27201500156811886
11 , 380 , 0.2510389335730502,0.32060874280032786
11 , 390 , 0.4110253760987453,0.3496997065159122
11 , 400 , 0.19028274594592356,0.3980903149288551
11 , 410 , 0.2594355322703951,0.18661029933334328
11 , 420 , 0.2082758693459207,0.4516139048909758
11 , 430 , 0.33508899149782384,0.16577005626414731
11 , 440 , 0.16987145963369954,0.17795998220034903
11 , 450 , 0.0,0.0
11 , 460 , 0.0,0.0
11 , 470 , 0.0,0.0
11 , 480 , 0.0,0.0
11 , 490 , 0.0,0.0
11 , 500 , 0.0,0.0
11 , 510 , 0.0,0.0
11 , 520 , 0.0,0.0
11 , 530 , 0.0,0.0
11 , 540 , 0.0,0.0
11 , 550 , 0.0,0.0
11 , 560 , 0.0,0.0
11 , 570 , 0.0,0.0
11 , 580 , 0.0,0.0
11 , 590 , 0.0,0.0
11 , 600 , 0.06147841177668749,0.2860295577902245
12 , 110 , 0.0864544144942869,0.1000679427261466
12 , 120 , 0.03611566847124728,0.13412483833259378
12 , 130 , 0.04993593436533138,0.20710925084944654
12 , 140 , 0.12713862479819252,0.2987044184575008
12 , 150 , 0.06532631751343904,0.2543208069336007
12 , 160 , 0.0936103969173162,0.23028527671494517
12 , 170 , 0.156932184472507,0.0946550045054639
12 , 180 , 0.21164791189191576,0.22688569145378595
12 , 190 , 0.30491373159223173,0.23244106016311158
12 , 200 , 0.3174550382223176,0.2023346307353486
12 , 210 , 0.44179500796593457,0.2723995515704687
12 , 220 , 0.649348114416114,0.29943323054555354
12 , 230 , 0.6812408789393503,0.2351243370986037
12 , 240 , 0.8612465498505898,0.272949812953584
12 , 250 , 0.842063161144,0.32843373007666854
12 , 260 , 0.9574203112661275,0.19558436428141554
12 , 270 , 1.0553921274334048,0.17870588911829005
12 , 280 , 1.1464362545077273,0.21115800855671404
12 , 290 , 1.0988316406285605,0.1671983834162035
12 , 300 , 1.1564025155469695,0.2631384389238062
12 , 310 , 1.8529688076129809,0.2864597118955709
12 , 320 , 2.215580051254802,0.9496284873063212
12 , 330 , 3.2334537040029283,0.39562157793818914
12 , 340 , 2.5208265269645054,0.29358690737961646
12 , 350 , 6.678571328240833,1.0
13 , 110 , 0.11218453961775897,0.12961599574745925
13 , 120 , 0.09086301190668677,0.1394959803138268
13 , 130 , 0.13896042908159867,0.024403451821065097
13 , 140 , 0.1935789979703388,0.14189194327443555
13 , 150 , 0.1529760117819379,0.1758499608532459
13 , 160 , 0.2111431448592969,0.16323520826226848
13 , 170 , 0.17600105358894275,0.1826515175966507
13 , 180 , 0.3046595129795151,0.1913229557198556
13 , 190 , 0.3252372579607252,0.3214215564810162
13 , 200 , 0.26501473732526226,0.12720382865089438
13 , 210 , 0.3020335008980438,0.28261332051786453
13 , 220 , 0.29236698802309175,0.5037634007285098
13 , 230 , 0.4197505785356156,0.1626081602287881
13 , 240 , 0.4406791467999859,0.2893246791581611
13 , 250 , 0.37984276174748743,0.1333727718217078
13 , 260 , 0.23284714298075757,0.4021195948095779
13 , 270 , 0.3144077089822643,0.3371834038896757
13 , 280 , 0.35410332353322094,0.4257318114310097
13 , 290 , 0.3089914504193815,0.41756537142733774
13 , 300 , 0.35710081467565746,0.2784397308402649
13 , 310 , 0.24477658690722792,0.2362828038901937
13 , 320 , 0.01639166629747058,0.026761090113970105
13 , 330 , 0.23275149579866533,0.12824466613628316
13 , 340 , 0.0773032458802757,0.25829176285644345
13 , 350 , 0.22094991764668057,0.27578250470617366
13 , 360 , 0.08738409101651769,0.06113157420551455
13 , 370 , 0.30411619947475244,0.3146021636210007
13 , 380 , 0.15352525613029638,0.17980595614540887
13 , 390 , 0.24477658690722792,0.29898573189506217
13 , 400 , 0.10482261423476162,0.2957440578857217
13 , 410 , 0.17960810036094402,0.2882440628124047
13 , 420 , 0.1302637660576949,0.2798952898113713
13 , 430 , 0.0,0.0
13 , 440 , 0.0,0.0
13 , 450 , 0.0,0.0
13 , 460 , 0.0,0.0
13 , 470 , 0.19223433015083455,0.3527561504146022
13 , 480 , 0.0,0.0
13 , 490 , 0.0,0.0
13 , 500 , 0.0,0.0
13 , 510 , 0.0,0.0
13 , 520 , 0.0,0.0
13 , 530 , 0.0,0.0
13 , 540 , 0.0,0.0
13 , 550 , 0.0,0.0
13 , 560 , 0.0,0.0
13 , 570 , 0.0,0.0
13 , 580 , 0.0,0.0
13 , 590 , 0.0,0.0
13 , 600 , 0.0,0.0
14 , 110 , 0.20042756030524478,0.027832786389583194
14 , 120 , 0.1810941540783753,0.14147237244756608
14 , 130 , 0.20139839381889227,0.2312501879610524
14 , 140 , 0.1706491801182238,0.2458301437330407
14 , 150 , 0.19581918515668276,0.31034114223823844
14 , 160 , 0.19054002159287003,0.2892034161720358
14 , 170 , 0.11827063398965339,0.3086834478773807
14 , 180 , 0.18861001173828962,0.29199126197482533
14 , 190 , 0.16602316992480598,0.24423750713217549
14 , 200 , 0.29166734525727167,0.3530534505786624
14 , 210 , 0.1873552807782866,0.2446100514229779
14 , 220 , 0.16875175929507877,0.1899403959130515
14 , 230 , 0.14392752091872457,0.11242144063892785
14 , 240 , 0.0,0.06616357955344837
14 , 250 , 0.10094356334520799,0.13567154221452002
14 , 260 , 0.11483015404007185,0.030432606985014012
14 , 270 , 0.0,0.18192370490378532
14 , 280 , 0.0,0.19205201238755495
14 , 290 , 0.2035358773555987,0.20042025212895792
14 , 300 , 0.23940287968792637,0.20354532959143667
14 , 310 , 0.2845311228830731,0.02505038296012577
14 , 320 , 0.0,0.24911399122426783
14 , 330 , 0.0,0.16625741110589712
14 , 340 , 0.0,0.30560991856574804
14 , 350 , 0.0,0.4751192170958454
14 , 360 , 0.0,0.24458057233105746
14 , 370 , 0.0,0.215295019941355
14 , 380 , 0.0,0.4784088816962667
14 , 390 , 0.0,0.9084224211700995
14 , 400 , 0.2949644032862312,0.33686667693854755
15 , 110 , 0.05505425689271749,0.08062242599401381
15 , 120 , 0.08132048406439281,0.22638130337763326
15 , 130 , 0.15891510104061018,0.22623953030184615
15 , 140 , 0.05505425689271749,0.1200140873961057
15 , 150 , 0.15891510104061018,0.16017898031533848
15 , 160 , 0.13264887386893487,0.13662526398418365
15 , 170 , 0.2043359344381521,0.32089669423359113
15 , 180 , 0.16834141035582967,0.2009408295396097
15 , 190 , 0.3285841428643696,0.19649067719529942
15 , 200 , 0.29156397490954505,0.1260293834384639
15 , 210 , 0.2673172831565522,0.31264421941004583
15 , 220 , 0.29846848167539763,0.178914832845647
15 , 230 , 0.24439969842107018,0.20760395704092774
15 , 240 , 0.1849742140323294,0.46164532941360426
15 , 250 , 0.2883048467937051,0.25907779779907003
15 , 260 , 0.3773552019611958,0.43731932026315773
15 , 270 , 0.3773552019611958,0.4705186803063402
15 , 280 , 0.1849742140323294,0.22070442883827948
15 , 290 , 0.3334305272405187,0.2847853326996037
15 , 300 , 0.2785734910703858,0.35312678819209736
15 , 310 , 0.11461478493104192,0.42676797456506876
15 , 320 , 0.18416531723045415,0.09854113630695598
15 , 330 , 0.13751478459312616,0.35927936412085204
15 , 340 , 0.2125711314846066,0.3006381587731296
15 , 350 , 0.13751478459312616,0.2145910734329013
15 , 360 , 0.18416531723045415,0.2685407775951097
15 , 370 , 0.18416531723045415,0.08060194177399345
15 , 380 , 0.2125711314846066,0.2851536632975153
15 , 390 , 0.13264887386893487,0.21670928602119863
15 , 400 , 0.0,0.0
15 , 410 , 0.0,0.0
15 , 420 , 0.0,0.0
15 , 430 , 0.0,0.0
15 , 440 , 0.0,0.0
15 , 450 , 0.0,0.0
15 , 460 , 0.21864721510054178,0.25752118637827226
15 , 470 , 0.0,0.0
15 , 480 , 0.0,0.0
15 , 490 , 0.0,0.0
15 , 500 , 0.0,0.0
15 , 510 , 0.0,0.0
15 , 520 , 0.0,0.0
15 , 530 , 0.0,0.0
15 , 540 , 0.0,0.0
15 , 550 , 0.0,0.0
15 , 560 , 0.0,0.0
15 , 570 , 0.0,0.0
15 , 580 , 0.0,0.0
15 , 590 , 0.0,0.0
15 , 600 , 0.0,0.0
16 , 110 , 0.06285890222669933,0.1590407230686353
16 , 120 , 0.06285890222669933,0.1456835122794071
16 , 130 , 0.0,0.06500202090650448
16 , 140 , 0.15145354898273286,0.07000285000406692
16 , 150 , 0.1843255652785511,0.13228137216861602
16 , 160 , 0.06285890222669933,0.10176399547200608
16 , 170 , 0.06285890222669933,0.17100792713204452
16 , 180 , 0.09573091852251762,0.30181818406782485
16 , 190 , 0.1843255652785511,0.2626219093717299
16 , 200 , 0.06285890222669933,0.34910235836909953
16 , 210 , 0.3029070979654657,0.31705973845030855
16 , 220 , 0.34889927374130003,0.2511571604431666
16 , 230 , 0.49129142888464766,0.36180394076343
16 , 240 , 0.5229034145553718,0.15665418394801983
16 , 250 , 0.3952297785500462,0.31598181749954407
16 , 260 , 0.2924932151540119,0.43931542803708384
16 , 270 , 0.45636428828743963,0.3660723450880436
16 , 280 , 0.4230400556008544,0.41655656664249824
16 , 290 , 0.49129142888464766,0.47146649655822775
16 , 300 , 0.41338387639230106,0.20751570082455975
16 , 310 , 0.41568503351350944,0.29754527931761576
16 , 320 , 0.3840730478427852,0.05398186808816181
16 , 330 , 0.2622680557580215,0.13074654830430185
16 , 340 , 0.2622680557580215,0.16759133080450364
16 , 350 , 0.15341697775548788,0.10141703997581873
16 , 360 , 0.3840730478427852,0.3724830825598754
16 , 370 , 0.2622680557580215,0.16072444044082426
16 , 380 , 0.22601754270425356,0.24487937918978753
16 , 390 , 0.2622680557580215,0.18405049968925088
16 , 400 , 0.23065607008729727,0.012496362516499953
16 , 410 , 0.1700728025112681,0.09755367917630994
16 , 420 , 0.2583342016761421,0.2785928410775911
16 , 430 , 0.2622680557580215,0.18878482958941759
16 , 440 , 0.0,0.25592036898346804
16 , 450 , 0.09388792055122025,0.12368259988265637
16 , 460 , 0.15145354898273286,0.3148813476659402
16 , 470 , 0.0,0.0
16 , 480 , 0.0,0.0
16 , 490 , 0.0,0.0
16 , 500 , 0.0,0.0
16 , 510 , 0.0,0.0
16 , 520 , 0.0,0.0
16 , 530 , 0.0,0.0
16 , 540 , 0.0,0.0
16 , 550 , 0.0,0.0
16 , 560 , 0.0,0.0
16 , 570 , 0.0,0.0
16 , 580 , 0.0,0.0
16 , 590 , 0.0,0.0
16 , 600 , 0.0,0.0
17 , 110 , 0.0,0.12379357536984385
17 , 120 , 0.0,0.09852319259758528
17 , 130 , 0.17374912614741603,0.040149731605973196
17 , 140 , 0.17374912614741603,0.2705088278623378
17 , 150 , 0.17374912614741603,0.17824532332928517
17 , 160 , 0.07211240281810792,0.0673882181034275
17 , 170 , 0.2081177018041819,0.1612050386813338
17 , 180 , 0.3913741802225945,0.07427682478512887
17 , 190 , 0.10841762155114275,0.1297629013572008
17 , 200 , 0.10648097847487377,0.31711640292227006
17 , 210 , 0.2660648408350222,0.1663752672646403
17 , 220 , 0.17374912614741603,0.1973616570561213
17 , 230 , 0.2176250540751784,0.45998073416181456
17 , 240 , 0.522622329399048,0.22854500989233012
17 , 250 , 0.25655748856402566,0.2667664586614018
17 , 260 , 0.3823124398269878,0.25906970590654915
17 , 270 , 0.2660648408350222,0.4972342396687317
17 , 280 , 0.23311422590353076,0.34098661353308984
17 , 290 , 0.3746662422489738,0.42251618947429204
17 , 300 , 0.4429410717655077,0.27959807991748487
17 , 310 , 0.43016926600841254,0.49305304533033206
17 , 320 , 0.2907842132934025,0.21485522014518582
17 , 330 , 0.3171078901063517,0.21195956515718273
17 , 340 , 0.2000728029603653,0.2517889811881578
17 , 350 , 0.27946470125568906,0.2324726070114947
17 , 360 , 0.2565574885640257,0.25169258110823584
17 , 370 , 0.11277430988350813,0.28964740285105217
17 , 380 , 0.25763115510298734,0.3117127814409404
17 , 390 , 0.2000728029603653,0.10688880948076092
17 , 400 , 0.27946470125568906,0.22946893793310452
17 , 410 , 0.2565574885640257,0.2175725544118124
17 , 420 , 0.27946470125568906,0.10554626445631812
17 , 430 , 0.15070456475272354,0.3906235902235548
17 , 440 , 0.43016926600841254,0.3713623298263999
17 , 450 , 0.27946470125568906,0.03775762518780436
17 , 460 , 0.0,0.0
17 , 470 , 0.0,0.0
17 , 480 , 0.27946470125568906,0.17749821494639867
17 , 490 , 0.25763115510298734,0.16968087390142736
17 , 500 , 0.0,0.0
17 , 510 , 0.0,0.0
17 , 520 , 0.0,0.0
17 , 530 , 0.0,0.0
17 , 540 , 0.0,0.0
17 , 550 , 0.0,0.0
17 , 560 , 0.0,0.0
17 , 570 , 0.0,0.0
17 , 580 , 0.0,0.0
17 , 590 , 0.0,0.0
17 , 600 , 0.0,0.0
18 , 110 , 0.24483914409052532,0.09482484923163466
18 , 120 , 0.1627832079759423,0.06182516571324161
18 , 130 , 0.2129126431888341,0.17656175679520436
18 , 140 , 0.20569303706675024,0.16674664936644648
18 , 150 , 0.16715638313405815,0.08858082052124601
18 , 160 , 0.18686601157295626,0.12956040419733603
18 , 170 , 0.19123918673107215,0.19680307090668667
18 , 180 , 0.2538492192577955,0.17871004474778668
18 , 190 , 0.38048513205292966,0.08754544986424057
18 , 200 , 0.33480665018868266,0.15853193910600205
18 , 210 , 0.322521124139268,0.3170480554576611
18 , 220 , 0.17172879427426022,0.36390043028737346
18 , 230 , 0.26790799039067936,0.2686776488041279
18 , 240 , 0.2525610805991499,0.3912472740131023
18 , 250 , 0.3919472069565122,0.39450641040465506
18 , 260 , 0.3181939814312224,0.37139926514802846
18 , 270 , 0.24330603868363748,0.350838009485387
18 , 280 , 0.374947803524748,0.2526865217936065
18 , 290 , 0.33467820653281855,0.41610470746738937
18 , 300 , 0.24591832770867816,0.24149882993701013
18 , 310 , 0.3814475406119374,0.39996318220594645
18 , 320 , 0.3789161860491231,0.2175474847063148
18 , 330 , 0.28171295496566034,0.3017260993391217
18 , 340 , 0.32872374952405503,0.3890945945471412
18 , 350 , 0.025049697196803465,0.31719446102494436
18 , 360 , 0.16128060804362304,0.12355501980580184
18 , 370 , 0.1524038943441673,0.25086009564032624
18 , 380 , 0.2014334480325847,0.19702482718297065
18 , 390 , 0.2434263887889139,0.27155714354182287
18 , 400 , 0.16092856742339393,0.20748279773042574
18 , 410 , 0.08915669511406017,0.33152172857280565
18 , 420 , 0.16092856742339393,0.33650644819186193
18 , 430 , 0.1978235723501703,0.226212091838523
18 , 440 , 0.16092856742339393,0.35213246369047024
18 , 450 , 0.2393583349130781,0.15323613074631368
18 , 460 , 0.1978235723501703,0.23998186405314573
18 , 470 , 0.21262219428947993,0.21870301376414095
18 , 480 , 0.18054770598838546,0.18814370989816165
18 , 490 , 0.06125722671030847,0.06602094237520206
18 , 500 , 0.1978235723501703,0.2812181626685169
18 , 510 , 0.17686751131688686,0.20032997797927357
18 , 520 , 0.0,0.0
18 , 530 , 0.0,0.0
18 , 540 , 0.0,0.0
18 , 550 , 0.0,0.0
18 , 560 , 0.0,0.0
18 , 570 , 0.0,0.0
18 , 580 , 0.0,0.0
18 , 590 , 0.0,0.0
18 , 600 , 0.0,0.0
19 , 110 , 0.09666556905040193,0.017831106740630067
19 , 120 , 0.27537874305776167,0.07647425605093984
19 , 130 , 0.11702725464255409,0.14348754637311298
19 , 140 , 0.2274178830232438,0.2088194785847842
19 , 150 , 0.17773070386500467,0.15868850207115817
19 , 160 , 0.22905349371914352,0.34174209216394724
19 , 170 , 0.15943785338517372,0.2247353467948603
19 , 180 , 0.1692996827010049,0.1780973519434747
19 , 190 , 0.24838899969625597,0.26223649819936956
19 , 200 , 0.2584365155494471,0.29537491469077093
19 , 210 , 0.3076347755585639,0.2409180087193138
19 , 220 , 0.17736031363687174,0.36950178349412693
19 , 230 , 0.2855639256639233,0.48001720219917804
19 , 240 , 0.25473702249192137,0.17914541517241098
19 , 250 , 0.21321325366444718,0.3844378065074226
19 , 260 , 0.3053286431408597,0.4738234861796574
19 , 270 , 0.27620320505596974,0.38289160808000694
19 , 280 , 0.26967849396117416,0.5786088568539853
19 , 290 , 0.18024568571781358,0.22576488805158335
19 , 300 , 0.18070129528034679,0.24192241282753035
19 , 310 , 0.06918127262473796,0.263856563930751
19 , 320 , 0.07943245307668668,0.1729138425148966
19 , 330 , 0.0,0.0
19 , 340 , 0.0,0.0
19 , 350 , 0.0,0.0
19 , 360 , 0.17854497033312736,0.18807817032142538
19 , 370 , 0.08530041534032563,0.20299374234216144
19 , 380 , 0.08118549980335694,0.18898103165116084
19 , 390 , 0.17640942876016538,0.2783369260978065
19 , 400 , 0.0,0.0
19 , 410 , 0.0,0.0
19 , 420 , 0.0,0.0
19 , 430 , 0.0,0.0
19 , 440 , 0.0,0.0
19 , 450 , 0.0,0.0
19 , 460 , 0.15469457542611714,0.1365514271293079
19 , 470 , 0.22714207428810582,0.12240780838762823
19 , 480 , 0.0,0.0
19 , 490 , 0.0,0.0
19 , 500 , 0.0,0.0
19 , 510 , 0.07897383506421969,0.23197024127809013
19 , 520 , 0.18085200603348,0.30688126676310706
19 , 530 , 0.17393411354227248,0.14472927679462264
19 , 540 , 0.0,0.0
19 , 550 , 0.0,0.0
19 , 560 , 0.0,0.0
19 , 570 , 0.0,0.0
19 , 580 , 0.0,0.0
19 , 590 , 0.3661982073276674,0.3415026067016003
19 , 600 , 0.1776772939148868,0.34313190851127534
20 , 110 , 0.0,0.1333417526182658
20 , 120 , 0.14532108669182,0.07133841128466044
20 , 130 , 0.18633953941496886,0.11848046705737032
20 , 140 , 0.13337273292903218,0.13379878916293517
20 , 150 , 0.12628760092854308,0.13086647895539305
20 , 160 , 0.46377425519925924,0.21379877631026734
20 , 170 , 0.8757345660369052,0.35081415884459627
20 , 180 , 0.5740757989665605,0.23962767441113555
20 , 190 , 2.604790103173712,0.20224894768769414
20 , 200 , 0.0,0.1186328984113548
20 , 210 , 0.0,0.0
21 , 110 , 0.2238911709606353,0.07574047163031206
21 , 120 , 0.2004193074970026,0.1316693551572964
21 , 130 , 0.18409870796455172,0.177105280442109
21 , 140 , 0.23405870334133372,0.13705565797017877
21 , 150 , 0.2001304266241008,0.12807242845732245
21 , 160 , 0.24365280117311114,0.11818765905212535
21 , 170 , 0.24879386520535463,0.1890402204562134
21 , 180 , 0.24879386520535463,0.3520770005549415
21 , 190 , 0.3193805595922236,0.22370453044624897
21 , 200 , 0.2945597461222779,0.1765915012060415
21 , 210 , 0.209238364693389,0.35154563439437575
21 , 220 , 0.26884172124992667,0.25664997381025495
21 , 230 , 0.20027565695291272,0.33990000391724007
21 , 240 , 0.28510476710788063,0.39842924097723315
21 , 250 , 0.3347042670966994,0.4709940335283239
21 , 260 , 0.34021814925443566,0.6330107317021391
21 , 270 , 0.3383632041031941,0.3869260352229342
21 , 280 , 0.2953295797663778,0.2764403755587302
21 , 290 , 0.3029677408896538,0.40525220219845626
21 , 300 , 0.15546878987596116,0.26145693442220896
21 , 310 , 0.3164971043217586,0.4240919617725196
21 , 320 , 0.1404727392891935,0.2766949914055895
21 , 330 , 0.08906802998315588,0.31393598939311795
21 , 340 , 0.17327902762590022,0.10299780357515603
21 , 350 , 0.0778688191020276,0.32517029452954327
21 , 360 , 0.0778688191020276,0.0854988986843688
21 , 370 , 0.14388581839732442,0.2739148216472429
21 , 380 , 0.014172395466555823,0.04318758373495138
21 , 390 , 0.11926220327983517,0.2039181004307985
21 , 400 , 0.26332190136634487,0.28317491933835465
21 , 410 , 0.14388581839732442,0.01927447195377071
21 , 420 , 0.0,0.0
21 , 430 , 0.0,0.0
21 , 440 , 0.0,0.0
21 , 450 , 0.17327902762590022,0.32419350093998744
21 , 460 , 0.0,0.0
21 , 470 , 0.0,0.0
21 , 480 , 0.0,0.0
21 , 490 , 0.0,0.0
21 , 500 , 0.0,0.0
21 , 510 , 0.0,0.0
21 , 520 , 0.0,0.0
21 , 530 , 0.0,0.0
21 , 540 , 0.0,0.0
21 , 550 , 0.0,0.0
21 , 560 , 0.0,0.0
21 , 570 , 0.0,0.0
21 , 580 , 0.0,0.0
21 , 590 , 0.0,0.0
21 , 600 , 0.0,0.0
22 , 110 , 0.0868658170716688,0.10277726572520865
22 , 120 , 0.0868658170716688,0.08634496318503825
22 , 130 , 0.1687653034253866,0.20216406631155104
22 , 140 , 0.2296759867858529,0.2048933724969417
22 , 150 , 0.16020043194416403,0.2238959519799911
22 , 160 , 0.2325428129804224,0.198446759356066
22 , 170 , 0.13696252470605097,0.13954997522929774
22 , 180 , 0.15704919458487418,0.19357469519481152
22 , 190 , 0.17655422527555528,0.05130015319214837
22 , 200 , 0.19633159604745726,0.14296377214410588
22 , 210 , 0.12717244579162088,0.3011266755153931
22 , 220 , 0.38907963139791685,0.30911051879166684
22 , 230 , 0.3929099472282616,0.211890582509255
22 , 240 , 0.2060065922077385,0.2813007341752173
22 , 250 , 0.38283415540221727,0.38740362533353245
22 , 260 , 0.25917113118809937,0.2520051285152193
22 , 270 , 0.31080975569385755,0.18228022337400412
22 , 280 , 0.27088337944552304,0.22896486814110706
22 , 290 , 0.254514259573578,0.4925854097566444
22 , 300 , 0.2629006969198546,0.6425915812765894
22 , 310 , 0.3337146893419911,0.4578094411153476
22 , 320 , 0.2904794198806606,0.21206145893125364
22 , 330 , 0.21601196475774553,0.24022424200008546
22 , 340 , 0.26785098292576637,0.4728776626578452
22 , 350 , 0.08885341011722421,0.17612974451090999
22 , 360 , 0.0,0.0
22 , 370 , 0.0,0.0
22 , 380 , 0.0,0.0
22 , 390 , 0.0,0.0
22 , 400 , 0.0,0.0
22 , 410 , 0.19021989552250554,0.3190461841368328
22 , 420 , 0.20131965514396272,0.12112121577807368
22 , 430 , 0.0,0.0
22 , 440 , 0.0,0.0
22 , 450 , 0.0,0.0
22 , 460 , 0.0,0.0
22 , 470 , 0.0,0.0
22 , 480 , 0.0,0.0
22 , 490 , 0.0,0.0
22 , 500 , 0.0,0.0
22 , 510 , 0.0,0.0
22 , 520 , 0.0,0.0
22 , 530 , 0.0,0.0
22 , 540 , 0.0,0.0
22 , 550 , 0.0,0.0
22 , 560 , 0.0,0.0
22 , 570 , 0.0,0.0
22 , 580 , 0.0,0.0
22 , 590 , 0.0,0.0
22 , 600 , 0.0,0.0
23 , 110 , 0.22429026824879217,0.06300781694545544
23 , 120 , 0.21170983760826018,0.06917207984031253
23 , 130 , 0.27347180711686014,0.11433744398117375
23 , 140 , 0.22429026824879217,0.062391927232609966
23 , 150 , 0.27733709039929905,0.1329759306107807
23 , 160 , 0.19907675088442614,0.1411888923565905
23 , 170 , 0.2520412129409394,0.19501118697930586
23 , 180 , 0.2520412129409394,0.12720664589860484
23 , 190 , 0.31797813924966645,0.08367080858559972
23 , 200 , 0.2686948852047805,0.202179448603352
23 , 210 , 0.3452932040172902,0.31094281282148306
23 , 220 , 0.32516145429255644,0.2155825996066855
23 , 230 , 0.328228609444675,0.29109393516376564
23 , 240 , 0.3575003662487976,0.24689209861605843
23 , 250 , 0.3241703862432782,0.44659682467916934
23 , 260 , 0.421075995826359,0.8466185314924163
23 , 270 , 0.39424776146148865,0.42950538695440366
23 , 280 , 0.4304728260137057,0.40700769907157075
23 , 290 , 0.33523474103597134,0.47681951144564066
23 , 300 , 0.4615544122025093,0.5236574340957802
23 , 310 , 0.44280123136203997,0.3349257944907244
23 , 320 , 0.2222606703236391,0.5014383802201905
23 , 330 , 0.2646355256216832,0.31871089747289694
23 , 340 , 0.23763412421577557,0.4107111273196219
23 , 350 , 0.024694987931736256,0.19292088909497102
23 , 360 , 0.1888373921943744,0.34452451579503957
23 , 370 , 0.0,0.0
23 , 380 , 0.24171899639292846,0.20513500935184423
23 , 390 , 0.030177150057620995,0.14780630045483495
23 , 400 , 0.0,0.0
23 , 410 , 0.0,0.0
23 , 420 , 0.0,0.0
23 , 430 , 0.0,0.0
23 , 440 , 0.0,0.0
23 , 450 , 0.0,0.0
23 , 460 , 0.0,0.0
23 , 470 , 0.0,0.0
23 , 480 , 0.0,0.0
23 , 490 , 0.0,0.0
23 , 500 , 0.0,0.0
23 , 510 , 0.0,0.0
23 , 520 , 0.0,0.0
23 , 530 , 0.0,0.0
23 , 540 , 0.0,0.0
23 , 550 , 0.0,0.0
23 , 560 , 0.0,0.0
23 , 570 , 0.0,0.0
23 , 580 , 0.0,0.0
23 , 590 , 0.0,0.0
23 , 600 , 0.0,0.0
24 , 110 , 0.20623710031115372,0.08393786462166519
24 , 120 , 0.13811142018386224,0.08434321623668299
24 , 130 , 0.32432942006204507,0.09446128469321205
24 , 140 , 0.27959193765185086,0.19121096589483141
24 , 150 , 0.2790478744074473,0.21432070269601214
24 , 160 , 0.2648416103717372,0.27204080491513544
24 , 170 , 0.3264208719008974,0.3374439946488781
24 , 180 , 0.2285063477000774,0.21392654642408473
24 , 190 , 0.31901405272404454,0.2119605519316278
24 , 200 , 0.38584487337323325,0.3383104780983429
24 , 210 , 0.3808544999207119,0.38694003848076686
24 , 220 , 0.3465878745206374,0.3105447372506641
24 , 230 , 0.2434075319207991,0.26732550403824684
24 , 240 , 0.2911567833307074,0.3433639068080648
24 , 250 , 0.16604529025006007,0.38533560509589593
24 , 260 , 0.33903665730959026,0.19461194119416914
24 , 270 , 0.37173951600167066,0.22261507922206472
24 , 280 , 0.3732243617637404,0.21422261735988496
24 , 290 , 0.3408488176404562,0.34261371792302564
24 , 300 , 0.3566050499024477,0.5805660770913473
24 , 310 , 0.3019092538081209,0.34445855535752623
24 , 320 , 0.2765111726697026,0.2628642367549677
24 , 330 , 0.3277915518696718,0.35916036895521525
24 , 340 , 0.24987672057045204,0.30490367089836046
24 , 350 , 0.3109403968053984,0.44231959781237745
24 , 360 , 0.16114379833860773,0.35660603432012394
24 , 370 , 0.2554414184384318,0.3209978135198995
24 , 380 , 0.31500059581686685,0.21569862855445654
24 , 390 , 0.1881809403790036,0.3225969209218659
24 , 400 , 0.22305296576635633,0.3620487111480026
24 , 410 , 0.06848633948153639,0.3289100944863271
24 , 420 , 0.25117755273268805,0.3539530625771788
24 , 430 , 0.2686285022782136,0.21100456760617564
24 , 440 , 0.16705702785871715,0.39743624552157036
24 , 450 , 0.25996826458193245,0.41814631540683994
24 , 460 , 0.26085405162507525,0.5247241720823843
24 , 470 , 0.26690922063717165,0.2884215722337268
24 , 480 , 0.2915126901258674,0.38270622763905593
24 , 490 , 0.11193157257750157,0.23819810610297043
24 , 500 , 0.2075954901437594,0.21877865149012996
24 , 510 , 0.19449249197734556,0.040292566266716824
24 , 520 , 0.18663276296542283,0.3516393633658016
24 , 530 , 0.17428539447918723,0.20255010441274438
24 , 540 , 0.2075954901437594,0.11917383612970303
24 , 550 , 0.12718804330768363,0.22583584808858098
24 , 560 , 0.04646026871610716,0.2816957477531272
24 , 570 , 0.3127912597100079,0.029482450391903472
24 , 580 , 0.166585975015617,0.09296906876228977
24 , 590 , 0.0,0.0
24 , 600 , 0.0,0.0
25 , 110 , 0.26158434452561746,0.12743210773789196
25 , 120 , 0.3442393665534242,0.20154263438423456
25 , 130 , 0.5104697120293705,0.0558872438820376
25 , 140 , 0.635580987337857,0.2853612464272923
25 , 150 , 0.9856089659187307,0.1929318850010284
25 , 160 , 1.0834240375343227,0.3257712206261882
25 , 170 , 1.455128985289228,0.21916980194339128
25 , 180 , 1.6000982502563323,0.28222767408305827
25 , 190 , 1.7670509944552824,0.26413028372307146
25 , 200 , 0.0,0.0
26 , 110 , 0.05505425689271749,0.11978699627175292
26 , 120 , 0.13264887386893487,0.2839876781179905
26 , 130 , 0.15891510104061018,0.12534559419626617
26 , 140 , 0.26529774773786974,0.31150213963659196
26 , 150 , 0.15891510104061018,0.2963823860442413
26 , 160 , 0.29156397490954505,0.37075310668414
26 , 170 , 0.29156397490954505,0.1779438870038732
26 , 180 , 0.30099028422476454,0.2320690944649592
26 , 190 , 0.34877428642010977,0.1982761810942597
26 , 200 , 0.503205247038607,0.20075056447135176
26 , 210 , 0.27379419769754465,0.2600201205576681
26 , 220 , 0.33801045217958914,0.5887740939882004
26 , 230 , 0.29487948203868725,0.21053807240243136
26 , 240 , 0.4906031769164578,0.4737061678060256
26 , 250 , 0.42401650304538124,0.29503565644709656
26 , 260 , 0.48936510572798575,0.5692820289101246
26 , 270 , 0.24621592245684198,0.6265487414658872
26 , 280 , 0.6011704572347513,0.43403477325886886
26 , 290 , 0.2743684883053932,0.40793695192705154
26 , 300 , 0.4852960355526284,0.4349655727014912
26 , 310 , 0.11449102200608523,0.4296906035250021
26 , 320 , 0.2125711314846066,0.2318144568424165
26 , 330 , 0.2125711314846066,0.03843445038130559
26 , 340 , 0.13264887386893487,0.1251209670353846
26 , 350 , 0.0,0.0
26 , 360 , 0.0,0.0
26 , 370 , 0.1959352689954347,0.15984890045263245
26 , 380 , 0.18416531723045415,0.252831738239222
26 , 390 , 0.23708571844421109,0.3219259034123891
26 , 400 , 0.1959352689954347,0.060566226611834875
26 , 410 , 0.0,0.0
26 , 420 , 0.3255192482923108,0.17429355925414605
26 , 430 , 0.13444416237052345,0.40139248251545795
26 , 440 , 0.13444416237052345,0.46003075038756214
26 , 450 , 0.22205576114776554,0.21829819541651838
26 , 460 , 0.0,0.0
26 , 470 , 0.0,0.0
26 , 480 , 0.0,0.0
26 , 490 , 0.0,0.0
26 , 500 , 0.0,0.0
26 , 510 , 0.0,0.0
26 , 520 , 0.0,0.0
26 , 530 , 0.0,0.0
26 , 540 , 0.3661806109229927,0.28702835585113423
26 , 550 , 0.4348253889626616,0.17461793236001938
26 , 560 , 0.0,0.0
26 , 570 , 0.0,0.0
26 , 580 , 0.0,0.0
26 , 590 , 0.0,0.0
26 , 600 , 0.0,0.0
27 , 110 , 0.06462868671727129,0.06786218375079696
27 , 120 , 0.11869532214278718,0.0849327848422966
27 , 130 , 0.11869532214278718,0.12505465159120704
27 , 140 , 0.21101145228035345,0.13102821156338776
27 , 150 , 0.22524690230273303,0.1760942189959514
27 , 160 , 0.18885570689886758,0.12272148057420232
27 , 170 , 0.23721224915659325,0.15324810756019583
27 , 180 , 0.17902024071904818,0.2123279578763397
27 , 190 , 0.09384142773207543,0.16501536671235978
27 , 200 , 0.31820949133622983,0.21049115056329312
27 , 210 , 0.21355398319790647,0.2891902626444372
27 , 220 , 0.17905085321900582,0.33370707919100023
27 , 230 , 0.22610349160047313,0.4275910067542704
27 , 240 , 0.46965950190161854,0.16234996357831366
27 , 250 , 0.1378805259093994,0.4191539033017929
27 , 260 , 0.46042690494589844,0.43790885009420716
27 , 270 , 0.23949497181161555,0.39590257594018935
27 , 280 , 0.41091099292008093,0.1620437211834854
27 , 290 , 0.3213422381345877,0.3582634524937218
27 , 300 , 0.1816716341909638,0.45605600353953013
27 , 310 , 0.26399968233212096,0.47054087321649957
27 , 320 , 0.12590167182333614,0.3401938874032376
27 , 330 , 0.2841411357165741,0.3263659302269191
27 , 340 , 0.2984326321250779,0.3645723355566116
27 , 350 , 0.17926480399596173,0.31272545767506943
27 , 360 , 0.3712466106442859,0.28109883638911587
27 , 370 , 0.34849735816142735,0.11903279298917675
27 , 380 , 0.26956481837516905,0.3326883834530849
27 , 390 , 0.24034397733653762,0.07172787951946506
27 , 400 , 0.2394949718116156,0.23438708574127717
27 , 410 , 0.19454312975362434,0.12348575720852005
27 , 420 , 0.11225857302433637,0.22610401951138884
27 , 430 , 0.11225857302433637,0.20281115675825837
27 , 440 , 0.2394949718116156,0.08686443438202383
27 , 450 , 0.0,0.0
27 , 460 , 0.0,0.0
27 , 470 , 0.0,0.0
27 , 480 , 0.0,0.0
27 , 490 , 0.0,0.0
27 , 500 , 0.0,0.0
27 , 510 , 0.0,0.0
27 , 520 , 0.0,0.0
27 , 530 , 0.0,0.0
27 , 540 , 0.0,0.0
27 , 550 , 0.0,0.0
27 , 560 , 0.0,0.0
27 , 570 , 0.0,0.0
27 , 580 , 0.0,0.0
27 , 590 , 0.0,0.0
27 , 600 , 0.0,0.0
28 , 110 , 0.18299337748664973,0.03218156611396762
28 , 120 , 0.1655075709679107,0.12621127263497836
28 , 130 , 0.06058162907585687,0.05306683616183104
28 , 140 , 0.14945089237241085,0.15741644990033093
28 , 150 , 0.12159882940060943,0.13579435522842542
28 , 160 , 0.0,0.1103380813477545
28 , 170 , 0.09149668874332487,0.22340047105176183
28 , 180 , 0.14282791877986795,0.11591621599900621
28 , 190 , 0.08591974386975736,0.14776658620807215
28 , 200 , 0.10032875357120415,0.19520116417119363
28 , 210 , 0.08982018954042419,0.22073595607365756
28 , 220 , 0.09061852537540983,0.2653226292233801
28 , 230 , 0.15708119079433255,0.29949250242018655
28 , 240 , 0.17217870413764674,0.349877689866494
28 , 250 , 0.11697475431503764,0.46289691374279174
28 , 260 , 0.2219699174115574,0.17312014389293892
28 , 270 , 0.28159806369936957,0.16524514628892942
28 , 280 , 0.2711108468718961,0.3131606322790481
28 , 290 , 0.306867993582526,0.17882424662630178
28 , 300 , 0.24891444566969878,0.15760696412785385
28 , 310 , 0.27970363955774646,0.3814847709689278
28 , 320 , 0.2887643712229098,0.40787981341146307
28 , 330 , 0.26086510714131117,0.33668124942353134
28 , 340 , 0.2542850430967361,0.45568436439208465
28 , 350 , 0.22888011862332558,0.34351362157652954
28 , 360 , 0.4573768263895377,0.3940442680847507
28 , 370 , 0.30315213770205734,0.23983982146167065
28 , 380 , 0.20651661486026943,0.4811749394729376
28 , 390 , 0.14375051753343998,0.35387640295570927
28 , 400 , 0.31088621846773273,0.10298638933054109
28 , 410 , 0.3556947359309951,0.236891680020993
28 , 420 , 0.14470453977611297,0.23600320366376737
28 , 430 , 0.2533377144314902,0.16638027211495504
28 , 440 , 0.0,0.0
28 , 450 , 0.0,0.0
28 , 460 , 0.0,0.0
28 , 470 , 0.0,0.0
28 , 480 , 0.3675668232915662,0.30793714034828884
28 , 490 , 0.3999332303870664,0.2630605292091063
28 , 500 , 0.0,0.0
28 , 510 , 0.0,0.0
28 , 520 , 0.0,0.0
28 , 530 , 0.0,0.0
28 , 540 , 0.0,0.0
28 , 550 , 0.0,0.0
28 , 560 , 0.0,0.0
28 , 570 , 0.0,0.0
28 , 580 , 0.0,0.0
28 , 590 , 0.0,0.0
28 , 600 , 0.0,0.0
29 , 110 , 0.18340372085952505,0.06366796813365481
29 , 120 , 0.13583786353562255,0.1602204497299032
29 , 130 , 0.13583786353562255,0.0635935862085117
29 , 140 , 0.17204120481364965,0.16255661589023163
29 , 150 , 0.18340372085952505,0.11058269230433002
29 , 160 , 0.2768719121640545,0.20755922537948412
29 , 170 , 0.13583786353562255,0.1297582074076886
29 , 180 , 0.2776694243459335,0.19280763893938307
29 , 190 , 0.22777165549052072,0.20406866848604957
29 , 200 , 0.17204120481364965,0.27761734197278687
29 , 210 , 0.4139392201439208,0.4481871538148991
29 , 220 , 0.19933339828853397,0.3341604502961126
29 , 230 , 0.18340372085952505,0.3896127281058749
29 , 240 , 0.3648985092862891,0.3150701627101986
29 , 250 , 0.4141135121063603,0.3145803777706793
29 , 260 , 0.27907316075261673,0.34113728352882494
29 , 270 , 0.36769700958746093,0.4482350222475412
29 , 280 , 0.4210868354288513,0.3527980308965161
29 , 290 , 0.38942071102513665,0.4137621278434372
29 , 300 , 0.40749396814958194,0.40979206859520273
29 , 310 , 0.31938200481242934,0.15486173295035321
29 , 320 , 0.2866625981481938,0.468493669818999
29 , 330 , 0.3059588681768645,0.3910603081396777
29 , 340 , 0.2507385743031654,0.3749141283446077
29 , 350 , 0.2765488399686626,0.5396876841036949
29 , 360 , 0.2755771671779569,0.293169013305948
29 , 370 , 0.28123182519129764,0.4244867705978428
29 , 380 , 0.2528041159907031,0.13627819600749436
29 , 390 , 0.16007628741976324,0.31168436662405774
29 , 400 , 0.1258918440637957,0.22844583357140383
29 , 410 , 0.0,0.0
29 , 420 , 0.0,0.0
29 , 430 , 0.0,0.0
29 , 440 , 0.0,0.0
29 , 450 , 0.16007628741976324,0.2577604750340153
29 , 460 , 0.12271946988252257,0.21166436665147706
29 , 470 , 0.0,0.0
29 , 480 , 0.0,0.0
29 , 490 , 0.0,0.0
29 , 500 , 0.0,0.0
29 , 510 , 0.0,0.0
29 , 520 , 0.0,0.0
29 , 530 , 0.0,0.0
29 , 540 , 0.0,0.0
29 , 550 , 0.0,0.0
29 , 560 , 0.0,0.0
29 , 570 , 0.0,0.0
29 , 580 , 0.0,0.0
29 , 590 , 0.0,0.0
29 , 600 , 0.0,0.0
30 , 110 , 0.14613969352795356,0.060554905792951474
30 , 120 , 0.09155641408296818,0.06839110446047188
30 , 130 , 0.09031138378198135,0.0669228390260753
30 , 140 , 0.05972859098161492,0.21363967231865277
30 , 150 , 0.1566433547631988,0.1413176436485809
30 , 160 , 0.11269054074058589,0.2432796809003767
30 , 170 , 0.2039691193426188,0.1772168870241469
30 , 180 , 0.10743340505283083,0.21768979045841516
30 , 190 , 0.19564972602844533,0.26020473425275076
30 , 200 , 0.10243318629171054,0.14179432672907563
30 , 210 , 0.07825461787465053,0.09908742483898383
30 , 220 , 0.12062423576436543,0.22358465717910714
30 , 230 , 0.26083030040697786,0.20831573588421556
30 , 240 , 0.311897464744034,0.13617723443923538
30 , 250 , 0.29610918421662513,0.23856045738234208
30 , 260 , 0.24134280849631498,0.22855472731591955
30 , 270 , 0.19651887768514492,0.3958295105873272
30 , 280 , 0.18284941242160838,0.31034907771015413
30 , 290 , 0.3021099038917971,0.22117136163453716
30 , 300 , 0.19894655934180144,0.0941522401765246
30 , 310 , 0.27504708085463925,0.40952736950210206
30 , 320 , 0.31964998706100534,0.4872293457634978
30 , 330 , 0.26918601128782166,0.38709129016638316
30 , 340 , 0.24483409838670303,0.2542082094259699
30 , 350 , 0.26784082377148344,0.20192654467166504
30 , 360 , 0.282531472829002,0.3363953406906551
30 , 370 , 0.29741479792507314,0.45730327473912114
30 , 380 , 0.2481513665086074,0.22939494184348594
30 , 390 , 0.1887461877499951,0.1942087502958643
30 , 400 , 0.17939002324237277,0.330998054172502
30 , 410 , 0.0,0.0
30 , 420 , 0.0,0.0
30 , 430 , 0.0,0.0
30 , 440 , 0.0,0.0
30 , 450 , 0.0,0.0
30 , 460 , 0.0,0.0
30 , 470 , 0.0,0.0
30 , 480 , 0.0,0.0
30 , 490 , 0.0,0.0
30 , 500 , 0.0,0.0
30 , 510 , 0.0,0.0
30 , 520 , 0.0,0.0
30 , 530 , 0.0,0.0
30 , 540 , 0.0,0.0
30 , 550 , 0.0,0.0
30 , 560 , 0.0,0.0
30 , 570 , 0.0,0.0
30 , 580 , 0.0,0.0
30 , 590 , 0.0,0.0
30 , 600 , 0.0,0.0
31 , 110 , 0.19182041053268864,0.024038025635215524
31 , 120 , 0.2513494852886771,0.10935846394124556
31 , 130 , 0.2325982262789748,0.11402620002403696
31 , 140 , 0.2194161156171161,0.1772401993141462
31 , 150 , 0.2513494852886771,0.20157998216132758
31 , 160 , 0.2788468251385187,0.09337723272289203
31 , 170 , 0.3117661199560556,0.33632759454862915
31 , 180 , 0.31464590649448015,0.14280056844007274
31 , 190 , 0.3211018367212765,0.19019707841270206
31 , 200 , 0.35226806041557496,0.3113208236109604
31 , 210 , 0.26007370258096457,0.2727300987239662
31 , 220 , 0.3373034153125398,0.12404913283241358
31 , 230 , 0.37578780561392017,0.40245495104014073
31 , 240 , 0.4354422917287526,0.6011781078884962
31 , 250 , 0.3649112950456144,0.1539395506361565
31 , 260 , 0.4315159510044021,0.2739187761137957
31 , 270 , 0.38327646798577913,0.311042729232446
31 , 280 , 0.3967129318189464,0.3633761336729416
31 , 290 , 0.36825940435025506,0.2807261727636975
31 , 300 , 0.3318792377272645,0.4521559969297432
31 , 310 , 0.38407495940239267,0.4195786065991182
31 , 320 , 0.292184014640243,0.4631518980789383
31 , 330 , 0.3734642737721117,0.4546967298590155
31 , 340 , 0.36717394129238623,0.27061187213212967
31 , 350 , 0.17406167090250313,0.243701322157491
31 , 360 , 0.2613980969538421,0.32749365640375727
31 , 370 , 0.2497784949064447,0.41993425804883733
31 , 380 , 0.2611981215602087,0.3069232170673626
31 , 390 , 0.16866979958775052,0.10597286167950859
31 , 400 , 0.21750134838998228,0.249582080659149
31 , 410 , 0.21717499741267932,0.3121946927521409
31 , 420 , 0.13928603386127986,0.06586276210972311
31 , 430 , 0.25410308165031764,0.3996055299516522
31 , 440 , 0.2886541517615751,0.34154565790400876
31 , 450 , 0.34883566175413216,0.1970623542028759
31 , 460 , 0.3539458497435408,0.24644956540962823
31 , 470 , 0.18626437766272394,0.18313459204972626
31 , 480 , 0.2237780354092775,0.2983285071560213
31 , 490 , 0.07847450673870374,0.2331877150901406
31 , 500 , 0.2533377144314902,0.30993305352766193
31 , 510 , 0.23425646065463118,0.03975476674692435
31 , 520 , 0.2237780354092775,0.26100858996031673
31 , 530 , 0.10197655488440316,0.21552066573654619
31 , 540 , 0.23425646065463118,0.26364118105274903
31 , 550 , 0.14470453977611297,0.20765067557543823
31 , 560 , 0.24914980894253969,0.15623067658409748
31 , 570 , 0.23425646065463118,0.1726633272927655
31 , 580 , 0.2511951818673051,0.22036951062202687
31 , 590 , 0.19724358196811617,0.2462529707221604
31 , 600 , 0.25517906015389996,0.256465034067507
33 , 110 , 0.10987187810669961,0.12589885482402358
33 , 120 , 0.04560094953047454,0.11897917789207081
33 , 130 , 0.10987187810669961,0.21072682104758853
33 , 140 , 0.04560094953047454,0.12032635899572168
33 , 150 , 0.1376725339941239,0.29604156169143714
33 , 160 , 0.0,0.2858380195305124
33 , 170 , 0.04560094953047454,0.37220755189831134
33 , 180 , 0.04560094953047454,0.29167708440275353
33 , 190 , 0.2613598351593396,0.45032526472347545
33 , 200 , 0.16106700436577967,0.32924619383699555
33 , 210 , 0.24754441210082345,0.2632068933947595
33 , 220 , 0.2944707371930011,0.27168936676997324
33 , 230 , 0.3104476782265695,0.524626077173808
33 , 240 , 0.4286651797287273,0.35732545323575354
33 , 250 , 0.30495246266692033,0.4536812043818477
33 , 260 , 0.4053680281088792,0.37226254495261585
33 , 270 , 0.2467577162374591,0.4162842360927383
33 , 280 , 0.31328176417233716,0.27183195335175186
33 , 290 , 0.2467577162374591,0.20577719095593205
33 , 300 , 0.2889600340994495,0.298156921693047
33 , 310 , 0.28718531500412303,0.37563794058149275
33 , 320 , 0.40889763653498684,0.40875536757060016
33 , 330 , 0.3329342842273022,0.6560039596434875
33 , 340 , 0.3833729148451692,0.11427123028702035
33 , 350 , 0.10963883843347387,0.5887403570950496
33 , 360 , 0.19027209914645066,0.08180248021364152
33 , 370 , 0.2480765172526486,0.45824979055649007
33 , 380 , 0.19027209914645066,0.12882356082225585
33 , 390 , 0.0,0.0
33 , 400 , 0.0,0.0
33 , 410 , 0.0,0.0
33 , 420 , 0.0,0.0
33 , 430 , 0.0,0.0
33 , 440 , 0.0,0.0
33 , 450 , 0.0,0.0
33 , 460 , 0.0,0.0
33 , 470 , 0.0,0.0
33 , 480 , 0.0,0.0
33 , 490 , 0.0,0.0
33 , 500 , 0.0,0.0
33 , 510 , 0.0,0.0
33 , 520 , 0.0,0.0
33 , 530 , 0.0,0.0
33 , 560 , 0.9966268945193391,1.0
33 , 600 , 0.9526729432809844,1.0
35 , 110 , 0.2309142742823708,0.0953635079446798
35 , 120 , 0.2647958988533218,0.14401296356576254
35 , 130 , 0.28041103615546314,0.1278163278692451
35 , 140 , 0.1835737484280506,0.11627131897521326
35 , 150 , 0.22814225578231115,0.17118163881624043
35 , 160 , 0.1835737484280506,0.2129891525101238
35 , 170 , 0.2724853678516754,0.2535338141359012
35 , 180 , 0.24539048404645966,0.262130138323941
35 , 190 , 0.2915816382310008,0.22896186789472842
35 , 200 , 0.345880558838624,0.256770788110363
35 , 210 , 0.295522830241165,0.23081876032040907
35 , 220 , 0.38492441409421607,0.18237485480170307
35 , 230 , 0.37947480603514827,0.26951984351822317
35 , 240 , 0.40700866782313405,0.18759509491282453
35 , 250 , 0.4653022169473591,0.2740133188816337
35 , 260 , 0.21905318512151983,0.3022701269844422
35 , 270 , 0.3344483370467051,0.22995983338757853
35 , 280 , 0.3710519898341218,0.016042021577868062
35 , 290 , 0.24080991634054041,0.19540491272622096
35 , 300 , 0.29641676663272193,0.2201408810379128
35 , 310 , 0.19778972456767133,0.17064066430161537
35 , 320 , 0.27058128522748637,0.22849120505096462
35 , 330 , 0.29577609136057165,0.212526489730226
35 , 340 , 0.29018812052200393,0.43744841203374857
35 , 350 , 0.32198726744760947,0.032229518841876206
35 , 360 , 0.23537182516750613,0.32687909974750845
35 , 370 , 0.2741690667825563,0.3196837347403252
35 , 380 , 0.35731730674270995,0.5690744469989176
35 , 390 , 0.15053721199456904,0.22151182486179533
35 , 400 , 0.3486245349817663,0.40467040353963885
35 , 410 , 0.185656572319659,0.2736788914924582
35 , 420 , 0.25404186945376106,0.27587776762560084
35 , 430 , 0.04925259790729282,0.19675049494582766
35 , 440 , 0.23934859339421855,0.1842149262207319
35 , 450 , 0.0,0.0
35 , 460 , 0.0,0.0
35 , 470 , 0.0,0.0
35 , 480 , 0.0,0.0
35 , 490 , 0.0,0.0
35 , 500 , 0.0,0.0
35 , 510 , 0.0,0.0
35 , 520 , 0.0,0.0
35 , 530 , 0.0,0.0
35 , 540 , 0.0,0.0
35 , 550 , 0.0,0.0
35 , 560 , 0.0,0.0
35 , 570 , 0.029040909017507284,0.10958733665006777
35 , 580 , 0.08320700888432106,0.0725511278997618
35 , 590 , 0.16641531850245467,0.30049037979375665
35 , 600 , 0.16641531850245467,0.2745869931255645
36 , 110 , 0.15596551973442707,0.11679140788113598
36 , 120 , 0.11534449404652715,0.06369179581547271
36 , 130 , 0.0969416660920112,0.09796417947882209
36 , 140 , 0.24622057467605224,0.09686633132707427
36 , 150 , 0.1321449523016588,0.17112291330542764
36 , 160 , 0.12928263302590276,0.14945136948136653
36 , 170 , 0.18723241060451745,0.09901983703196099
36 , 180 , 0.33890474983023633,0.393869927183013
36 , 190 , 0.2770545596981043,0.20906634458483678
36 , 200 , 0.3254035807875946,0.4340135454049482
36 , 210 , 0.2751595846080185,0.1230003877273508
36 , 220 , 0.26049936373910687,0.21295446549280372
36 , 230 , 0.2766449361438102,0.4440128745221862
36 , 240 , 0.4546808245802976,0.23339695423547835
36 , 250 , 0.43004299316394795,0.2723377635196267
36 , 260 , 0.4362542092402975,0.3619734875341772
36 , 270 , 0.3837038898376667,0.2992081670920411
36 , 280 , 0.3706698142299239,0.4309817672309263
36 , 290 , 0.25480064398475416,0.5025417546579367
36 , 300 , 0.2595139181824172,0.20656239766675175
36 , 310 , 0.2582235131057537,0.22734054022961092
36 , 320 , 0.3281405625386229,0.37880709779628435
36 , 330 , 0.3205602728856926,0.3844384127643695
36 , 340 , 0.26345587804104914,0.2859893685163549
36 , 350 , 0.30425904703712336,0.2917366991417093
36 , 360 , 0.203288745289882,0.2471039558266902
36 , 370 , 0.2023198779860485,0.10996099175001033
36 , 380 , 0.2034392049420752,0.23906822306282222
36 , 390 , 0.1689430197350914,0.15784094071278207
36 , 400 , 0.21363160532235956,0.1417379155196083
36 , 410 , 0.21363160532235956,0.16384217641773793
36 , 420 , 0.22149829415167785,0.40995297210037357
36 , 430 , 0.23385142799677505,0.011264136466901742
36 , 440 , 0.23385142799677505,0.07333328999548454
36 , 450 , 0.05200598709759802,0.33181097277462157
36 , 460 , 0.0,0.0
36 , 470 , 0.0,0.0
36 , 480 , 0.0,0.0
36 , 490 , 0.0,0.0
36 , 500 , 0.0,0.0
36 , 510 , 0.0,0.0
36 , 520 , 0.0,0.0
36 , 530 , 0.0,0.0
36 , 540 , 0.0,0.0
36 , 550 , 0.0,0.0
36 , 560 , 0.0,0.0
36 , 570 , 0.0,0.0
36 , 580 , 0.0,0.0
36 , 590 , 0.0,0.0
36 , 600 , 0.0,0.0
37 , 110 , 0.08871719854346781,0.0850916630624368
37 , 120 , 0.14959161799868675,0.20637383022811126
37 , 130 , 0.353997724420041,0.37261203464719483
37 , 140 , 0.19973989188972557,0.237468758065765
37 , 150 , 0.7697085051320145,0.1793823152013388
37 , 160 , 0.5928526097027427,0.3063867392636538
37 , 170 , 1.0860944721852201,0.29134886890228134
37 , 180 , 1.9569006263828097,0.7669854263688094
37 , 190 , 2.2692511579073327,0.24894019439419998
37 , 200 , 3.195183851895295,0.56917584421926
37 , 210 , 6.179771601840228,0.6061030081134985
38 , 110 , 0.16790171116942001,0.1647669641769406
38 , 120 , 0.21263949024339074,0.10251538432856848
38 , 130 , 0.08866204025701119,0.08844579172444002
38 , 140 , 0.08866204025701119,0.06831793710933028
38 , 150 , 0.21853424273127492,0.2304460756555556
38 , 160 , 0.2378533215031825,0.22424707289662515
38 , 170 , 0.2378533215031825,0.2076054811998854
38 , 180 , 0.2378533215031825,0.06134991783126426
38 , 190 , 0.2206539279268151,0.24449969323077753
38 , 200 , 0.13335804242970412,0.15372434362780915
38 , 210 , 0.2844083423949192,0.14743269672844567
38 , 220 , 0.2844083423949192,0.15530555481464814
38 , 230 , 0.2777722182702262,0.20644622317023636
38 , 240 , 0.31225339080322057,0.2793501963363998
38 , 250 , 0.3376731163681601,0.29616357709697355
38 , 260 , 0.19141815854294927,0.2631993272366894
38 , 270 , 0.3641009971044101,0.3160320303412192
38 , 280 , 0.5029357680650409,0.28288590203510394
38 , 290 , 0.4654544847992311,0.4979684756608814
38 , 300 , 0.474727556751092,0.45481404298020384
38 , 310 , 0.3975290026936551,0.2386634326598481
38 , 320 , 0.3388748063901332,0.7080445276362421
38 , 330 , 0.3962298160973064,0.37843211003922594
38 , 340 , 0.2805343607330394,0.27279399460192605
38 , 350 , 0.35092981120506433,0.4378224797830603
38 , 360 , 0.22227649570419938,0.2067202202271236
38 , 370 , 0.20183525283253742,0.14644527454618247
38 , 380 , 0.22227649570419938,0.2682095997002669
38 , 390 , 0.18252509965999308,0.30411612256855386
38 , 400 , 0.23269396155265779,0.23062245555379826
38 , 410 , 0.2648803094819275,0.23537383404399267
38 , 420 , 0.2601125744447511,0.16043467182401813
38 , 430 , 0.26558603806694014,0.07602044627934457
38 , 440 , 0.3098265693389874,0.17575945307964191
38 , 450 , 0.21158537159648153,0.3045062489029438
38 , 460 , 0.13887333109576497,0.4246463208599031
38 , 470 , 0.25734380082036645,0.2103632599327146
38 , 480 , 0.24217112970939358,0.24371545388965296
38 , 490 , 0.0,0.0
38 , 500 , 0.0,0.0
38 , 510 , 0.0,0.0
38 , 520 , 0.0,0.0
38 , 530 , 0.0,0.0
38 , 540 , 0.0,0.0
38 , 550 , 0.0,0.0
38 , 560 , 0.0,0.0
38 , 570 , 0.0,0.0
38 , 580 , 0.0,0.0
38 , 590 , 0.0,0.0
38 , 600 , 0.0,0.0
39 , 110 , 0.21073598183328904,0.07078563289816144
39 , 120 , 0.14487601377361914,0.03188337573395049
39 , 130 , 0.1635825138587326,0.04824185110279143
39 , 140 , 0.07835801361140429,0.12830726186641084
39 , 150 , 0.13192247262831205,0.293914949956416
39 , 160 , 0.13439872301229583,0.15425420105007126
39 , 170 , 0.23243345022829354,0.0696911957776125
39 , 180 , 0.13771089227842523,0.1627518610106779
39 , 190 , 0.20115002371927443,0.1607839367934127
39 , 200 , 0.27937913632957034,0.42991092241766704
39 , 210 , 0.30172634651811137,0.3228648181221763
39 , 220 , 0.16688271420260536,0.3635058361683369
39 , 230 , 0.2780045920183979,0.15181816087328007
39 , 240 , 0.30312250240985444,0.32540585406819755
39 , 250 , 0.34187191607081935,0.1998670666246416
39 , 260 , 0.2880071595488787,0.4108776839854798
39 , 270 , 0.3192975624238718,0.29908842458269636
39 , 280 , 0.23570609801264064,0.2602106627162757
39 , 290 , 0.4429716611653141,0.5597366502336452
39 , 300 , 0.2837187389594719,0.3679679659234196
39 , 310 , 0.32532313924198947,0.4619827055168294
39 , 320 , 0.42853784099959635,0.517811106372098
39 , 330 , 0.42744602811065685,0.35929140698025913
39 , 340 , 0.4989922736593468,0.5900084356152001
39 , 350 , 0.3854059134409935,0.47030250339739255
39 , 360 , 0.4320178794876558,0.40095338821196025
39 , 370 , 0.24341801770602203,0.28036740083210815
39 , 380 , 0.29483351732251845,0.2869625533809857
39 , 390 , 0.2737597816308223,0.07168061545785191
39 , 400 , 0.2432557907131055,0.24591876737769172
39 , 410 , 0.13050400811253268,0.0786402381876976
39 , 420 , 0.1152039560852078,0.014182323588744336
39 , 430 , 0.25539687566087993,0.23819843489176534
39 , 440 , 0.18392560088936258,0.3075708302455299
39 , 450 , 0.22824455711026131,0.01782026874622073
39 , 460 , 0.06403101297655435,0.24796287340163709
39 , 470 , 0.20254696267408623,0.2244372742353753
39 , 480 , 0.18063225311388564,0.24402990112625514
39 , 490 , 0.1808458594655895,0.1895194294545964
39 , 500 , 0.11083451752567022,0.2502127446004214
39 , 510 , 0.05627400994565526,0.23974877173475168
39 , 520 , 0.12832257213847098,0.24892034814864034
39 , 530 , 0.144043974916199,0.057596126441789186
39 , 540 , 0.1685977682733325,0.14355047451466946
39 , 550 , 0.144043974916199,0.041922260351739016
39 , 560 , 0.048702267312313065,0.2868064215909987
39 , 570 , 0.0,0.0
39 , 580 , 0.0,0.0
39 , 590 , 0.19169437552128227,0.0846475427003288
39 , 600 , 0.025033624343337637,0.030239301786029755
40 , 110 , 0.2053534127539482,0.10033335244134339
40 , 120 , 0.05680197529393854,0.10584752631235675
40 , 130 , 0.1923381871973726,0.05830486499293213
40 , 140 , 0.07694681449123854,0.11795251873192619
40 , 150 , 0.12696919761843015,0.028713742556815976
40 , 160 , 0.2608624611124495,0.18959658207526736
40 , 170 , 0.250890427974647,0.17842050267272938
40 , 180 , 0.21248302639467256,0.18387775378336607
40 , 190 , 0.1679213039383518,0.2106450612681978
40 , 200 , 0.07503609627652232,0.23032761890291847
40 , 210 , 0.19960287637019106,0.1131007856873623
40 , 220 , 0.16872335692423202,0.241967075446052
40 , 230 , 0.24409092074439126,0.2166732766758698
40 , 240 , 0.2098995706918833,0.36886021401519964
40 , 250 , 0.31209947929321435,0.286399950305434
40 , 260 , 0.31893078378023526,0.12008684420408026
40 , 270 , 0.35889705515117926,0.19598314401862932
40 , 280 , 0.3607554913056446,0.2406697734345809
40 , 290 , 0.4317157593262899,0.4116276544786677
40 , 300 , 0.32562714920980357,0.30168257039644386
40 , 310 , 0.3627938235252799,0.4235845299171317
40 , 320 , 0.3644367719346946,0.4500302503940492
40 , 330 , 0.340646920257326,0.40598904300575006
40 , 340 , 0.2859715776308737,0.2188094375137827
40 , 350 , 0.2958190421718438,0.32394427943467136
40 , 360 , 0.17835998878535173,0.1811298287687133
40 , 370 , 0.16821901869548261,0.26036039764666413
40 , 380 , 0.17835998878535173,0.2810353861065349
40 , 390 , 0.18539725838011964,0.10062561845703553
40 , 400 , 0.18539725838011964,0.3048134998951005
40 , 410 , 0.22611315535318813,0.25118224750120877
40 , 420 , 0.0,0.0
40 , 430 , 0.0,0.0
40 , 440 , 0.0,0.0
40 , 450 , 0.0,0.0
40 , 460 , 0.0,0.0
40 , 470 , 0.0,0.0
40 , 480 , 0.0,0.0
40 , 490 , 0.1663420529812078,0.14480059705574014
40 , 500 , 0.10903121308835202,0.17740683131089452
40 , 510 , 0.2589729544078964,0.14907806247166755
40 , 520 , 0.16137043392418612,0.1932008491868013
40 , 530 , 0.1385749165255444,0.14269985287561457
40 , 540 , 0.04092203524233037,0.38316907120145155
40 , 550 , 0.1887672862031214,0.09306538481893163
40 , 560 , 0.1385749165255444,0.28554014260000904
40 , 570 , 0.1105857886597457,0.3092962304709106
40 , 580 , 0.17835998878535173,0.12012321548946107
40 , 590 , 0.04092203524233037,0.21644593613311136
40 , 600 , 0.18539725838011964,0.016977250332281958
41 , 110 , 0.18242459260206514,0.09468707004761287
41 , 120 , 0.2694467987704271,0.02694779396763338
41 , 130 , 0.30005915154820884,0.1342724136595278
41 , 140 , 0.19576561996730552,0.1131689592544371
41 , 150 , 0.33278876511065497,0.206811526822955
41 , 160 , 0.23599486278078946,0.13404223968035858
41 , 170 , 0.22349843450152415,0.23489413257311692
41 , 180 , 0.25075146071006504,0.23109186808683213
41 , 190 , 0.33806495972187084,0.09585461681934983
41 , 200 , 0.38217061745305125,0.21095889905384885
41 , 210 , 0.19576561996730552,0.05139952115937296
41 , 220 , 0.37668672692287075,0.42314185125713233
41 , 230 , 0.24441012693868863,0.27524985723925544
41 , 240 , 0.40985604378054613,0.40547682818635644
41 , 250 , 0.3425961113960761,0.20162742193136263
41 , 260 , 0.3170068881215376,0.1765540347310424
41 , 270 , 0.42263107983379755,0.19644966290399568
41 , 280 , 0.46214905354690217,0.4044922317420307
41 , 290 , 0.413216994265952,0.31685770063914576
41 , 300 , 0.4579734153693983,0.3666738976644447
41 , 310 , 0.4301488984649397,0.3187859767892052
41 , 320 , 0.14974898724498975,0.42227737844464114
41 , 330 , 0.3695045189509826,0.24353278631514028
41 , 340 , 0.29210957757915723,0.26419665851553936
41 , 350 , 0.3425826010764136,0.22569312539953595
41 , 360 , 0.3556501616751679,0.3324404042369855
41 , 370 , 0.3536197943939915,0.38441027546025486
41 , 380 , 0.2254994800858367,0.3814645471228726
41 , 390 , 0.18430062379788023,0.20456360784506653
41 , 400 , 0.2237396475487101,0.2727885981492827
41 , 410 , 0.16712377591223276,0.333907083250384
41 , 420 , 0.10300743735085566,0.271702869649508
41 , 430 , 0.2561327324047369,0.17845239462848525
41 , 440 , 0.19607664898187774,0.24922082942033164
41 , 450 , 0.10300743735085566,0.13750123800985042
41 , 460 , 0.3637803791293518,0.16153245347451917
41 , 470 , 0.34624390848597103,0.300847243783334
41 , 480 , 0.34750046516258454,0.38529538588291745
41 , 490 , 0.32857575371025693,0.22159346465777133
41 , 500 , 0.24908289220788826,0.18332398669294678
41 , 510 , 0.16230573060007922,0.20995193957783245
41 , 520 , 0.2549704534496542,0.26939834726540296
41 , 530 , 0.13842278239855435,0.2888999130856879
41 , 540 , 0.18312211633869901,0.2067590492209087
41 , 550 , 0.24908289220788826,0.26609591758339163
41 , 560 , 0.23642958892677166,0.29250010599347326
41 , 570 , 0.0,0.0
41 , 580 , 0.0,0.0
41 , 590 , 0.0,0.0
41 , 600 , 0.0,0.0
42 , 110 , 0.18913163612629802,0.1844626019601736
42 , 120 , 0.24773163553921917,0.18689597555819246
42 , 130 , 0.16260371221653552,0.1150902003640546
42 , 140 , 0.15809129272468897,0.09828876141009586
42 , 150 , 0.23735027300848768,0.31801512982429464
42 , 160 , 0.21860800158575902,0.07833705035875747
42 , 170 , 0.2594638375014381,0.2683864930502974
42 , 180 , 0.16004479455998125,0.24733485349226786
42 , 190 , 0.29354312518094,0.27830752031027917
42 , 200 , 0.3988269674907295,0.24283707762453946
42 , 210 , 0.2006995911169081,0.28067072640630497
42 , 220 , 0.1281018935380886,0.4737063547960945
42 , 230 , 0.4037668539398298,0.3749068280603706
42 , 240 , 0.28515026883958755,0.5482167157437455
42 , 250 , 0.45342002697743944,0.45080045482752457
42 , 260 , 0.27537397312913087,0.29224616822411753
42 , 270 , 0.5553695873998478,0.4098507249208083
42 , 280 , 0.18633203131070558,0.3944998236194108
42 , 290 , 0.3478199273647672,0.4226291992899846
42 , 300 , 0.2266786608528402,0.26852791293302664
42 , 310 , 0.28674461203696466,0.168685782045902
42 , 320 , 0.19729494493511754,0.24057121690752947
42 , 330 , 0.12977545844745242,0.333722258051885
42 , 340 , 0.11427784182863306,0.3142881867642204
42 , 350 , 0.09214918088123242,0.20634977121270526
42 , 360 , 0.0,0.0
42 , 370 , 0.0,0.0
42 , 380 , 0.0,0.0
42 , 390 , 0.0,0.0
42 , 400 , 0.0,0.0
42 , 410 , 0.0,0.0
42 , 420 , 0.0,0.0
42 , 430 , 0.0,0.0
42 , 440 , 0.0,0.0
42 , 450 , 0.0,0.0
42 , 460 , 0.0,0.0
42 , 470 , 0.0,0.0
42 , 480 , 0.0,0.0
42 , 490 , 0.0,0.0
42 , 500 , 0.0,0.0
42 , 510 , 0.0,0.0
42 , 520 , 0.0,0.0
42 , 530 , 0.0,0.0
42 , 540 , 0.0,0.0
42 , 550 , 0.0,0.0
42 , 560 , 0.0,0.0
42 , 570 , 0.0,0.0
42 , 580 , 0.0,0.0
42 , 590 , 0.0,0.0
42 , 600 , 0.0,0.0
43 , 110 , 0.10769583019478084,0.16967636052063576
43 , 120 , 0.09490350283520663,0.13732951838009194
43 , 130 , 0.19783374860216998,0.10722028469046613
43 , 140 , 0.11565440730060389,0.16536863790636705
43 , 150 , 0.19783374860216998,0.2561990765590355
43 , 160 , 0.16903247906473481,0.3244693289806993
43 , 170 , 0.15197820899571257,0.15158588789363364
43 , 180 , 0.15663290150325607,0.12522575806710082
43 , 190 , 0.267395934589783,0.11365920824028783
43 , 200 , 0.49471245102536743,0.21400504708727694
43 , 210 , 0.32368785885547013,0.23800701120266324
43 , 220 , 0.3499775989338236,0.24310747474336836
43 , 230 , 0.48180399021643683,0.3743391901090381
43 , 240 , 0.5130314389648405,0.08175074504082422
43 , 250 , 0.8071701345112213,0.410742453402806
43 , 260 , 0.39019162227258536,0.44711460607108655
43 , 270 , 1.164104387393371,0.05877821839953792
43 , 280 , 1.0955665483740795,0.2700668240803948
43 , 290 , 0.9830253289065112,0.31988844554769186
43 , 300 , 1.8242257119269099,0.456334875330171
43 , 310 , 2.658506157722433,0.26175151457529433
43 , 320 , 2.3920083590948265,0.2591738451452822
43 , 330 , 2.3920083590948265,0.41246482921157573
43 , 340 , 0.0,0.0
44 , 110 , 0.21172842421146443,0.12056476291883245
44 , 120 , 0.1807891984924222,0.11769395678305201
44 , 130 , 0.1906941038348403,0.15099715305601413
44 , 140 , 0.1365931147428629,0.19256272552364323
44 , 150 , 0.1366496611929259,0.1004205694080534
44 , 160 , 0.16637955395274776,0.2167580336432177
44 , 170 , 0.21356718208883846,0.053918681386181326
44 , 180 , 0.20343468117386784,0.16071671738705573
44 , 190 , 0.2556254185793307,0.2756144780658187
44 , 200 , 0.20343468117386784,0.22752231082556082
44 , 210 , 0.22651271935593253,0.20230270196239822
44 , 220 , 0.21502290926260484,0.35239643778757135
44 , 230 , 0.2157987832326311,0.2532138480173551
44 , 240 , 0.20451010148569754,0.32430798244800085
44 , 250 , 0.11706085329139909,0.29482767522930564
44 , 260 , 0.3881398980848093,0.17428239414738594
44 , 270 , 0.28002734335690704,0.1829880225300996
44 , 280 , 0.3092984339110187,0.13628652323276985
44 , 290 , 0.2324732424501628,0.2627665895903017
44 , 300 , 0.2910407470476804,0.4839946258333386
44 , 310 , 0.15751742698489954,0.13818862517687075
44 , 320 , 0.2012360415299294,0.0762388645418561
44 , 330 , 0.19317888101593594,0.27287676975281266
44 , 340 , 0.15536322769311978,0.181787853962165
44 , 350 , 0.031193768832457783,0.2990692274569817
44 , 360 , 0.10306721771695215,0.1889642378017842
44 , 370 , 0.14346043157858232,0.18712072706077945
44 , 380 , 0.14346043157858232,0.1797497000075787
44 , 390 , 0.15497959436953324,0.2588803258751155
44 , 400 , 0.18759070018080912,0.28339524402082555
44 , 410 , 0.14587572661384715,0.202566704185099
44 , 420 , 0.08562611353568211,0.29610709499631893
44 , 430 , 0.09203307325772551,0.15725622810352846
44 , 440 , 0.06993316464300839,0.3317657504681315
44 , 450 , 0.0,0.3224396013981913
44 , 460 , 0.08334433859590847,0.15731229269982863
44 , 470 , 0.19265537736824018,0.06897254952052846
44 , 480 , 0.1596403219201126,0.249261829387602
44 , 490 , 0.1357665869394186,0.33017039840619467
44 , 500 , 0.010790001776427513,0.11922543091655516
44 , 510 , 0.1236463606230809,0.24332047822351882
44 , 520 , 0.15301344446848333,0.5107233452617298
44 , 530 , 0.18187329109916864,0.3001151760121011
44 , 540 , 0.09437870171098668,0.6147661406124245
44 , 550 , 0.1793625258238245,0.29299635856399964
44 , 560 , 0.36139231503545444,0.3058775967887871
44 , 570 , 0.055191681977817604,0.41023033967620676
44 , 580 , 0.1679860594360337,0.277567107764971
44 , 590 , 0.16587291929403164,0.393657984718139
44 , 600 , 0.09223583609831212,0.22971261808940766
46 , 110 , 0.0763976198049047,0.03254780938646255
46 , 120 , 0.11432892936607851,0.13147057657142233
46 , 130 , 0.10643689375414084,0.19325666783798057
46 , 140 , 0.15465667270064812,0.22496297935154463
46 , 150 , 0.058791245124459754,0.1183581105844097
46 , 160 , 0.09931733517557313,0.12583608666475665
46 , 170 , 0.20855024917108936,0.10221082370130989
46 , 180 , 0.24385185665832834,0.15406025471290277
46 , 190 , 0.15810858030003286,0.12002357601296842
46 , 200 , 0.23141843092950623,0.19746316180316004
46 , 210 , 0.26550113554271143,0.2408609001486669
46 , 220 , 0.19188748760321966,0.1806853212465997
46 , 230 , 0.27518488993914825,0.18202004002473754
46 , 240 , 0.2892639883588727,0.29672100840261895
46 , 250 , 0.17628606491963225,0.2866403520315325
46 , 260 , 0.24246296873010872,0.33440672890892886
46 , 270 , 0.45435507167064093,0.35353967707290523
46 , 280 , 0.33658061027488995,0.5207932914136946
46 , 290 , 0.3285527111510549,0.15288361822201887
46 , 300 , 0.4545858919328528,0.34093059774949525
46 , 310 , 0.4436186561776965,0.3949147379752415
46 , 320 , 0.5175614479297769,0.26718709126702
46 , 330 , 0.4128601827021547,0.32433434088187957
46 , 340 , 0.4421626628728572,0.4981905379123315
46 , 350 , 0.3203392508547132,0.13699279801993308
46 , 360 , 0.15159301575579004,0.19906159791446812
46 , 370 , 0.08550391826233109,0.07057752079190235
46 , 380 , 0.28032089552904876,0.43042683342695126
46 , 390 , 0.3054971679331398,0.3171066694004789
46 , 400 , 0.14662491854237295,0.08046525434384047
46 , 410 , 0.3475642360119757,0.38810546573617927
46 , 420 , 0.3010549293032067,0.5590857173323859
46 , 430 , 0.09822887501125223,0.22314177547216102
46 , 440 , 0.23408651273544254,0.10243941705416681
46 , 450 , 0.19329300888150874,0.28001845950394016
46 , 460 , 0.2379170904058474,0.2185802962497783
46 , 470 , 0.02653488418690195,0.28527943719011556
46 , 480 , 0.0,0.0
46 , 490 , 0.0,0.0
46 , 500 , 0.0,0.0
46 , 510 , 0.0,0.0
46 , 520 , 0.0,0.0
46 , 530 , 0.0,0.0
46 , 540 , 0.0,0.0
46 , 550 , 0.0,0.0
46 , 560 , 0.0,0.0
46 , 570 , 0.0,0.0
46 , 580 , 0.0,0.0
46 , 590 , 0.0,0.0
46 , 600 , 0.0,0.0
47 , 110 , 0.11166438864254735,0.05700394428110504
47 , 120 , 0.09211516013728553,0.15205212985998018
47 , 130 , 0.03952557138056627,0.15383730034465126
47 , 140 , 0.12545786905544973,0.2717736136774989
47 , 150 , 0.164983440436016,0.23427749842723875
47 , 160 , 0.10897110034591666,0.14720456438084062
47 , 170 , 0.05486526415387126,0.0654138810289656
47 , 180 , 0.14319085219597855,0.17566878909264638
47 , 190 , 0.07065430131304372,0.20010155358756765
47 , 200 , 0.13618548470623318,0.11364354913528461
47 , 210 , 0.1039880139959281,0.3397930827705623
47 , 220 , 0.0979047790009912,0.17980304306451148
47 , 230 , 0.1837973950636538,0.17555178180210426
47 , 240 , 0.2229404452459374,0.21405873735569023
47 , 250 , 0.23734624596743373,0.44960231743106155
47 , 260 , 0.20736293258944283,0.29760035720614014
47 , 270 , 0.3210647137301518,0.38959801910216635
47 , 280 , 0.3944007401973991,0.5286236567409597
47 , 290 , 0.284725692409191,0.3058351202399142
47 , 300 , 0.36997898754026665,0.10228336325890008
47 , 310 , 0.2934339378670659,0.38241533228746827
47 , 320 , 0.40670662921571377,0.5616610330910157
47 , 330 , 0.294128889718024,0.3325336022262741
47 , 340 , 0.045610903357219325,0.4043038062723787
47 , 350 , 0.34643362414473083,0.38411381584222004
47 , 360 , 0.2283271501384952,0.3205937231816125
47 , 370 , 0.29900259829257886,0.3741358936691912
47 , 380 , 0.1624851369968823,0.10192362967261923
47 , 390 , 0.0,0.2160665104880701
47 , 400 , 0.1253764751621512,0.08897764938110167
47 , 410 , 0.11810460565598127,0.08141915994966915
47 , 420 , 0.1921663134263279,0.06557903988131913
47 , 430 , 0.016716321739404367,0.29478091194791783
47 , 440 , 0.1921663134263279,0.26284521075229483
47 , 450 , 0.0,0.0
47 , 460 , 0.0,0.0
47 , 470 , 0.0,0.0
47 , 480 , 0.0,0.0
47 , 490 , 0.0,0.0
47 , 500 , 0.0,0.0
47 , 510 , 0.0,0.0
47 , 520 , 0.0,0.0
47 , 530 , 0.0,0.0
47 , 540 , 0.0,0.0
47 , 550 , 0.1921663134263279,0.20683633696028114
47 , 560 , 0.15679122933053968,0.12138239644511128
47 , 570 , 0.18447347072000086,0.223965749802538
47 , 580 , 0.20501587656030135,0.2459028454276341
47 , 590 , 0.2908737590833055,0.16995084222432774
47 , 600 , 0.2289258106989633,0.38436238429398534
48 , 110 , 0.07249662161819577,0.09436807688147766
48 , 120 , 0.1084161877096667,0.1290811376310763
48 , 130 , 0.08468743483553086,0.14816265273573787
48 , 140 , 0.08468743483553086,0.13984597828339634
48 , 150 , 0.2806927124170869,0.19958283993666143
48 , 160 , 0.07904720408419315,0.00917378008083027
48 , 170 , 0.09018852515914749,0.19943053702867422
48 , 180 , 0.1560587919806245,0.25597662266910487
48 , 190 , 0.2921505203869939,0.21116106043528435
48 , 200 , 0.18958903262556828,0.27587776778847045
48 , 210 , 0.13887680577979264,0.270837891491773
48 , 220 , 0.31979838471172717,0.18082159021935623
48 , 230 , 0.19448983313600626,0.2653342790230937
48 , 240 , 0.33090644003086833,0.33485760039545087
48 , 250 , 0.33354132305839895,0.24708898991604933
48 , 260 , 0.1788820734742042,0.4086528951418211
48 , 270 , 0.3403641201192667,0.4299901084826323
48 , 280 , 0.3996320860971591,0.2700857536764283
48 , 290 , 0.25446738732264934,0.4339045358870762
48 , 300 , 0.29534095084552214,0.32231063594170134
48 , 310 , 0.30425598945519233,0.33204316573238285
48 , 320 , 0.3244825006410644,0.3362549862655885
48 , 330 , 0.2098326191151517,0.3406189337000466
48 , 340 , 0.3039306419036154,0.31265806437784577
48 , 350 , 0.31629583577956916,0.3770160050396952
48 , 360 , 0.27861354747323225,0.3393431879219742
48 , 370 , 0.30700722096422584,0.308801864390615
48 , 380 , 0.27672824059511913,0.453894766235427
48 , 390 , 0.22610355743412047,0.3252472643550947
48 , 400 , 0.1775390896779631,0.27089292166030443
48 , 410 , 0.2048265160066183,0.2664903991048709
48 , 420 , 0.20692864772508673,0.30292989328472925
48 , 430 , 0.1857714056027379,0.27513069702573356
48 , 440 , 0.14879463077513605,0.22726205844779013
48 , 450 , 0.20692864772508673,0.06673722457804546
48 , 460 , 0.3123289532719319,0.32829428425089485
48 , 470 , 0.30974162761909924,0.31304079822597547
48 , 480 , 0.24309807129272926,0.33930270914497807
48 , 490 , 0.10755093980612067,0.2851457312914022
48 , 500 , 0.17816124916649478,0.2543897035739606
48 , 510 , 0.18358213893500316,0.021059304930472447
48 , 520 , 0.08160454234822546,0.028966827741328117
48 , 530 , 0.17137936363367023,0.297237321928893
48 , 540 , 0.17591895924158021,0.19250121957538352
48 , 550 , 0.16565824114662542,0.25570495232452334
48 , 560 , 0.025186630050602534,0.041789344012287184
48 , 570 , 0.23179320016809038,0.4330162012405487
48 , 580 , 0.025186630050602534,0.28250405938938034
48 , 590 , 0.18358213893500316,0.0766683367305736
48 , 600 , 0.13787280390540135,0.3198212908737254
49 , 110 , 0.0962974625135941,0.06831303536739561
49 , 120 , 0.14856604984552194,0.17231237677361727
49 , 130 , 0.13192714619574128,0.09409241385125364
49 , 140 , 0.23474753131737708,0.0632251849564212
49 , 150 , 0.25701170276925805,0.14452950803548598
49 , 160 , 0.25701170276925805,0.14695628947751357
49 , 170 , 0.12094819298592724,0.17734984358545972
49 , 180 , 0.21633570310923292,0.14175445940787185
49 , 190 , 0.20510751623372417,0.15258677382514121
49 , 200 , 0.22729512962093845,0.2007812848603467
49 , 210 , 0.1696413433187569,0.15611217986614911
49 , 220 , 0.1900010414145794,0.27866223884496677
49 , 230 , 0.27829524090441365,0.23950545647840069
49 , 240 , 0.28100683163796264,0.37350472342165547
49 , 250 , 0.35197837007063026,0.3639372003405383
49 , 260 , 0.3041988800560077,0.47251284667257665
49 , 270 , 0.3618884691153318,0.36040948662446665
49 , 280 , 0.29870978863499453,0.3969112060482337
49 , 290 , 0.18872209137493284,0.23353752730575958
49 , 300 , 0.2095479057825962,0.442506462327069
49 , 310 , 0.2238968726858216,0.23340411165669708
49 , 320 , 0.1914963716841407,0.2946550895638234
49 , 330 , 0.15702563819475074,0.0713860529763885
49 , 340 , 0.1795935496869367,0.28480811413676876
49 , 350 , 0.1795935496869367,0.28326468193185567
49 , 360 , 0.12176731328204159,0.26259314238011616
49 , 370 , 0.17408575483357752,0.30863343920225184
49 , 380 , 0.1660727052745947,0.06689879532748991
49 , 390 , 0.09218206859180424,0.2222171705443853
49 , 400 , 0.03977850022135692,0.2643499206517266
49 , 410 , 0.18523006954508153,0.31835545420132527
49 , 420 , 0.21477731376216563,0.2725699046823372
49 , 430 , 0.28066538822873693,0.20748136774717052
49 , 440 , 0.28433802188198454,0.4225653504065195
49 , 450 , 0.32174042239099115,0.16330230655037006
49 , 460 , 0.056183145478061775,0.29027856317496725
49 , 470 , 0.056183145478061775,0.3115638020344264
49 , 480 , 0.24216097657513835,0.20660398855629686
49 , 490 , 0.24216097657513835,0.2138115701870016
49 , 500 , 0.026007289111848114,0.27784850825352003
49 , 510 , 0.20638730141387832,0.30791339031418047
49 , 520 , 0.05071927626878401,0.3714830968005617
49 , 530 , 0.05071927626878401,0.19246406764121007
49 , 540 , 0.32892463631193697,0.39334860304772296
49 , 550 , 0.2355600143876085,0.49561209383433935
49 , 560 , 0.16808526883125224,0.20003918586355374
49 , 570 , 0.13938216294146466,0.26615997280114817
49 , 580 , 0.026007289111848114,0.3223911746663125
49 , 590 , 0.0,0.0
49 , 600 , 0.0,0.0
