0 , 110 , 1,1,1,1,22,1,5,1,1,1,1,1,3,198,2,27,22,1,1,1,55,4,1,25,2,1,1,1,3,1,4,1,1,2,3,1,33,8,11,13,7,1065,8,1,1,2,7,2,1,1,1,3,1,1,1,1,1,1,2,1,2,1,17,1,1,8,1,1,2,1,1,1,8,1,2,2,6,1,3,2
0 , 120 , 1,1,14,2,1,1,2,173,1,21,18,1,1,69,1,1,32,1,2,1,2,1,1,3,1,15,7,6,11,5,1048,1,2,2,4,1,1,1,1,1,1,2,1,11,7,2,1,1,2,1,1,1,6,3,1
0 , 130 , 1,1,9,2,1,1,153,11,10,1,1,65,1,33,1,2,1,1,3,1,10,7,3,8,1,1062,1,1,3,1,1,1,1,6,2,2,1,3,4,1,1
0 , 140 , 6,139,8,4,1,66,28,1,1,1,1,2,10,1,6,1108,3,1,1,1,3,5,1,3,3
0 , 150 , 5,1,110,6,3,1,51,26,1,2,1,1,7,1,4,1206,1,1,1,1,1,6,3,1
0 , 160 , 1,18,1,2,1280,3,4,1,1,1,10,3,93,1,1,46
0 , 170 , 13,1284,4,1,1,1,14,3,59,1,52
0 , 180 , 14,1360,2,1,11,2,45,1,31
0 , 190 , 11,1368,1,9,1,45,1,21
0 , 200 , 1441,3,6,34,29
0 , 210 , 1476,2,6,32,25
0 , 220 , 1534,1,29,5,15
0 , 230 , 1618,1,30,19,2
0 , 240 , 1703,2,7,29
0 , 250 , 1548,7,21
0 , 260 , 1496,3,22
0 , 270 , 1573,3,15
0 , 280 , 1449,3,15
0 , 290 , 1420,7,24
0 , 300 , 1451,12,16
0 , 310 , 1423,1,8,11
0 , 320 , 1421,3,14
0 , 330 , 1431,2,11
0 , 340 , 1419,13,1
0 , 350 , 1435,1,8
0 , 360 , 1387,1,12
0 , 370 , 1474,1,16
0 , 380 , 1415,27
0 , 390 , 1405,26
0 , 400 , 1424,15
0 , 410 , 1486,19
0 , 420 , 1408,23
0 , 430 , 1411,1,22
0 , 440 , 1438,14
0 , 450 , 1426,11
0 , 460 , 1460,6
0 , 470 , 1579,7
0 , 480 , 1567,7
0 , 490 , 1539,1
0 , 500 , 1411
0 , 510 , 1458,1
0 , 520 , 1403,1
0 , 530 , 1407
0 , 540 , 1408,1
0 , 550 , 1434
0 , 560 , 1409
0 , 570 , 1358
0 , 580 , 1361
0 , 590 , 1258
0 , 600 , 1131
1 , 110 , 7,2,7,1,2,1,4,1,2,1,3,1,2,1
1 , 120 , 2,2,1,2,1,1
1 , 130 , 1
1 , 140 , 2
1 , 150 , 2
1 , 160 , 2
1 , 170 , 2
1 , 180 , 2
1 , 190 , 2
3 , 110 , 1,3,4,1,9,1,2,13,1,1,1,1,43,1,1,4,1,1,2,1,1,1,6,1,3,364,34,1,1,3,1,3,3,3,45,1,1,42,1,3,5,2,5,1,4,7,1,1,12,64,1,2,3,1,2,3,1,1,1,7,8,1,2,18,8,4,1,1,1,1,5,69,4,2,1,1,3,55,3,2,13,1,5,1,1,3,3,1,1,1,1,2,1,1,1,1,2,10,1,79,6,7,1,1,1,1,4
3 , 120 , 1,3,4,1,6,1,3,1,1,1,1,2,55,1,1,4,1,1,2,1,1,1,8,1,4,622,1,2,3,1,3,3,3,59,1,1,62,1,5,2,6,1,4,8,1,1,11,102,2,3,1,2,3,2,2,7,15,1,3,29,8,5,1,1,1,1,6,99,4,1,3,61,4,1,14,1,6,1,1,1,3,1,1,1,1,3,1,1,1,2,17,1,115,6,29,1,1,4
3 , 130 , 1,3,5,1,5,1,3,1,1,2,1,1,67,1,1,4,1,3,1,1,7,1,4,966,12,2,3,1,3,4,3,8,1,1,91,1,5,1,7,1,4,10,2,1,9,2,3,1,2,3,2,7,26,1,3,42,8,7,1,1,1,1,8,42,3,1,3,83,4,18,1,6,1,1,1,3,1,1,1,1,3,1,1,2,26,1,158,7,1,1,4
3 , 140 , 1,1,52,1,1,6,1,1,1,5,1,1,14,1,2,36,1,2,1,1,127,1,2,1,1,4,23,5,3,1,4,20,709,6,1,1,36,2,3,1,2,1,2,1,1,2,2,2,3,3,2,1,1,1,2,6,1,62,1,1
3 , 150 , 1,1,9,1,2,6,2,1,1,5,1,2,24,1,2,59,1,2,1,1,1,2,1,4,35,6,3,1,15,26,1369,77,1,1,1,2,3,1,1,2,1,1,2,2,2,4,2,1,1,1,6,1,91,1
3 , 160 , 1,9,1,3,1,1,1,1,2,1,1,1,41,1,2,1,1,3,72,2,1,5,19,1337,41,1,1,1,1,2,1,1,5,23,1
3 , 170 , 2,3,1,1,25,15,1303,12,1,1,24,1,1,1,1,59,1
3 , 180 , 2,3,23,9,1360,11,1,10,1,1,35
3 , 190 , 1,2,16,4,1316,10,5,29
3 , 200 , 1,2,7,2,1479,7,5
3 , 210 , 1463,1,3,2,8
3 , 220 , 1446,8,1,1
3 , 230 , 1490,5
3 , 240 , 1566,1
3 , 250 , 1635
3 , 260 , 523
3 , 270 , 1115
4 , 110 , 1,3,6,1,4,2,1,1,13,3,1,382,2,2,17,1,1,1,1,93,1,1,1,13,1,26,2,8,531,1,28,24,3,1,1,1,1,21,1,31,1,1,78,5,3
4 , 120 , 1,2,4,2,1,1,1,7,2,1,340,2,2,9,1,6,1,1,69,8,1,23,1,1,484,1,22,19,1,3,1,14,26,61,5,1
4 , 130 , 1,1,2,1,7,1,312,1,2,7,1,1,2,51,7,10,1,5,461,1,15,13,2,1,10,30,44,3,1
4 , 140 , 1,1,2,2,15,1,629,1,2,7,1,1,2,80,17,11,1,6,944,1,16,23,1,1,20,45,66,3,1
4 , 150 , 1,6,1,6,13,3,767,1,32,10,4,46,24,14,12,1,4,1,566,43
4 , 160 , 1,7,2,7,21,3,424,2,61,16,5,64,34,21,14,1,10,1,1072,70
4 , 170 , 6,1,10,4,1,373,1,55,12,4,31,24,15,64,17,949,6
4 , 180 , 3,1,8,1,384,33,6,1,29,20,12,39,9,814,8
4 , 190 , 1,4,1,371,34,5,1,15,13,6,7,6,669,32
4 , 200 , 1,2,373,28,3,8,11,2,23,3,620,6
4 , 210 , 1,1,426,28,2,6,5,1,14,1,587,3
4 , 220 , 1,1,871,51,2,11,6,2,25,2,1151,4
4 , 230 , 1,879,33,2,8,3,1,11,2,934,3
4 , 240 , 1,971,34,3,2,1,10,2,853,1
4 , 250 , 938,24,9,736,2
4 , 260 , 980,21,7,652,3
4 , 270 , 999,11,8,627,2
4 , 280 , 1,1081,11,591,2,7,1
4 , 290 , 1076,1,10,6,483
4 , 300 , 1077,1,8,4,446
4 , 310 , 1094,6,2,413
4 , 320 , 1201,5,4,374,1
4 , 330 , 1189,3,363
4 , 340 , 1231,3,296
4 , 350 , 1251,1,311
4 , 360 , 1179,1,1,248
4 , 370 , 1243,228
4 , 380 , 1162,181
4 , 390 , 1167,1,166
4 , 400 , 1278,1,201
4 , 410 , 1170,193
4 , 420 , 1190,174
4 , 430 , 1190,152
4 , 440 , 1210,138
4 , 450 , 1144,102
4 , 460 , 1177,86
4 , 470 , 1304,83
4 , 480 , 1416,82
4 , 490 , 1573,79
4 , 500 , 1619,72
4 , 510 , 1645,48
4 , 520 , 1658,42
4 , 530 , 1591,27
4 , 540 , 1570,28
4 , 550 , 1434,1,27
4 , 560 , 1422,2,33
4 , 570 , 1424,1,26
4 , 580 , 1438,1,23
4 , 590 , 1408,17
4 , 600 , 1474,5
5 , 110 , 1,1,1,2,2,73,9,2,3,2,1,5,141,3,2,4,1,4,1,1,1,1,1,2,1,4,2,2,2,475,2,1,10,1,1,1,10,3,1,1,4,1,1,2,1,80,86,3,1,2,1
5 , 120 , 1,1,1,2,2,98,13,1,3,2,1,5,2,185,2,2,5,1,4,1,1,1,1,1,1,1,2,2,948,2,16,1,1,1,15,4,1,1,1,2,116,3,4,2,1
5 , 130 , 1,1,1,56,10,1,3,1,1,3,111,2,1,3,1,1,1,2,1,796,1,5,1,1,9,2,1,80,2,1
5 , 140 , 1,1,1,81,9,1,5,1,1,3,141,2,1,3,1,1,1,2,119,1,6,1,14,3,1,117,3,1
5 , 150 , 1,118,7,5,1,1,3,151,2,1,1,1,1,4,217,1,6,1,1,4,1,169,5,1
5 , 160 , 3,1,201,5,375,2,1,1,169,7,7,2,1,234,1,1,7,1,1,1,5
5 , 170 , 3,261,7,43,2,1,9,2,1,342,216,8,1,1,1,5
5 , 180 , 3,340,10,46,2,1,14,5,1,502,239,6,1
5 , 190 , 2,1,267,10,35,2,1,254,19,5,1,695,6,1
5 , 200 , 3,1,348,10,2,1,23,5,1,297,6,1
5 , 210 , 3,1,459,11,2,1,25,1,366,5,1
5 , 220 , 1,311,13,2,1,27,1,386,4,1
5 , 230 , 1,2,29,1,269,1
5 , 240 , 2,1,39,1
5 , 250 , 2,1,52,1
5 , 260 , 2,1,9,1
5 , 270 , 2,1,2
5 , 280 , 2,1,2
5 , 290 , 1,2,1,2,1
5 , 300 , 2,2,1
5 , 310 , 1,1,1
5 , 320 , 1,1,1
5 , 330 , 1
5 , 340 , 1
5 , 350 , 2
5 , 360 , 2
5 , 370 , 2
5 , 380 , 2
5 , 390 , 2
5 , 400 , 2
5 , 410 , 2
5 , 420 , 2
5 , 430 , 2
5 , 440 , 2
5 , 450 , 2
5 , 460 , 2
5 , 470 , 2
5 , 480 , 2
5 , 490 , 2
5 , 500 , 2
5 , 510 , 2
5 , 520 , 1,2
5 , 530 , 1,2
5 , 540 , 1
5 , 550 , 1
5 , 560 , 1,1
5 , 570 , 1,1
5 , 580 , 1
6 , 110 , 1,7,25,16,1,1,2,1,2,314,26,9,2,1,41,2,4,2,7,1,3,69,2,1067,4,3,1,1,1,2,2,1,3,1,5,30,8,2,8,1,1,1,1
6 , 120 , 7,14,15,1,275,22,3,1,25,1,2,1,6,1,69,1152,1,2,1,1,1,2,2,1,5,36,13,5,1
6 , 130 , 1,20,54,4,1144,28,1,8,14,17,2,1,4,1,11,7,1,281,1
6 , 140 , 2,16,2,66,4,1224,23,8,11,8,1,1,8,8,1,1,300,1
6 , 150 , 7,60,4,1283,9,2,9,7,4,2,1,4,1,290,1
6 , 160 , 5,52,3,1319,11,1,7,2,1,1,1,4,266
6 , 170 , 4,56,2,1353,14,1,9,3,2,4,257
6 , 180 , 10,34,1480,10,2,4,4,4,240
6 , 190 , 10,31,1435,2,5,3,1,202
6 , 200 , 5,39,1340,2,7,2,165
6 , 210 , 3,39,1420,2,6,3,110
6 , 220 , 5,45,1399,1,5,105
6 , 230 , 3,27,1370,1,6,86
6 , 240 , 1374,5,72,6,14
6 , 250 , 1446,1,80,9,19
6 , 260 , 1,15,1498,1,1,60
6 , 270 , 1546,1,14,55
6 , 280 , 1668,16,40
6 , 290 , 1632,14,28
6 , 300 , 1504,13,21
6 , 310 , 1540,2,11,25
6 , 320 , 1566,14,17
6 , 330 , 1422,17,24
6 , 340 , 1402,16,28
6 , 350 , 1413,14,25
6 , 360 , 1377,11,15
6 , 370 , 1445,6,16
6 , 380 , 1486,5,13
6 , 390 , 1342,4,16
6 , 400 , 1465,1,3,15
6 , 410 , 1585,3,10
6 , 420 , 1547,3,7
6 , 430 , 1544,1,5,3
6 , 440 , 1559,1,6,2
6 , 450 , 1554,1,1,6,1
6 , 460 , 1544,2,1,8
6 , 470 , 1572,9
6 , 480 , 1554,11
6 , 490 , 1687,8
6 , 500 , 1554,1
6 , 510 , 1602,5
6 , 520 , 1688,2
6 , 530 , 1599
6 , 540 , 1672,1
6 , 550 , 1679
6 , 560 , 1555
6 , 570 , 1533
6 , 580 , 1581
6 , 590 , 1555
6 , 600 , 1572
7 , 110 , 4,1,1,3,5,2,1,1,2,2,2,1,7,330,2,1,1,1,36,1,1,3,2,66,2,13,3,1,1,1,1,1,145,1,24,12,1,3,16,9,246,1,4,25,4,1,1,20,1,1,2,2,3,1,1,1,3,1,2,2,1,3,2,46,1,1,37,1,10,1,2,1,1,48,6,3,1,2
7 , 120 , 1,4,4,4,1,1,1,3,2,9,1,2,575,3,1,1,1,46,1,1,12,2,93,2,18,4,3,1,1,1,1,2,1,63,1,33,10,1,5,22,1,436,6,39,4,1,1,28,1,1,2,4,3,2,2,3,3,1,1,3,2,1,3,65,1,1,46,1,11,1,2,1,1,219,1,7,5
7 , 130 , 3,1,2,1,1,2,3,4,1,506,2,4,23,1,1,1,1,64,9,5,1,1,1,1,1,168,18,8,1,1,12,8,348,4,20,1,1,1,20,1,2,2,1,1,1,1,1,1,1,1,39,1,34,1,7,1,1,41,1,8,5
7 , 140 , 2,2,1,2,2,1,404,1,1,15,39,3,6,1,32,13,4,13,3,291,1,14,1,16,1,1,1,1,1,1,1,25,27,2,4,1,144,4,3
7 , 150 , 2,1,1,2,2,1,771,1,1,20,64,3,8,1,39,16,5,21,3,549,1,17,1,18,1,2,1,1,1,1,1,33,47,2,6,1,215,4,3
7 , 160 , 2,1,1,36,1,634,1,12,1,2,22,6,1,11,2,549,9,16,1,20,34,1,8,1,148,1
7 , 170 , 1,4,11,13,554,1,26,2,2,22,10,1,116,2,10,1,4,1,588,14
7 , 180 , 1,1,7,4,11,579,21,1,20,11,1,88,3,2,2,521,11
7 , 190 , 1,13,6,619,12,2,16,9,1,53,4,3,1,499,6
7 , 200 , 1,7,7,571,9,2,17,3,1,5,1,2,404,26
7 , 210 , 1,20,2,13,1206,18,2,21,4,1,36,1,776,11
7 , 220 , 1,9,21,1148,12,1,15,5,32,602,6
7 , 230 , 1,9,4,1063,9,1,8,2,35,618,1
7 , 240 , 1,6,2,1110,4,3,1,42,572
7 , 250 , 1,5,2,1196,3,2,42,538
7 , 260 , 1194,5,27,498,2
7 , 270 , 1150,3,17,419
7 , 280 , 1189,12,53
7 , 290 , 1188,8,1
7 , 300 , 1254,4
7 , 310 , 1264,3
7 , 320 , 242,6
7 , 330 , 543,6
7 , 340 , 1228,7
7 , 350 , 1273,2
7 , 360 , 1388,1
7 , 370 , 1474
7 , 380 , 1473
7 , 390 , 1629
7 , 400 , 1708
7 , 410 , 1552
7 , 420 , 1606,1
7 , 430 , 999,1
7 , 440 , 2145,1
7 , 450 , 1086,1
7 , 460 , 1080,1
7 , 470 , 1173
7 , 480 , 1150
7 , 490 , 1077
7 , 500 , 1083
7 , 510 , 1152
7 , 520 , 1144
7 , 530 , 1265
7 , 540 , 1373
7 , 550 , 1473,1
7 , 560 , 1450
7 , 570 , 1596
8 , 110 , 1,2,3,17,3,3,10,9,1,3,12,8,26,5,2,159,3,1,9,8,1,2,1,1,1,2,3,9,178,21,2,1,3,1,2,2,2,6,2,1,174,1,1,1,1,228,1,2,1,1,3,1,3,2,4,8,22,7,1,2,1,2,1,1,3,1,2,2,5,1,35,4,2,7,1,1,9,1,12,1,1,2,2,1,2,38,5,1,1,2,16,2,1,1,1,20,14,1,1,2,3,1,1,1,1,2,2,1,1,2,2,11,3,2,2,1,1,1,2,2,2,1,427,1,2,3,3,1,1,4,3,1,1,1,7,1,1,3,2,9
8 , 120 , 1,1,2,7,1,3,3,4,1,5,2,17,4,2,108,1,1,6,3,1,1,2,1,6,85,13,1,2,1,1,2,3,3,1,105,1,1,153,3,1,1,1,1,5,11,3,1,1,1,1,1,1,1,3,1,24,3,1,4,1,1,2,1,9,1,2,1,1,1,25,5,1,1,9,1,1,1,13,8,1,1,1,1,1,1,1,1,1,8,1,1,1,1,1,1,2,2,2,276,2,2,1,1,1,3,3,1,1,1,3,2,3
8 , 130 , 1,1,2,6,3,3,1,4,1,5,2,22,4,2,144,1,1,7,3,1,2,2,1,7,101,12,1,2,1,1,3,1,1,136,1,3,211,3,1,1,1,1,5,15,3,1,1,1,1,1,1,1,1,1,1,22,5,1,4,1,1,1,1,9,1,3,1,1,1,37,6,1,1,12,1,1,1,15,11,1,1,1,1,1,1,1,2,9,1,1,1,1,1,2,3,2,414,2,2,1,1,1,7,5,1,1,1,4,2,3
8 , 140 , 1,2,6,3,3,5,1,6,2,25,4,2,182,1,9,3,2,1,2,8,124,19,2,1,1,3,1,1,195,1,3,1,338,3,1,1,1,1,5,23,3,1,1,1,1,1,1,1,1,1,19,9,4,1,1,1,5,1,3,1,1,49,8,1,1,12,1,1,1,17,14,1,1,1,1,1,2,10,1,1,1,1,3,3,2,452,2,2,1,1,1,5,1,1,4,2,3
8 , 150 , 1,1,1,1,1,9,3,1,1,4,1,1,2,12,2,14,1,2,14,1,20,1,1,113,5,4,316,1,1,1,1,242,1,1,1,5,4,5,42,1,2,8,1,2,4,4,3,1,1,119,2,3,1,1,33,5,1
8 , 160 , 1,1,1,1,1,12,1,1,9,4,1,1,15,2,16,1,2,3,1,30,1,1,155,6,4,456,1,1,1,30,4,1,339,2,3,4,6,56,1,1,7,1,1,2,2,4,4,1,1,1,158,3,1,1,1,37,5
8 , 170 , 2,1,1,1,1,14,1,3,5,5,1,1,16,2,12,1,3,3,1,30,1,1,192,6,4,667,1,1,57,5,1,56,2,7,10,53,1,1,10,1,1,2,2,3,4,1,1,1,185,1,1,1,1,497,5
8 , 180 , 1,1,1,12,1,3,1,1,10,1,7,1,2,51,16,123,359,1,1,1,213,34,4,6,20,2,1,1,1,3,2,1,78,1,1,3
8 , 190 , 2,1,14,1,2,1,10,1,2,1,7,94,16,166,445,1,2,1,52,5,5,30,1,1,1,3,1,1,1,101,303,3
8 , 200 , 2,14,1,2,1,14,1,2,1,7,126,20,119,636,1,2,2,189,8,7,21,1,1,3,1,1,1,136,75,1
8 , 210 , 3,16,1,2,1,1,2,2,9,184,23,148,946,1,2,3,88,13,7,19,1,1,2,1,1,1,178,96,1
8 , 220 , 2,11,3,1,102,55,7,11,7,1,1,9,674,1,76,1,5,2,1,125,61
8 , 230 , 16,2,3,1,73,131,6,11,8,1,1,585,8,110,5,2,1,191,80
8 , 240 , 2,4,1,174,94,9,13,8,1,1,69,4,115,5,2,1,259,136
8 , 250 , 3,6,1,235,126,9,14,8,1,100,5,160,9,1,2,328,187
8 , 260 , 3,8,18,318,1,2,8,1,143,254,6,1,52,383,234
8 , 270 , 4,7,419,70,1,10,1,186,329,1,406,1
8 , 280 , 5,7,558,95,1,15,1,263,417,1,445,1
8 , 290 , 3,2,357,1,9,183,270,174,1
8 , 300 , 3,1,415,11,260,357,172,1
8 , 310 , 3,564,14,373,490,177,1
8 , 320 , 1,361,6,288,307,90
8 , 330 , 2,395,8,414,402,91
8 , 340 , 3,505,9,612,523,90
8 , 350 , 2,234,6,448,354,41
8 , 360 , 7,48,498,318,704
8 , 370 , 5,22,327,205,499
8 , 380 , 6,288,422,24,756
8 , 390 , 6,569,367,21
8 , 400 , 7,770,472
8 , 410 , 7,1012,604
8 , 420 , 4,1,635,385
8 , 430 , 4,1,798,486
8 , 440 , 5,1,841,623
8 , 450 , 6,1,777
8 , 460 , 6,80
8 , 470 , 6
8 , 480 , 6
8 , 490 , 7
8 , 500 , 8
8 , 510 , 9,1
8 , 520 , 10,1
8 , 530 , 11,1
8 , 540 , 11,1
8 , 550 , 1
8 , 560 , 1
8 , 570 , 1
8 , 580 , 1
8 , 590 , 1
8 , 600 , 1
11 , 110 , 1,1,1,1,1,7,12,1,3,1,1,1,1008,1,1,1,1,1,1,1,1,2,194,25,5,4,3,1,5,1,1,1,22,36,1,1,2
11 , 120 , 1,233,7,31,14,27,1,1,1,3,1,3,1,1,881
11 , 130 , 1,53,3,34,1,1,1,21,1,1695
11 , 140 , 1,1,28
11 , 150 , 1,37
12 , 110 , 2,14,4,1,2,1,1,27,3,3,23,1,1,43,1,1,3,1,1,1,1,354,4,1,1,3,1,2,1,1,1,5,1,1,107,6,38,2,1,1,3,3,2,829,2,3,1,2,1,1,1,12,1,29,6,5,1,2,1,1,41,6,6,2,1,1,3,1,22,1,1,39,1,1,1,1,1,1,6,2,1,1,2,192,1,5,3,5,1,1,1,1
12 , 120 , 1,4,2,2,2,3,2,1,2,8,2,1,1,31,1,1,2,1,13,3,1,696,1,15,1,2,1,23,1,1,1,163,1,1,1,1,2,1,5,9,1,15,263,10,5,1,2,6,1,4,1,2,1,1,1,1,5,64,1,23,5,23,1,1,1,1,1,1
12 , 130 , 1,2,1,1,1,5,2,1,27,1,5,612,1,9,1,13,1,1,124,1,2,1,4,8,233,8,2,3,4,1,2,1,2,1,43,15,1,15,1,1,1,1
12 , 140 , 1,3,1,1,1,10,1,1,52,1,7,1089,1,11,1,19,1,1,195,1,2,1,4,20,467,9,5,4,4,1,2,1,1,2,62,1,17,1,21,1,1,1,1
12 , 150 , 1,2,7,3,44,1,6,848,1,3,2,11,135,1,4,13,427,1,7,7,4,1,2,1,54,2,17,1,15,2
12 , 160 , 2,5,2,28,2,714,1,2,7,113,2,14,429,1,7,4,2,1,1,39,11,11,2
12 , 170 , 3,29,13,2,395,7,1,1,82,3,1,4,2,18,1,14,648,2
12 , 180 , 2,16,10,2,403,5,2,67,21,1,3,3,1,11,624
12 , 190 , 4,22,6,408,6,38,17,1,1,1,1,8,618
12 , 200 , 3,19,5,392,8,6,15,32,592
12 , 210 , 1,15,2,382,9,4,1,13,19,554
12 , 220 , 1,12,7,820,25,22,1,22,5,993
12 , 230 , 4,1,4,6,910,17,11,17,4,915
12 , 240 , 5,1,11,6,993,3,2,21,7,862
12 , 250 , 9,1,6,3,1051,2,9,29,1,835
12 , 260 , 9,3,2,1032,3,7,21,781
12 , 270 , 6,3,942,4,4,15,656
12 , 280 , 2,2,964,3,3,15,605
12 , 290 , 4,954,4,1,8,564
12 , 300 , 4,966,6,1,7,547
12 , 310 , 3,1002,4,1,3,492
12 , 320 , 1128,3,3,3,452
12 , 330 , 1,1118,2,1,1,437
12 , 340 , 1182,1,3,396
12 , 350 , 1252,1,326
12 , 360 , 1211,1,252
12 , 370 , 1232,220
12 , 380 , 1229,184
12 , 390 , 1205,145
12 , 400 , 1196,130
12 , 410 , 1238,107
12 , 420 , 1234,101
12 , 430 , 1292,73
12 , 440 , 1300,1,50
12 , 450 , 1320,1,34
12 , 460 , 1410,30
12 , 470 , 1348,24
12 , 480 , 1427,24
12 , 490 , 1427,20
12 , 500 , 1466,12
12 , 510 , 1445,1,10
12 , 520 , 1447,7
12 , 530 , 1469,6
12 , 540 , 1450,1
12 , 550 , 1409,1
12 , 560 , 1443,1,1
12 , 570 , 1459,1,1
12 , 580 , 1437
12 , 590 , 1444
12 , 600 , 1332
13 , 110 , 2,1,1,2,6,1,9,1,1,3,1,128,3,11,7,2,2,75,1,14,1,2,1,1,1,20,2,1,1,1,1,1,13,49,1,6,1212,8,8,1,1,1,1,1,7,1,1,12,1,13,5,2,3,1
13 , 120 , 2,1,6,1,5,2,1,2,108,2,9,1,2,2,70,1,14,1,1,1,17,1,1,1,9,46,1,4,1300,3,7,1,1,1,4,1,2,10,1,8,4,3
13 , 130 , 2,1,5,1,2,113,7,1,84,1,12,1,8,1,1,5,47,1,1337,1,3,1,1,1,1,9,1,4,5,4
13 , 140 , 1,1,1,1,102,3,88,7,1,1,1,1,3,36,1,1398,2,1,1,6,1,4,6,2
13 , 150 , 2,35,1,1456,1,1,5,1,1,1,4,5,6,75,1,1,1,1,75
13 , 160 , 6,37,1,1492,2,1,6,1,6,42,3,59
13 , 170 , 2,34,1395,1,1,6,2,3,33,1,50
13 , 180 , 4,19,1383,1,1,3,1,2,21,42
13 , 190 , 1,12,1268,3,1,1,13,27
13 , 200 , 1,8,1356,1,6,18
13 , 210 , 1,10,1427,2,3,22
13 , 220 , 1579,2,13,4,20
13 , 230 , 1556,5,18,16
13 , 240 , 1561,18,15,9
13 , 250 , 1712,15,5,11
13 , 260 , 1608,10,8,2
13 , 270 , 1679,17,4
13 , 280 , 1703,13,2
13 , 290 , 1667,14,1
13 , 300 , 1713,9
13 , 310 , 1658,11
13 , 320 , 1666,8
13 , 330 , 1752,5
13 , 340 , 1801,3
13 , 350 , 1635,5
13 , 360 , 1580,1
13 , 370 , 1695,3
13 , 380 , 1633,2
13 , 390 , 1398,3
13 , 400 , 1336,4
13 , 410 , 1262,2
13 , 420 , 1143,2
13 , 430 , 1171,1
13 , 440 , 1188,1
13 , 450 , 1146
13 , 460 , 1160
13 , 470 , 1111
13 , 480 , 1000
13 , 490 , 1984,1
13 , 500 , 1913,1
13 , 510 , 1776,1
13 , 520 , 1730
13 , 530 , 1693
13 , 540 , 1655,1
13 , 550 , 1683
13 , 560 , 1655
13 , 570 , 1683
13 , 580 , 1537
13 , 590 , 1495
13 , 600 , 1412
15 , 110 , 1,8,1,1,7,3,1,3,1,27,6,1,3,7,28,3,1,3,68,1,1,5,6,6,1,4,3,1,1,2,1,2,13,19,1,2,13,15,2,11,3,2,1,3,2,1,3,62,2,2,1,2,21,4,2,65,2,2,6,2,4,3,1,6,8,4,35,5,1,4,2,1,1,5,1,1,1,2,1,3,1,3,2,1,1,1,6,8,4,37,4,11,2,4,1,13,1,1,2,3,58,1,19,3,1,1,2,3,1,1,4,2,7,5,4,6,1,1,9,1,1,1,1,3,3,7,3,1,2,1,2,1,1,9,2,1,3,1,1,2,1,2,102,1,1,1,1,1,2,86,1,1,4,1,2,1,2,1,1,2,1
15 , 120 , 1,8,1,1,8,4,1,3,2,25,6,1,3,8,33,3,1,3,92,1,1,5,6,7,1,4,1,1,1,2,1,2,14,31,1,3,14,17,2,12,3,2,1,4,2,3,72,1,2,1,2,26,3,2,87,2,1,6,3,4,3,1,8,8,4,45,5,1,4,2,1,5,1,1,1,2,1,3,1,3,2,1,1,1,7,7,5,49,5,11,2,5,1,15,1,1,2,3,68,1,26,2,1,1,2,3,1,1,4,2,11,8,5,6,1,11,1,1,1,1,3,3,9,3,1,3,1,2,1,2,12,2,1,4,1,2,1,1,2,145,1,1,1,1,1,2,128,1,1,5,1,3,1,2,1,1,2,1
15 , 130 , 8,1,1,10,4,1,4,3,24,6,2,3,8,39,3,1,3,118,1,1,5,6,7,1,4,1,1,1,2,1,2,17,44,1,4,15,17,3,11,3,2,1,4,2,3,100,1,2,1,2,32,3,2,128,2,1,6,3,4,3,1,8,8,4,48,5,1,3,2,1,5,1,1,1,2,1,3,1,3,2,2,1,1,5,10,6,60,9,16,2,5,1,16,1,1,2,3,76,1,32,1,1,1,5,3,1,1,4,2,13,13,4,8,1,13,1,1,1,1,3,3,11,3,1,4,1,2,1,2,12,2,1,5,1,2,1,1,2,204,1,1,1,1,1,2,169,1,1,5,1,3,1,2,1,2,1
15 , 140 , 8,1,1,3,4,1,4,3,26,7,2,3,8,46,3,1,2,147,1,1,5,7,7,1,4,1,1,1,2,1,2,17,59,1,4,16,18,3,11,3,2,1,4,2,3,131,1,2,1,2,29,2,2,175,2,1,9,3,4,3,1,10,11,4,45,5,1,3,2,1,5,1,1,1,2,1,3,1,3,2,2,1,1,7,7,6,76,8,12,3,5,1,20,1,1,2,3,70,51,1,1,1,5,3,1,1,4,2,16,16,5,9,1,15,1,1,1,1,3,3,12,3,1,7,1,2,2,12,2,1,6,1,1,1,2,285,1,1,1,1,3,224,1,1,6,1,5,1,2,1,2,1
15 , 150 , 8,1,1,2,2,1,2,2,14,5,3,33,1,88,1,1,2,2,1,1,1,1,1,1,11,42,1,3,9,9,1,7,1,1,3,1,1,79,2,1,14,2,125,1,4,2,1,1,1,11,4,2,18,2,1,1,1,1,2,1,1,1,2,1,1,1,1,4,4,4,49,8,1,1,1,13,1,2,2,52,26,1,1,2,5,1,1,2,1,6,7,5,5,6,1,6,3,3,1,1,4,1,2,7,1,1,2,1,1,229,1,1,3,150,1,1,4,1,3,2,2,1
15 , 160 , 8,1,1,2,2,1,1,2,20,5,3,34,1,123,1,1,3,2,1,1,1,1,1,1,12,58,1,3,8,9,1,5,1,1,3,1,1,95,2,1,18,2,186,2,5,2,1,1,1,12,1,2,21,2,1,1,1,1,2,1,1,1,2,1,1,1,1,3,5,4,67,9,1,6,1,16,1,2,2,49,34,1,1,2,5,1,1,2,1,6,7,1,6,6,1,7,3,3,1,1,5,1,2,10,4,2,1,1,377,1,1,3,212,1,1,4,1,3,2,2,1
15 , 170 , 4,1,1,2,7,3,21,73,1,1,2,1,1,1,1,7,34,2,3,4,1,2,1,2,1,1,63,8,2,144,5,1,1,1,8,2,1,6,1,1,1,1,1,1,1,1,1,1,1,1,3,1,41,4,1,4,1,8,1,1,1,30,25,1,1,3,1,1,3,2,1,4,1,1,5,1,1,1,3,1,2,5,2,1,261,1,3,132,1,3,2,2,1
15 , 180 , 4,1,1,2,6,3,24,93,1,1,2,1,1,1,1,9,36,3,4,4,1,2,1,2,1,1,73,9,2,202,6,1,1,1,9,2,1,7,1,1,1,1,1,1,1,1,1,1,1,1,2,2,52,6,1,4,1,8,1,1,1,28,37,1,1,4,1,1,3,5,1,4,1,1,7,1,1,1,2,1,2,5,2,1,405,1,3,198,1,4,2,2,1
15 , 190 , 4,1,1,2,10,3,25,117,1,1,4,1,1,1,1,10,47,4,6,4,1,2,1,2,1,1,1,88,8,2,300,7,1,1,1,10,2,1,6,1,1,1,1,1,1,1,1,1,1,1,1,3,68,6,1,4,1,8,1,1,1,43,46,1,1,2,1,1,4,6,1,4,1,1,7,1,1,1,2,1,2,5,2,1,635,1,3,292,1,4,3,3,1
15 , 200 , 1,1,2,1,1,6,2,1,1,1,2,488,1,1,2,3,1,1,17,1,77,1,1,39,1,4,188,1,1,1,1,5,1,2,24,1,7,35,2,2,1,2,4,1,1,5,2,1,1,1,1,2,2,1,1,58,6,1,22,2,222,3,1,1
15 , 210 , 1,1,2,2,1,7,2,1,1,2,789,1,1,2,3,1,1,1,20,1,108,1,1,50,1,4,273,1,1,1,2,36,2,2,1,1,9,55,2,2,1,2,5,1,1,6,1,1,1,2,1,1,2,70,8,1,27,2,327,4,5,1
15 , 220 , 3,1,1,1,7,1,2,666,1,1,3,1,1,9,65,1,1,34,2,220,1,13,1,1,1,6,50,1,1,2,3,5,1,1,1,1,43,5,1,17,1,237,3,1,1
15 , 230 , 1,3,1,508,1,2,1,6,51,3,2,156,1,2,8,25,25,1,1,2,1,2,18,1,1,4,169,2,1
15 , 240 , 1,3,1,870,2,2,1,9,76,4,2,214,2,3,14,31,39,1,1,2,1,2,21,1,1,2,260,3,1
15 , 250 , 4,1,1,1,753,1,8,50,3,1,173,164,18,16,1,2,1,2,13,1,1,2,9,2,1
15 , 260 , 1,2,1,1362,1,9,65,3,1,264,5,11,23,27,1,4,1,2,16,2,2,2,233,2,1
15 , 270 , 1,2,1,1143,7,53,2,1,200,3,5,22,18,2,5,11,1,1,3,172,1,1
15 , 280 , 3,1,1,3,35,15,10,3,1,135,3,945,1,1,2,129
15 , 290 , 2,2,21,11,11,1,1,99,109,856,1,1,1
15 , 300 , 2,1,2,37,16,23,1,147,162,1544,2,1,1
15 , 310 , 1,1,24,7,18,1,1,96,137,1261
15 , 320 , 1,1,18,3,11,1,1,86,84,1157
15 , 330 , 1,8,1,13,1,74,74,999
15 , 340 , 11,1,1,24,1,112,126,1824
15 , 350 , 6,2,1,12,1,87,98,1544
15 , 360 , 3,1,1,7,59,85,1303
15 , 370 , 11,1,65,1083,46
15 , 380 , 11,2,47,944,37
15 , 390 , 32,3,70,1713,52
15 , 400 , 18,42,5,1549,42
15 , 410 , 4,1,26,1371,30
15 , 420 , 2,22,1235,26
15 , 430 , 1,1,23,1083,19
15 , 440 , 2,16,969,13
15 , 450 , 2,27,1790,21
15 , 460 , 31,1577,16
15 , 470 , 17,1345,11
15 , 480 , 9,1106,9
15 , 490 , 5,985,10
15 , 500 , 8,1908,16
15 , 510 , 7,1723,9
15 , 520 , 2,1540,13
15 , 530 , 4,1433,8
15 , 540 , 3,1263,6
15 , 550 , 1,1112,6
15 , 560 , 1,1971,6
15 , 570 , 1711,4
15 , 580 , 1479,2
15 , 590 , 1301,2
15 , 600 , 1125
16 , 110 , 1,2,1,1,7,1,1,1,165,7,1,1,3,1,1,12,3,1,45,2,1,1,1,11,2,1,1,1,1,1,1,1,283,1,4,1,1,1,2,1098,18,5,4,1,3,4,1,2,4,2,1,18,1,16,1,1,36,2,2,1,13,1,6,6,2
16 , 120 , 1,1,1,153,2,1,2,1,1,6,1,1,33,2,1,1,2,1,1,3,1,1,1,285,1,5,1,1,1,1172,10,2,2,1,4,4,2,2,1,12,2,1,43,1,1,5,1,4,1
16 , 130 , 1,110,1,3,26,1,1,1,1,1,3,1,287,1,5,2,1247,5,3,1,1,3,6,1,1,12,4,35,1,1,6,1,2,1
16 , 140 , 91,6,2,25,1,1,1,306,1,3,1146,3,2,1,1,1,1,12,1,30,1,1,3,1,1
16 , 150 , 1,2,1091,31,1,94,7,1,1,1,1,2,1,1,10,309,27
16 , 160 , 2,1083,30,71,2,1,1,1,1,7,313,27
16 , 170 , 1,1054,26,41,1,1,1,1,5,288,19
16 , 180 , 3,1087,33,1,7,300,13
16 , 190 , 2,1322,49,1,7,19
16 , 200 , 1,552,43,1,3,18
16 , 210 , 72,8,35,1,1
16 , 220 , 127,13,1,62,1
16 , 230 , 207,19,1,116,1
16 , 240 , 338,31,218,1
16 , 250 , 560,24,431,1
16 , 260 , 892,21,831,1
16 , 270 , 716,4,771,1
16 , 280 , 1,2,1492
16 , 290 , 1383
16 , 300 , 1273
16 , 310 , 1126
16 , 320 , 1000
16 , 330 , 1,1923
16 , 340 , 3,1716
16 , 350 , 5,1465
16 , 360 , 6,1388
17 , 110 , 1,2,1,1,1,3,4,1,37,4,1,1,12,1,8,5,1,1,9,7,1,2,25,1,1,1,3,1,1,2,1,1,2,1,4,8,3,4,3,2,1,1,6,25,14,769,1,13,1,1,1,4,2,2,1,5,1,1,1,2,2,1,1,1,3,1,1,3,93,1,2,1,14,1,1,1,4,2
17 , 120 , 1,2,1,3,3,4,1,44,1,1,1,26,1,7,7,1,1,16,7,1,2,32,1,1,1,3,1,1,2,1,1,1,2,1,4,13,4,7,3,2,1,1,10,38,19,1197,1,16,1,1,4,6,3,1,11,1,1,1,1,2,2,1,1,1,4,1,2,1,157,5,2,1,1,22,1,1,4,3
17 , 130 , 1,1,2,25,19,1,4,8,4,1,3,1,20,1,1,1,1,1,2,3,8,2,9,1,1,1,6,34,15,1099,7,1,1,7,1,1,5,1,1,1,1,2,1,1,3,117,1,1,6,1,1,2
17 , 140 , 81,1,15,1,9,17,1,1,20,17,1,2,2,3,1,2,1,6,1,12,1110,4,1,3,6,3,3,1,1,1,1,1,1,1,5,1,1,1
17 , 150 , 3,6,17,1,10,1,1,1,1,2,24,8,1103,1,2,2,2,13,3,1,1,54,1,4,1,1
17 , 160 , 3,19,3,1053,50,1,3,11,1,2,2,2,2,2,1,1,17
17 , 170 , 1,3,20,2,975,33,1,6,3,1,2,16
17 , 180 , 17,2,1079,23,1,5,3,1,2,1,17
17 , 190 , 7,1,1114,12,1,5,3,1,19
17 , 200 , 8,1122,8,2,5,2,1,18
17 , 210 , 3,1120,4,1,5,2,12
17 , 220 , 1045,4,4,2,4
17 , 230 , 991,2,2,1
17 , 240 , 999,1
17 , 250 , 1084
17 , 260 , 1151
17 , 270 , 1169
17 , 280 , 1146
17 , 290 , 1171
17 , 300 , 1253
17 , 310 , 1166
17 , 320 , 1153
17 , 330 , 1079,1
17 , 340 , 1154,1
17 , 350 , 1173,1
17 , 360 , 1164
17 , 370 , 1098
17 , 380 , 1073
17 , 390 , 1085,2
17 , 400 , 1071,1,2
17 , 410 , 1140,2,6
17 , 420 , 1164,1,8
17 , 430 , 1151,8
17 , 440 , 1219,7
17 , 450 , 1345,8
17 , 460 , 1257,4
17 , 470 , 1250,2
17 , 480 , 1237,1
17 , 490 , 1248,1
17 , 500 , 1117,2
17 , 510 , 1069,2
17 , 520 , 1066,1
17 , 530 , 1095
17 , 540 , 1000
17 , 550 , 995
17 , 560 , 2072,2
17 , 570 , 2030
17 , 580 , 2092,1
17 , 590 , 1967,1
17 , 600 , 999,1
18 , 110 , 2,1,1,1,1,2,1,1,1,9,2,47,168,1,4,5,3,1,289,4,2,1,13,1,1,1,1,1,1,3,72,1,1,1,1,4,1,1,6,1,1,16,5,236,14,1,4,2,29,1,1,2,1,1,2,1,1,1,3,1,1,3,1,1,18,30,2,2,1,26,1,1,1,1,1,57,1,1,1,3,1,1
18 , 120 , 1,2,1,1,1,1,2,1,1,1,12,2,76,290,1,4,5,4,1,506,5,1,22,2,23,1,1,1,1,4,121,1,2,1,5,1,1,7,1,2,16,8,412,22,1,5,2,40,1,1,1,1,1,2,1,1,1,3,1,1,3,1,1,1,38,2,2,1,1,33,1,1,1,1,1,95,1,1,2,1,3,1
18 , 130 , 31,1,1,1,1,1,1,1,1,47,240,1,13,3,2,447,3,1,1,2,19,1,1,3,79,1,2,4,2,9,3,379,18,1,2,5,45,1,17,1,1,1,2,1,2,1,24,1,1,2,1,1,84,1,1,1,1
18 , 140 , 1,1,1,6,28,223,1,2,2,423,3,1,6,14,1,57,67,1,7,323,8,1,6,30,1,1,14,1,1,20,4,1,1
18 , 150 , 1,1,4,13,209,3,1,365,1,2,4,1,42,3,1,6,313,3,4,24,10,14,47
18 , 160 , 2,1,7,17,380,4,2,693,1,2,5,1,66,3,1,9,644,4,6,36,14,27,75
18 , 170 , 1,3,4,13,562,12,1,2,47,27,3,7,61,360,8,1,601,2
18 , 180 , 1,3,10,564,10,1,1,31,12,2,4,33,314,3,1,554,1
18 , 190 , 1,1,9,506,4,20,7,3,21,274,2,4,1,479
18 , 200 , 1,1,6,499,1,16,6,15,242,2,2,424
18 , 210 , 1,5,474,2,9,3,9,227,3,399
18 , 220 , 2,7,442,5,8,188,1,347
18 , 230 , 2,8,903,16,13,340,628
18 , 240 , 2,900,5,7,257,549
18 , 250 , 856,2,5,239,1,491
18 , 260 , 890,2,3,217,1,411
18 , 270 , 1,881,5,2,193,1,390
18 , 280 , 900,4,165,347,4
18 , 290 , 830,5,128,292,3
18 , 300 , 852,2,115,267,7
18 , 310 , 858,2,237,126,4
18 , 320 , 1,823,3,1,98,215
18 , 330 , 845,209,106,1
18 , 340 , 874,195,94
18 , 350 , 934,145,88
18 , 360 , 913,126,80,1
18 , 370 , 972,113,72,1
18 , 380 , 989,130,51,1
18 , 390 , 925,101,46,1
18 , 400 , 954,87,45,1
18 , 410 , 985,33,68
18 , 420 , 976,56,22
18 , 430 , 1014,42,22
18 , 440 , 1037,15,39
18 , 450 , 1106,15,29
18 , 460 , 1119,29,8
18 , 470 , 1129,23,6
18 , 480 , 1137,7,26,3
18 , 490 , 1141,6,14,2
18 , 500 , 1150,4,2,9,1
18 , 510 , 1220,1,2,8,7
18 , 520 , 1138,2,6,4,6
18 , 530 , 1045,1,5,6,1
18 , 540 , 1050,1,3,5,1
18 , 550 , 1076,1,2
18 , 560 , 1067,2,1
18 , 570 , 1067,1,1
18 , 580 , 1071,1,1,3
18 , 590 , 995,1,2,2
18 , 600 , 2146,5,6,3
21 , 110 , 1,1,1,1,1,1,1,1,65,8,2,3,2,1,1,1,2,27,10,3,2,2,109,3,1,1,1,1,1,5,1,1,2,16,1,2,5,1,1,1,3,3,1,12,1,13,1,4,584,5,11,1,1,1,1,1,1,1,2,3,25,2,2,1,1,11,2,2,1,1,58,1,2,15,1,23,1,5,6,1,1
21 , 120 , 1,1,1,1,1,2,1,2,118,13,2,4,2,2,1,1,2,30,11,3,2,2,194,3,1,1,2,1,1,5,1,1,4,20,1,2,8,1,2,1,3,4,1,16,1,19,1,6,1169,11,25,1,1,1,1,1,1,2,3,2,39,1,2,12,2,2,1,1,92,3,3,18,1,31,1,7,6,1,1,1
21 , 130 , 1,1,1,1,69,1,4,1,2,1,1,26,5,1,1,1,161,1,1,1,1,2,1,1,2,16,1,1,8,1,1,1,2,2,1,7,2,18,5,1240,10,12,1,1,3,4,1,36,1,15,1,1,74,2,4,17,1,15,8,1,1,1
21 , 140 , 1,6,59,3,2,1,21,3,1,128,1,1,1,11,1,1,3,1,1,1,5,23,6,1311,1,4,3,23,9,1,59,1,5,14,7,4
21 , 150 , 3,48,1,1,23,3,1,136,1,5,1,1,1,4,20,2,1302,3,6,14,7,1,72,1,4,7,1,4,2
21 , 160 , 2,45,1,20,1,1,127,1,1,3,13,3,1271,1,1,12,4,63,3,2,9,1,2
21 , 170 , 1,2,13,1,4,1191,56,1,42,4,8,11,1,1,1,104
21 , 180 , 1,10,1,1,1289,41,1,40,4,1,7,7,1,1,99
21 , 190 , 1,8,1,1396,31,33,4,6,5,1,88
21 , 200 , 1,9,1373,32,35,3,6,5,1,75
21 , 210 , 2,7,1319,19,31,1,2,4,55
21 , 220 , 3,1,1359,14,27,1,2,3,52
21 , 230 , 4,1488,10,23,44,3,3
21 , 240 , 7,1455,8,30,3,24
21 , 250 , 13,1480,4,32,2,18
21 , 260 , 13,1533,3,14,3,22
21 , 270 , 1509,2,14,20,17
21 , 280 , 1546,1,18,27,17
21 , 290 , 1628,19,24,23
21 , 300 , 1563,14,16,8
21 , 310 , 1560,9,6,7
21 , 320 , 1628,8,1,8
21 , 330 , 1672,7,3
21 , 340 , 1746,2,5,1
21 , 350 , 1691,1,2
21 , 360 , 1682,1
21 , 370 , 1737,2
21 , 380 , 1692,1
21 , 390 , 1720
21 , 400 , 1843
21 , 410 , 1704,1
21 , 420 , 1557,2
21 , 430 , 1578,3
21 , 440 , 1663,2
21 , 450 , 1573,1,2
21 , 460 , 1536,1
21 , 470 , 1564,2
21 , 480 , 1603
21 , 490 , 1674
21 , 500 , 1692
21 , 510 , 1570
21 , 520 , 1432
21 , 530 , 1437
21 , 540 , 1460
21 , 550 , 1464,3
21 , 560 , 1466,1
21 , 570 , 1348,1
21 , 580 , 1333,1,7
21 , 590 , 1329,1,6,1
21 , 600 , 1296,1,5,1
22 , 110 , 2,1,1,3,4,1,1,2,27,2,1,1,9,1,1,43,1,5,3,1,2,1,1,4,1,537,16,1,4,1,5,1,1,2,3,1,4,19,1,1,26,100,1,1,5,1,1,1,2,3,3,2,3,1,1,1,1,1,1,2,1,3,3,7,2,6,3,5,3,53,1,1,1,2,1,1,1,1,2,1,7,11,1,2,1,1,1,2,2,2,2,1,4,1,48,1,2,1,2,2,2,25,10,3,1,8,3,109,1,1,2,1,4,60,1,4
22 , 120 , 2,2,1,2,5,1,1,2,29,2,1,1,9,1,1,51,1,5,3,1,2,1,1,3,1,824,22,1,5,1,5,1,1,3,3,1,4,23,1,1,34,137,3,1,5,1,1,2,4,4,2,3,1,1,1,1,1,1,2,1,3,3,5,2,4,4,4,74,2,1,1,4,1,1,1,1,2,1,9,2,1,2,1,1,1,2,3,2,2,4,1,58,1,2,1,3,2,2,38,10,3,1,6,4,163,1,1,2,1,5,82,1,6
22 , 130 , 1,2,1,1,1,3,101,2,1,3,1,3,2,3,1,10,1,2,5,1,33,2,17,1,1,3,4,1,1,2,57,1,2,3,1,1,2,7,2,3,2,29,49,680,3,1,14,5,2,6,1,1,1,1,4,1,1,1,1,3,1,14,1,2,22,2,5,64,1,1,3
22 , 140 , 4,2,1,1,2,3,4,164,2,1,4,1,3,2,4,1,7,1,2,2,5,44,2,21,1,1,4,4,1,1,4,85,1,3,1,1,3,7,2,3,2,36,64,1239,3,1,19,5,2,7,1,1,1,5,1,1,1,1,3,1,19,1,1,29,2,5,1,1,65,1,4
22 , 150 , 1,2,1,2,2,127,1,2,1,2,2,5,1,1,30,22,14,1,1,3,2,1,1,61,1,2,5,3,1,1,2,19,1052,2,19,9,4,1,2,6,1,1,1,1,1,11,28,2,1,51,1,2
22 , 160 , 1,2,1,2,113,3,2,1,1,2,22,8,1,1,1,55,1,36,3,2,8,11,1047,14,6,1,1,1,1,1,1,1,1,6,22,1,1,4,1,2
22 , 170 , 1,2,3,1,98,1,3,1,14,5,39,3,1,3,8,1001,6,3,1,3,1,18,1,23,2
22 , 180 , 6,1,21,1,1,4,2,956,2,5,3,87,3,21,4,5,14,1,1,1,4
22 , 190 , 1,21,2,4,1,1006,2,4,1,86,2,22,2,1,8,6,1
22 , 200 , 1,1,1,2,1005,22,1,94,1,16,3,7,2,2,2
22 , 210 , 1,1,1,1120,22,107,1,13,3,4,1
22 , 220 , 1,1114,23,89,6,1,6,1
22 , 230 , 1135,19,81,4,1,5
22 , 240 , 1287,1,18,63,2
22 , 250 , 1317,12,50,2
22 , 260 , 1448,12,50
22 , 270 , 1506,12,40
22 , 280 , 1578,10,31
22 , 290 , 1660,9,32
22 , 300 , 1800,7,31
22 , 310 , 1659,10,28
22 , 320 , 1820,8,36
22 , 330 , 1911,5,50
22 , 340 , 1800,2,35
22 , 350 , 1793,24
22 , 360 , 1893,11
22 , 370 , 1950,1,9
22 , 380 , 1963,6
22 , 390 , 1991,2
22 , 400 , 1937,2
22 , 410 , 1849
22 , 420 , 1915
22 , 430 , 1851,1
22 , 440 , 1790
22 , 450 , 1813
22 , 460 , 1673
22 , 470 , 1713
22 , 480 , 1798
22 , 490 , 1803
22 , 500 , 1767
22 , 510 , 1836,1
22 , 520 , 1749,2
22 , 530 , 1891,1
22 , 540 , 1995,1
22 , 550 , 1833,2
22 , 560 , 1791,11
22 , 570 , 1829,12
22 , 580 , 1956,16
22 , 590 , 1929,10
22 , 600 , 995,1
23 , 110 , 2,2,1,2,3,1,1,1,4,3,1,1,1,2,1,2,29,1,2,1,1,1,1,4,1,29,1048,64,1,1,1,1,1,1,1,1,1,1,2,2
23 , 120 , 2,1,1,10,1075,1,32,2,1,1,1,6,1,1,1,4,1
23 , 130 , 1157,5,1,2,6
23 , 140 , 1262,1,1,5
23 , 150 , 1265
24 , 110 , 1,2,1,1,1,15,172,1,10,1,1,1,1,1,20,3,1,3,1,2,7,1,1250,1,1,1,2,5,29,1,13,1,5
24 , 120 , 2,1,3,6,7,1,7,1,1225,1,20,1,11,1,11,147,3,1,1,1,6
24 , 130 , 3,1,3,1,1,5,1247,23,11,8,119,6,1,1,5
24 , 140 , 1,4,1,2,3,1197,11,2,7,91,2,1
24 , 150 , 1,1,1,1261,11,2,9,84,1
24 , 160 , 1,1249,4,2,14,57
24 , 170 , 1299,3,5,9,42
24 , 180 , 1313,2,2,6,45
24 , 190 , 1212,1,4,36
24 , 200 , 1211,1,3,30
24 , 210 , 1125,1,2,31,2
24 , 220 , 1151,1,1,23
24 , 230 , 1213,1,1,22
24 , 240 , 1251,1,18
24 , 250 , 1222,17
24 , 260 , 1242,14
24 , 270 , 1218,13
24 , 280 , 1148,13
24 , 290 , 1052,11
24 , 300 , 1058,13
24 , 310 , 1081,8
24 , 320 , 1152,9
24 , 330 , 1166,5
24 , 340 , 1165,4
24 , 350 , 1235,1,3
24 , 360 , 1256,1,1,4
24 , 370 , 1336,1,4
24 , 380 , 1432,1,6
24 , 390 , 1471,1,3
24 , 400 , 1382
24 , 410 , 1432
24 , 420 , 1437
24 , 430 , 1420
24 , 440 , 1357
24 , 450 , 1451
24 , 460 , 1369
24 , 470 , 1355,1
24 , 480 , 1346,2
24 , 490 , 1384,4
24 , 500 , 1288,6
24 , 510 , 1256,9
24 , 520 , 1239,10
24 , 530 , 1186,9
24 , 540 , 1058,6
24 , 550 , 2140,11
24 , 560 , 2001,7
24 , 570 , 1884,4
24 , 580 , 1899,12
24 , 590 , 1840,10
24 , 600 , 1765,18,1
25 , 110 , 1,5,4,3,1,2,1,44,2,5,7,2,44,3,3,12,22,4,2,24,3,3,4,7,8,1,3,2,7,3,1,2,1,2,2,3,1,4,60,1,4,3,1,6,3,1,1,3,1,4,4,5,1,4,1,4,13,1,2,1,2,69,4,4,13,2,1,1,6,3,7,29,1,1,54,4,1,4,2,3,5,1,3,1,1,2,2,2,2,1,5,1,7,1,1,16,5,2,2,3,1,1,1,1,1,2,19,1,9,1,6,2,3,1,1,11,29,1,4,1,1,2,1,3,30,4,3,1,2,2,2,1,4,2,2,27,1,1,7,5,1,1,1,1,3,2,1,3,7,1,2,1,2,2,3,2,240,3,1,2,40,21,5,1,1,4,1,2,1,2,1,1
25 , 120 , 5,4,3,1,2,1,40,2,6,8,2,39,4,3,13,24,2,2,1,29,3,3,4,7,8,1,3,2,6,3,1,3,1,2,2,3,1,5,71,1,4,4,1,1,5,1,1,3,1,4,4,5,1,4,1,4,15,2,1,2,94,4,4,12,2,1,1,6,2,11,32,1,1,78,4,1,4,2,3,5,1,3,1,1,2,2,2,2,1,5,1,8,1,1,24,5,2,2,3,1,1,1,1,1,2,28,8,1,7,2,3,1,1,12,36,1,4,1,1,2,3,44,4,3,1,2,2,2,1,4,2,3,35,2,7,7,2,1,1,1,1,3,2,3,4,8,4,1,2,1,1,2,3,2,338,4,1,3,53,23,4,7,1,4,1,2,1,2,1,1
25 , 130 , 5,4,3,1,2,1,33,2,6,5,2,33,6,3,15,24,2,2,1,44,3,3,4,7,8,1,3,2,9,3,1,3,1,2,2,4,1,5,98,1,4,4,1,1,5,1,1,3,1,3,4,6,1,4,1,4,20,2,1,2,121,4,4,10,2,1,1,7,3,12,32,1,1,96,4,1,4,3,3,5,1,3,1,1,2,2,2,2,1,5,1,5,1,1,30,6,2,2,4,1,1,1,1,1,2,38,5,1,7,2,4,1,1,13,29,1,4,1,3,2,4,51,4,3,1,2,2,2,1,4,2,4,43,2,7,10,2,1,1,1,1,3,2,3,4,9,4,1,3,1,1,2,3,2,484,5,1,3,63,31,2,8,1,5,1,1,1,2,1,1
25 , 140 , 3,2,2,3,1,13,1,2,1,17,4,1,5,15,3,1,23,1,2,2,5,5,1,2,1,4,2,1,1,2,3,2,46,1,2,1,1,4,1,1,2,2,1,3,1,2,11,1,1,2,88,2,3,5,1,1,1,4,17,1,38,1,1,2,1,2,3,1,2,1,1,4,1,3,1,1,17,2,1,1,2,1,1,1,21,3,1,5,1,2,1,7,15,1,1,1,1,3,32,3,2,1,2,1,1,4,3,23,4,6,3,1,1,2,1,3,6,1,1,2,1,337,5,1,1,38,24,1,1,2,1,1,3,1,1
25 , 150 , 3,2,2,7,1,14,1,2,16,4,1,6,15,3,1,28,1,2,2,5,5,1,2,1,2,2,1,1,2,2,2,56,1,2,1,1,3,3,4,2,1,1,4,1,2,18,1,1,2,141,4,3,6,1,1,1,4,19,1,54,1,1,2,1,2,4,2,2,1,1,4,1,2,1,1,21,2,1,1,2,1,1,1,24,4,1,6,1,2,1,8,23,1,1,3,1,3,37,4,2,1,2,1,1,4,4,31,5,7,6,1,1,2,1,4,7,1,1,2,1,503,6,1,1,43,32,1,1,2,1,1,3,1,1
25 , 160 , 3,2,2,13,1,7,1,2,16,5,1,7,16,4,1,33,1,2,2,5,5,2,1,2,2,1,1,2,3,2,71,1,2,1,1,3,3,4,2,1,1,4,1,2,18,1,1,2,209,5,3,5,1,1,1,4,20,1,73,1,1,2,1,2,4,2,2,1,1,4,1,2,1,1,27,3,1,1,2,1,1,1,38,4,1,6,2,1,8,27,1,1,11,1,3,55,5,1,1,2,1,1,4,4,41,5,8,8,1,1,2,1,4,7,1,1,2,1,700,6,1,1,58,35,1,1,2,1,3,1,1
25 , 170 , 2,1,2,3,1,4,1,1,9,1,1,3,6,4,25,1,5,2,1,1,1,1,2,1,39,1,1,1,1,1,1,1,2,2,16,1,1,1,139,4,3,2,1,2,12,1,61,1,1,2,2,1,1,1,22,1,1,1,22,2,7,6,6,1,1,8,1,3,40,2,2,2,22,4,6,5,1,2,7,1,1,474,4,38,23,1,1,1,1,3,1
25 , 180 , 2,1,2,3,1,4,1,1,7,1,1,3,6,4,30,1,5,2,1,1,1,1,1,1,45,1,1,1,1,1,1,1,2,2,19,1,1,1,199,4,3,2,1,1,16,1,85,1,1,2,2,1,1,1,28,1,1,1,24,2,9,6,9,1,1,14,1,3,65,2,2,2,24,5,7,6,2,4,7,1,1,700,5,52,24,1,1,1,1,3,1
25 , 190 , 2,1,1,4,1,4,1,1,7,1,1,3,8,4,38,1,7,2,1,1,1,1,1,1,57,1,1,1,1,1,1,1,2,2,22,1,1,1,289,4,3,2,1,1,14,1,112,1,1,2,2,1,1,1,42,1,1,1,29,2,9,7,8,1,1,16,2,3,86,2,2,2,26,5,7,6,3,5,7,1,1,995,5,57,33,1,1,1,1,3,1
25 , 200 , 1,1,1,1,2,1,1,1,6,1,1,1,1,1,1,13,9,1,1,72,5,1,1,71,15,21,1,1,1,5,670,1,1,5,1,1,3,1,40,1,13,24,25,1,1,1,1,1,1,6,3,1,3,1,1,1,1,1,2,14,18,1,1,224,6,4,2,1,1
25 , 210 , 1,15,1,2,1,1,1,1,7,1,1,2,1,1,1,18,4,2,1,104,1,6,1,1,89,14,24,1,1,1,5,987,3,5,1,1,1,3,1,52,15,34,29,1,1,1,1,1,6,3,1,4,1,1,1,1,3,1,2,1,25,1,1,368,6,4,2,2,1
25 , 220 , 1,1,1,5,1,1,19,1,1,2,1,1,91,2,1,60,7,13,1,3,731,4,3,1,1,1,31,11,22,20,1,1,1,4,1,1,3,1,1,4,1,1,14,19,1,279,1,2,1,2
25 , 230 , 1,1,2,1,9,1,1,1,1,23,1,1,149,3,1,91,13,15,1,5,1068,5,3,1,2,1,42,9,24,23,1,2,1,4,1,1,4,1,1,5,1,17,18,1,427,2,2,1,2
25 , 240 , 1,4,1,1,1,1,27,138,4,1,66,5,15,1,1,743,4,1,1,26,3,19,13,1,1,1,1,2,1,1,20,13,288,1,1,1
25 , 250 , 1,3,1,1,14,114,1,47,2,7,1,539,2,1,12,2,17,4,1,1,1,7,11,206,2,1,1
25 , 260 , 1,6,1,1,24,196,1,65,2,7,1,784,2,1,19,2,22,1,1,1,1,8,13,286,2,1,1
25 , 270 , 17,41,7,1,12,1,4,4,518,1,1,3,199,1,20,7,1,1,153,1
25 , 280 , 21,62,1,1,12,13,4,3,1,758,1,1,4,284,4,31,7,1,264,1
25 , 290 , 15,49,1,1,10,10,1,1,558,1,197,3,20,6,1,162,1
25 , 300 , 23,82,1,13,12,1,1,1,6,1,283,3,33,825,1,263,1
25 , 310 , 20,65,1,6,11,1,590,195,1,24,2,2,200
25 , 320 , 28,110,1,7,14,1,888,287,1,35,2,2,344
25 , 330 , 19,98,1,1,11,645,218,36,2,2,260
25 , 340 , 23,158,1,2,17,940,331,53,2,2,459
25 , 350 , 16,127,2,10,663,218,33,1,362
25 , 360 , 11,73,9,484,163,17,1,319
25 , 370 , 11,114,12,733,245,26,1,589
25 , 380 , 4,90,6,492,161,19,578
25 , 390 , 6,67,8,358,108,15,488
25 , 400 , 6,104,8,508,157,20,898
25 , 410 , 1,65,5,352,101,12,829
25 , 420 , 53,5,274,70,11,698
25 , 430 , 89,9,392,100,14,1200
25 , 440 , 56,5,241,58,7,968
25 , 450 , 33,3,169,37,3,810
25 , 460 , 48,3,255,59,6,1491
25 , 470 , 4,31,41,1284,203
25 , 480 , 26,24,1159,133
25 , 490 , 23,2,26,1072,101
25 , 500 , 15,23,974,74
25 , 510 , 27,32,1831,104
25 , 520 , 1,25,23,1620,56
25 , 530 , 1,21,12,1493,41
25 , 540 , 13,9,1314,29
25 , 550 , 9,4,1260,27
25 , 560 , 7,4,1091,22
25 , 570 , 11,4,1960,30
25 , 580 , 10,1,1782,29
25 , 590 , 4,1,1618,24
25 , 600 , 3,1390,21
26 , 110 , 2,1
27 , 110 , 1,1,2,1,27,5,4,2,1,16,1,4,1,11,27,1,49,7,1,1,11,1,4,12,1,3,1,1,16,1,1,1,1,1,1,1,1,1,1,1,2,4,4,680,1,1,1,3,3,3,1,2,12,1,1,48,6,4,2,1,4,1,3,1,5,2,3
27 , 120 , 1,3,1,2,1,42,5,9,3,20,2,4,1,15,35,1,84,7,1,1,13,1,4,13,1,1,1,17,1,1,1,2,1,1,1,1,25,1,1,4,1418,1,1,1,4,3,3,4,1,16,1,1,1,81,1,7,2,1,6,1,4,1,8,3,3
27 , 130 , 4,1,23,5,5,5,14,2,3,1,11,27,1,87,1,1,10,2,11,1,14,1,1,1,1,21,1,1,1501,1,4,2,3,11,61,1,6,2,2,3,5,1,7,1,2
27 , 140 , 4,16,1,2,1,10,1,2,1,11,21,82,1,10,1,11,10,1,1,1,9,1,1667,1,1,5,56,1,6,1,1,2,5,1,6,1,2
27 , 150 , 1,11,1,1,1,3,1,9,7,89,1,7,1,8,10,1,1,9,1,1732,1,3,47,4,1,1,1,2,2,1,2
27 , 160 , 1,2,1,5,1848,1,42,8,1,8,2,8,1,1,9,3,1,1,63,2
27 , 170 , 1,2,1006,19,2,1,1,2,6,2,1,37,2
27 , 180 , 2,1035,18,1,2,1,1,26
27 , 190 , 1041,1,17,21,1
27 , 200 , 1065,1,6,8
27 , 210 , 1069,1,6,11
27 , 220 , 1142,1,5,10
27 , 230 , 1150,2,7,8,1
27 , 240 , 1243,1,3,9,5
27 , 250 , 1252,2,4,7,2
27 , 260 , 1261,1,1,5
27 , 270 , 1358,1,3
27 , 280 , 1488
27 , 290 , 1562,1
27 , 300 , 1569
27 , 310 , 1527
27 , 320 , 1492,4
27 , 330 , 1587,2
27 , 340 , 1649,4
27 , 350 , 1695,8
27 , 360 , 1585,11
27 , 370 , 1725,7
27 , 380 , 1826,4
27 , 390 , 1697,2
27 , 400 , 1701,1,2
27 , 410 , 1743,6,1
27 , 420 , 1900,8
27 , 430 , 1987,14
27 , 440 , 1925,10
27 , 450 , 1943,12
27 , 460 , 1824,6
27 , 470 , 1883,5
27 , 480 , 1718,2
27 , 490 , 1643
27 , 500 , 1609
27 , 510 , 1534
27 , 520 , 1540
27 , 530 , 1575
27 , 540 , 1671
27 , 550 , 1498
27 , 560 , 1542
27 , 570 , 1523
27 , 580 , 1541
27 , 590 , 1461
27 , 600 , 1405
28 , 110 , 1,1,1,1,1,101,13,485,4,1,472,2,9,2,1,1,21,1,1,16,4,1,1,1,3,1,1,455,1,2,1,1,2,1,1,2,1,165,1,2,2,1,1
28 , 120 , 2,1,57,1,407,3,445,1,2,1,17,18,3,1,2,2,1,1,398,1,9,1,1,1,125,1,1,1
28 , 130 , 1,1,1,2,374,1,2,110,34,1,7,16,2,1,370,1,1,1,1,405
28 , 140 , 1,1,1,2,345,90,20,2,7,15,1,1,305,1,378
28 , 150 , 1,1,1,2,665,130,33,2,10,25,1,1,541,707
28 , 160 , 1,1,617,121,18,1,7,13,1,462,1,603
28 , 170 , 1,567,89,12,6,5,1,455,539
28 , 180 , 537,82,6,6,2,1,428,465
28 , 190 , 526,66,4,4,1,344,433
28 , 200 , 490,54,2,1,334,410
28 , 210 , 447,40,2,2,300,339
28 , 220 , 427,33,1,1,265,273
28 , 230 , 799,69,1,4,478,522
28 , 240 , 692,49,390,402
28 , 250 , 699,31,346,339
28 , 260 , 615,17,302,266
28 , 270 , 561,17,255,215
28 , 280 , 1102,19,455,389
28 , 290 , 988,18,408,262
28 , 300 , 990,16,395,220
28 , 310 , 931,11,192,351
28 , 320 , 857,12,190,323
28 , 330 , 842,10,161,308
28 , 340 , 773,1,10,136,300
28 , 350 , 766,14,111,255
28 , 360 , 737,17,99,212
28 , 370 , 1472,1,36,374,201
28 , 380 , 1332,1,23,146,359
28 , 390 , 1379,1,10,1,149,329
28 , 400 , 1251,8,133,253
28 , 410 , 1248,5,99,228
28 , 420 , 1124,3,61,198
28 , 430 , 1136,1,55,144
28 , 440 , 1144,3,59,126
28 , 450 , 1147,1,42,121
28 , 460 , 1224,1,120,31
28 , 470 , 1299,32,112
28 , 480 , 1329,25,108
28 , 490 , 1402,12,88
28 , 500 , 1475,65,14
28 , 510 , 1480,59,8
28 , 520 , 1501,55,7
28 , 530 , 1526,46,4
28 , 540 , 1527,32,3
28 , 550 , 1543,2,26
28 , 560 , 1611,1,24
28 , 570 , 1682,2,28
28 , 580 , 1815,3,37,1
28 , 590 , 1962,1,31,4
28 , 600 , 1918,1,31,6
29 , 110 , 1,1,1,1,1,14,1,1,2,81,3,1,2,159,1,7,1,1,1,1,1,5,1,2,2,1,3,1,1,3,1,4,10,682,27,2,13,1,1,1,1,4,1,5,1,47,1,1,1,20,2,10,1,1,1
29 , 120 , 1,1,1,16,1,21,5,71,4,1,1,158,5,1,1,1,5,1,1,1,1,1,2,1,1,1,5,682,13,1,1,1,1,36,1,1,13,9,1,1
29 , 130 , 1,1,12,15,2,64,3,156,3,1,1,1,4,1,1,1,1,1,1,2,4,671,6,1,1,29,1,7,7,1
29 , 140 , 1,1,18,19,3,118,2,277,4,1,1,1,4,1,1,1,1,1,1,8,1,1442,12,1,1,46,1,10,15,1
29 , 150 , 1,6,1337,7,36,7,8,1,1,6,107,3,6,2,1,1,260,1
29 , 160 , 2,1431,7,23,8,5,1,3,10,81,2,1,222,3
29 , 170 , 1,1362,5,7,5,3,7,66,2,28,2
29 , 180 , 2,1317,3,10,3,2,6,70,19,4
29 , 190 , 1,1387,1,13,1,2,2,53,18,3
29 , 200 , 1502,13,1,2,1,50,18,1
29 , 210 , 1593,11,1,2,47,27
29 , 220 , 1619,4,14,37,15
29 , 230 , 1637,4,17,11,23
29 , 240 , 1691,2,11,9,16
29 , 250 , 1745,8,5,12,12
29 , 260 , 1828,11,6,7
29 , 270 , 1796,6,8,15,1
29 , 280 , 1827,2,4,20,1
29 , 290 , 1816,1,2,16
29 , 300 , 1658,1,19,2,1
29 , 310 , 1673,15
29 , 320 , 1634,12
29 , 330 , 1658,1,11
29 , 340 , 1721,1,16
29 , 350 , 1850,1,8
29 , 360 , 1885,13
29 , 370 , 1938,1,8
29 , 380 , 1798,1,4
29 , 390 , 1651,1
29 , 400 , 1530
29 , 410 , 1592
29 , 420 , 1614
29 , 430 , 1732
29 , 440 , 1772
29 , 450 , 1753
29 , 460 , 1748
29 , 470 , 1780
29 , 480 , 1769
29 , 490 , 1678
29 , 500 , 1566
29 , 510 , 1521
29 , 520 , 1526
29 , 530 , 1439
29 , 540 , 1449
29 , 550 , 1384,1
29 , 560 , 1436,1
29 , 570 , 1424,1
29 , 580 , 1468,1
29 , 590 , 1445
29 , 600 , 1487
30 , 110 , 3,9,2,2,19,2,2,1,15,1,6,1,1,1,5,3,3,2,3,1,2,2,5,822,31,5,3,1,5,2,1,1,2,44,3,1,1,1,39,1,1,3,1,27,3,1,2,12,16,5,1,6,2,3,19,20,2,283,2,1,1,3,7,2,1,2,3,1,9,2,24,14,1,11,1,1,1,1,1,3,2,1,14,1,1,5,4,3,1,3,2,1,1,4,1,28,2,1,6,1,1,3,1,5,1,2,1,1,2,3,1,334,1,17,1,1,17,1,1,12,2,1,2
30 , 120 , 1,5,2,13,1,1,1,8,1,1,1,3,1,1,1,2,1,1,1,4,720,20,6,5,1,2,2,32,3,1,33,1,34,2,1,2,8,5,4,1,3,1,3,13,17,2,261,1,1,5,2,1,2,1,1,19,8,3,9,1,1,2,2,11,3,1,1,1,1,1,4,1,20,2,2,1,5,1,1,327,9,1,1,10,1,9,1
30 , 130 , 1,1,261,7,5,1,1,5,1,1,1,11,8,4,1,1,1,232,4,2,13,1,1,1,20,1,10,3,1,1,1,1,9,1,1,3,730,11,2,5,3,8,1,1,1,2,1,1,1,1,1,30,2,22,2,3,5,1,24,1,3,2,1
30 , 140 , 1,3,2,1,3,1,208,8,2,2,1,225,3,10,1,1,1,13,1,1,1,1,6,1,11,682,2,6,1,3,3,2,1,1,1,1,1,13,1,30,1,3,1,19,4,1
30 , 150 , 1,7,4,1,2,191,1,4,1,241,2,6,1,12,1,1,1,4,1,4,654,5,1,3,2,1,1,5,1,34,1,2,12,3
30 , 160 , 1,6,1,1,166,1,1,212,3,1,11,1,1,3,2,614,1,1,1,1,1,1,23,1,2,9,2
30 , 170 , 1,1,1,2,3,1,616,1,1,14,1,10,2,8,130,1,2,2,202,1
30 , 180 , 1,2,1,4,2,1,1230,1,1,32,1,1,13,2,18,260,1,4,2,386
30 , 190 , 1,1,1,4,1,1,1256,18,7,1,12,243,4,1,330
30 , 200 , 1,3,1,1,1241,15,3,3,212,3,1,275
30 , 210 , 2,1,1,1181,18,4,1,178,3,215
30 , 220 , 1,1125,12,5,1,154,1,186
30 , 230 , 1106,8,4,3,145,1,189
30 , 240 , 1012,9,2,3,113,166
30 , 250 , 1073,13,1,7,114,150
30 , 260 , 1085,10,138,101,4
30 , 270 , 1034,8,110,81,3
30 , 280 , 986,2,77,90,1
30 , 290 , 1009,64,82,1
30 , 300 , 1053,48,66
30 , 310 , 974,42,54
30 , 320 , 982,39,42
30 , 330 , 1008,48,24
30 , 340 , 947,41,12
30 , 350 , 2008,21,70
30 , 360 , 1848,14,51
30 , 370 , 1776,10,42
30 , 380 , 1812,5,34
30 , 390 , 1682,6,28
30 , 400 , 1649,6,32
30 , 410 , 1674,9,30
30 , 420 , 1689,9,32
30 , 430 , 1775,6,45
30 , 440 , 1839,41,8
30 , 450 , 2018,7,36
30 , 460 , 2008,5,54
30 , 470 , 1065,27
30 , 480 , 1056,18
30 , 490 , 1061,15
30 , 500 , 1063,14
30 , 510 , 1082,13
30 , 520 , 1145,16
30 , 530 , 1076,10
30 , 540 , 1072,9
30 , 550 , 1064,12
30 , 560 , 1060,14
30 , 570 , 1063,9
30 , 580 , 1061,6
30 , 590 , 1080,5
30 , 600 , 985,4
32 , 110 , 1,10,1,1,1,3,17,4,1,1,2,1,3,1,2,1,80,2,22,1,1,1,6,2,1,1,1,1,20,3,15,8,1,930,1,2,3,1,2,2,1,1,1,1,2,1,1,25,1,1,1,8,17,1,1,1,3
32 , 120 , 1,8,1,1,3,18,5,1,1,2,1,1,1,1,74,2,17,2,1,6,1,1,1,1,1,4,3,21,8,1,1005,1,1,2,2,2,2,1,17,1,15,13,1,1
32 , 130 , 1,3,1,1,3,15,3,1,1,3,1,1,77,3,13,1,6,1,1,2,12,6,2,1053,2,2,5,1,15,1,5,1,1
32 , 140 , 1,13,2,1,1,2,85,3,11,1,1,2,2,8,7,2,1104,1,4,1,8,3,1
32 , 150 , 1,7,8,4,1,1048,10,15,1,1,2,1,2,1,2,83,1
32 , 160 , 1,10,2,7,2,1077,5,7,3,1,1,1,76
32 , 170 , 9,4,1,1175,4,4,1,1,1,67
32 , 180 , 9,2,1,2,1295,4,3,1,49
32 , 190 , 4,1,2,1281,5,1,1,1,45
32 , 200 , 2,1,1336,5,1,36
32 , 210 , 1,1,1372,5,1,33
32 , 220 , 1,1420,4,7,1,28
32 , 230 , 1336,2,11,6,18
32 , 240 , 1438,10,3,12
32 , 250 , 1474,16,5,7
32 , 260 , 1562,19,3,8
32 , 270 , 1680,21,8
32 , 280 , 1769,11,5
32 , 290 , 1853,18,4
32 , 300 , 1967,11,11
32 , 310 , 1908,8,17
32 , 320 , 1797,9,11
32 , 330 , 1809,1,7,12
32 , 340 , 1840,7,13,1
32 , 350 , 1979,6,2,10
32 , 360 , 1955,4,4,9
32 , 370 , 1839,2,3,3,2
32 , 380 , 1930,6,2,4,4
32 , 390 , 1,5,1935,1,6,5
32 , 400 , 2,2,988,2,4,2
32 , 410 , 3,2,1060,1,3,3
32 , 420 , 1,2,983,3,1,2,4
32 , 430 , 3,3,2066,5,7,1,3,5
32 , 440 , 3,3,1922,8,5,1,4,1
32 , 450 , 3,2,1898,11,3,2
32 , 460 , 1,2,1904,12,7,2
32 , 470 , 989,1,9,1
32 , 480 , 2080,1,18,1
32 , 490 , 993,1,5,1
32 , 500 , 979,2,4,1
32 , 510 , 993,2,1,4
32 , 520 , 990,2,1,6,1
32 , 530 , 2039,3,5,13,1
32 , 540 , 987,1,1,11
32 , 550 , 2058,1,1,27
32 , 560 , 1888,2,31,1
32 , 570 , 957,27
32 , 580 , 2040,63
32 , 590 , 960,40
32 , 600 , 948,1,51
33 , 110 , 1,2,1,2,1,125,1,1,1,7,307,1,1,3,1,1,1,1,1,1,1,1,129,1,3,8,1,2,583,1,6,1,5,1,3,1,1,1,1,1,1,15,1,19,1,2,25,1,1,1,4
33 , 120 , 1,1,2,183,1,9,548,1,1,37,3,1,1,30,1,19,1,7,1,5,5,1,1,1,1,1,29,1,2,1,1,1,1
33 , 130 , 2,1,1,2,1,1,1,1,10,1,4,7,44,1,1,1
33 , 140 , 2,1,7,1,1
33 , 150 , 2
34 , 110 , 1,8,1,33,4,1,4,13,1,1,12,2,2,7,1,1,4,1,1,1,1,3,2,2,1,18,511,2,1,2,1,2,1,1,1,22,1,24,1,2,1,2,4,1,1,1,10,1,1,5,3,188,1,4,9,3,1,2,1,2,141,15,2,1,4,11,2,1,1,2,1,1,3,5,7,1,1,1,1,1,1,18,1,1,63,2,4,2,1,6,1,1,2,3,2,20,1,1,3,3,2,1,1,1,1,1,1,35,1,2,1,3,8,1,19,1,1,1,2
34 , 120 , 1,1,1,17,1,1,3,1,7,1,22,1,7,1,2,1,4,41,2,2,139,5,1,8,1,6,5,2,1,1,1,1,22,1,5,2,1,2,2,1,1,1,2,1,2,1,2,12,16,9,458,13,2,2,6,2,8,1,1,1,1,3,1,1,1,1,10,2,1,2,2,1,1,1,1,97,1,1,2,3,1,1
34 , 130 , 1,2,1,2,1,4,1,2,11,2,34,1,1,71,1,2,1,4,7,2,2,259,5,1,13,7,11,2,1,1,1,1,33,1,7,2,1,2,2,1,1,2,1,2,1,1,1,19,30,11,864,21,3,2,4,1,15,2,1,1,2,3,1,1,1,1,1,11,2,1,30,1,2,1,1,1,1,154,1,1,2,3,1,1
34 , 140 , 1,1,1,1,16,1,28,50,2,1,4,2,1,216,2,19,23,6,1,1,27,1,5,1,1,1,1,1,1,8,3,5,909,3,5,2,3,1,1,2,1,1,1,5,1,20,2,2,1,2,112,3,1,1
34 , 150 , 1,1,1,9,14,38,1,1,3,1,193,1,18,2,2,1,1,19,1,1,1,1,1,1,4,20,3,911,2,1,2,2,1,1,3,2,1,2,16,1,1,79,4,1,1
34 , 160 , 1,7,7,24,2,1,192,16,1,5,1,14,1,2,2,11,2,944,1,1,2,1,3,16,58,1,1,1
34 , 170 , 1,5,3,17,1,199,19,1,3,1,9,1,1,1,7,1006,1,1,2,11,38,1
34 , 180 , 1,9,2,2,2,1069,1,10,5,1,2,6,1,28,1,18,1,194
34 , 190 , 1,6,1043,9,1,1,3,3,1,14,13,1,168
34 , 200 , 1,6,1,1073,7,1,5,4,1,8,11,124
34 , 210 , 2,1129,5,3,5,4,3,8,111
34 , 220 , 1,1238,3,3,4,1,2,7,112
34 , 230 , 1,1334,2,3,1,1,1,8,118
34 , 240 , 1,1376,1,1,3,99
34 , 250 , 1,1447,1,1,3,104
34 , 260 , 1414,1,1,88
34 , 270 , 1405,2,80
34 , 280 , 1397,2,77
34 , 290 , 1450,2,90
34 , 300 , 1527,79
34 , 310 , 1422,71
34 , 320 , 1521,66
34 , 330 , 1651,66
34 , 340 , 1813,48
34 , 350 , 1940,36
34 , 360 , 986,14
34 , 370 , 992,8
34 , 380 , 1075,7
34 , 390 , 991,1,8
34 , 400 , 2116,24
34 , 410 , 988,12
34 , 420 , 988,1,11
34 , 430 , 991,9
34 , 440 , 2077,16
34 , 450 , 989,11
34 , 460 , 976,9
34 , 470 , 988,12
34 , 480 , 982,12
34 , 490 , 2045,15
34 , 500 , 2107,5
34 , 510 , 999,1
34 , 520 , 996,1,3
34 , 530 , 2037,1,1,4
34 , 540 , 1929,3,3
34 , 550 , 1776,1,3
34 , 560 , 1793,4
34 , 570 , 1832,2
34 , 580 , 1736
34 , 590 , 1665
34 , 600 , 1676
35 , 110 , 20,1,2,41,30
37 , 110 , 1,1,1,163,27,21,1,34,3,1,201,3,1,1,1,1,1,3,1,1,1,1,1,16,54,6,954,1,1,1,2,3,1,13,2,1,1,32,2,1,1,43,4,1,2,1,4,1,1
37 , 120 , 1,129,26,20,1,11,2,1,193,2,2,1,1,1,1,1,4,42,4,1001,1,1,2,2,6,1,15,33,1,2,2,1
37 , 130 , 1,97,18,8,1,19,4,1,196,5,2,1,1,4,33,2,1026,1,1,1,4,7,15,2,2,1
37 , 140 , 5,3,4,20,19,1082,11,1,94,26,1,9,1,4,2,1,2,162
37 , 150 , 7,1,3,13,2,1128,9,1,81,26,1,5,14,2,4,164
37 , 160 , 2,2,2,10,2,1153,10,1,70,22,2,14,2,167
37 , 170 , 4,4,1,1169,5,1,68,19,11,3,147
37 , 180 , 3,7,1,1158,2,1,41,11,9,3,1,104
37 , 190 , 2,12,1,1167,2,1,36,8,5,2,85
37 , 200 , 2,10,3,1125,1,27,1,6,68
37 , 210 , 3,4,1130,27,4,5,63
37 , 220 , 5,3,1182,24,2,5,66
37 , 230 , 1,2,1288,26,1,8,62
37 , 240 , 4,2,1327,33,4,48
37 , 250 , 4,1,1394,2,25,6,59
37 , 260 , 2,4,1467,3,25,7,41
37 , 270 , 3,1,1514,5,7,20,8,26
37 , 280 , 2,8,1641,1,7,13,3,20
37 , 290 , 5,1,1643,6,8,6,1,1,18
37 , 300 , 4,7,1709,1,11,5,1,17
37 , 310 , 7,1,1658,7,8,3,1,8
37 , 320 , 4,6,1540,10,2,1,2
37 , 330 , 1410,18,3,4,8
37 , 340 , 1422,23,2,1,4
37 , 350 , 1397,45,3,4
37 , 360 , 1372,40,6,4
37 , 370 , 1427,43,3,4
37 , 380 , 1343,23,4,5
37 , 390 , 1434,23,7,6
37 , 400 , 1383,21,6,6
37 , 410 , 1330,23,5,4
37 , 420 , 1321,20,1,7
37 , 430 , 1325,17,6
37 , 440 , 1216,18,6
37 , 450 , 1147,6,8
37 , 460 , 1068,4,3
37 , 470 , 1081,5,3
37 , 480 , 1061,9,1,4
37 , 490 , 1078,6,4
37 , 500 , 1065,9,5
37 , 510 , 1038,18,7
37 , 520 , 1046,1,20,9
37 , 530 , 1042,35,8
37 , 540 , 1035,37,7
37 , 550 , 950,29,7
37 , 560 , 1975,1,51,24
37 , 570 , 968,18,14
37 , 580 , 2054,25,32
37 , 590 , 971,12,17
37 , 600 , 974,11,15
38 , 110 , 2,1,2,1,1,1,1,1,1,4,1,1,1,13,1,69,1,1,2,1
38 , 120 , 2,1,1,1,1,1,1,10,1,1,14,104,1,1,2
38 , 130 , 1,1,1,1,1,3,107,1,2
38 , 140 , 3
41 , 110 , 1,1,41,1,1,9,34,1,5,14,73,6,1,2,1,1,1,1,1,2,720,2,2,2,1,2,3,1,7,1,51,1,2,1,1,1,3,1
41 , 120 , 1,72,1,1,1,54,1,9,22,129,13,1,2,1,2,1,11,1,3,896,3,2,2,1,1,3,1,7,1,87,1,2,2,1,1,3,1
41 , 130 , 60,1,45,7,12,116,8,1,1,1,1,6,1,3,865,3,1,1,1,2,3,1,66,1,1
41 , 140 , 1,9,1,1,1,799,47,1,64,1,2,6,40,3,10,1,1,91
41 , 150 , 1,10,1,1,1,833,50,50,1,3,43,4,4,1,81
41 , 160 , 1,1,1,1,1,849,29,42,1,6,47,5,3,76
41 , 170 , 1,7,1,868,25,45,44,5,1,78
41 , 180 , 5,892,14,52,32,4,2,80
41 , 190 , 3,838,13,46,27,3,1,69
41 , 200 , 6,1807,18,86,53,3,1,137
41 , 210 , 4,1733,19,60,1,39,1,105
41 , 220 , 7,1771,3,67,24,1,89
41 , 230 , 7,1782,1,64,14,80
41 , 240 , 1764,54,82,11
41 , 250 , 1820,68,82,8
41 , 260 , 1774,65,71,5
41 , 270 , 934,31,33,2
41 , 280 , 1023,31,35,1
41 , 290 , 955,16,29
41 , 300 , 962,12,26
41 , 310 , 1029,16,22
41 , 320 , 1042,1,12,17
41 , 330 , 1050,10,18
41 , 340 , 1067,5,16
41 , 350 , 1126,6,21
41 , 360 , 1118,4,23
41 , 370 , 1145,1,17
41 , 380 , 1069,1,24
41 , 390 , 1130,2,29
41 , 400 , 1129,1,21
41 , 410 , 1150,26
41 , 420 , 1041,23
41 , 430 , 1156,19
41 , 440 , 1198,35
41 , 450 , 1126,24
41 , 460 , 1048,25
41 , 470 , 1045,17
41 , 480 , 1053,13
41 , 490 , 1057,15
41 , 500 , 1047,25
41 , 510 , 2054,40
41 , 520 , 1828,18
41 , 530 , 1704,18
41 , 540 , 1512,24
41 , 550 , 1412,22
41 , 560 , 1475,14
41 , 570 , 1450,1,23
41 , 580 , 1468,1,21
41 , 590 , 1406,22
41 , 600 , 1287,26
42 , 110 , 3,1,1,1,1,5,2,3,1,2,1,224,1,3,1,83,4,1,1,1,1,2,1,1,2,1,1,1,31,1,13,6,3,5,689,21,5,2,1,51,3,1,2,1,1,1,1,15,1,1,10,1,1,1,1,2
42 , 120 , 1,15,1,2,1,1,1,1,203,1,1,77,1,1,1,2,1,1,2,1,1,18,1,1,1,4,1,709,14,3,1,2,50,1,1,1,1,15,1,5,1,2,1
42 , 130 , 1,2,1,1,185,1,70,1,1,1,15,1,13,3,1,762,8,3,1,1,45,1,1,20,2,1,3,1
42 , 140 , 1,12,2,2,1,798,7,17,2,1,1,1,1,1,12,188,1,1,60,31
42 , 150 , 1,9,1,10,804,7,1,1,2,28,141,1,59,9
42 , 160 , 5,12,759,4,1,2,9,125,1,54,28
42 , 170 , 3,2,792,7,29,111,52,4
42 , 180 , 1,6,809,1,3,97,51,32
42 , 190 , 1,1,1610,6,3,197,112,68
42 , 200 , 2,1,1525,3,1,162,86,77
42 , 210 , 3,1529,1,86,120,84
42 , 220 , 1390,1,75,94,74
42 , 230 , 1,1,1461,80,76,74
42 , 240 , 1313,1,90,51,81
42 , 250 , 1331,79,49,71
42 , 260 , 1379,69,61,43
42 , 270 , 1366,1,39,35,79
42 , 280 , 1423,28,32,86
42 , 290 , 1300,74,30,11
42 , 300 , 1276,60,26,7
42 , 310 , 1224,1,61,22,14
42 , 320 , 1228,1,58,26,15
42 , 330 , 1170,2,54,22,11
42 , 340 , 1168,2,56,23,2
42 , 350 , 1172,6,62,15,2
42 , 360 , 1216,5,57,11,1
42 , 370 , 1286,10,1,55,1,7
42 , 380 , 1297,10,53,4,1
42 , 390 , 1270,15,45,6,1
42 , 400 , 1277,23,42,5,1
42 , 410 , 1273,25,33,4,1
42 , 420 , 1284,31,29,3,1
42 , 430 , 1306,44,24,1
42 , 440 , 1268,31,29,1
42 , 450 , 1183,29,25
42 , 460 , 1220,35,19
42 , 470 , 1194,25,24
42 , 480 , 1119,1,19,21
42 , 490 , 1140,13,21
42 , 500 , 1216,14,17
42 , 510 , 1284,9,25
42 , 520 , 1316,8,25
42 , 530 , 1314,9,29
42 , 540 , 1307,9,29,1
42 , 550 , 1309,7,27
42 , 560 , 1345,8,24
42 , 570 , 1320,6,15
42 , 580 , 1213,5,14
42 , 590 , 1141,7,15
42 , 600 , 1157,5,12
43 , 110 , 2,3,80,684,15,1,2,113,6,3,3,1,2,4,1,1,1,1,1,1,1,3,10,31,2,8,2,2,4,1,14,2,1,2,1,3,4,1,104,4,3,3
43 , 120 , 2,3,30,11,1,1,1,2,2,1,1,4,2,12,6,17,2,1,2,4,4,3,3
43 , 130 , 1,7,2,1,16,3,1,1,1
43 , 140 , 1,5,1
44 , 110 , 2,1,9,30,2,14,103,6,1,1,204,1,1,9,1,1,1,2,15,6,2,6,2,2,1,10,940,3,5,3,1,2,1,9,3,1,6,2,5,3,1,1,1
44 , 120 , 2,2,9,21,4,78,3,170,1,12,1,2,10,3,2,6,2,3,989,2,2,1,1,8,1,10,1,6,2,1,1
44 , 130 , 42,9,25,4,1,2,140,8,1,1,6,1,5,2,954,2,1,1,1,1,8,1,3,1
44 , 140 , 1,6,31,1,26,1,129,6,2,1,1,1,1,2,1018,2,1,1,1,6,1,2
44 , 150 , 1,3,1,5,2,1062,5,16,1,1,3,25,4,121,1
44 , 160 , 2,1,2,1,1098,2,12,2,24,3,118
44 , 170 , 2,1,1,1013,4,14,1,27,1,108
44 , 180 , 1,1020,4,5,1,14,98
44 , 190 , 971,9,1,80,4
44 , 200 , 988,2,8,75,1
44 , 210 , 939,3,56,2
44 , 220 , 967,1,30,2
44 , 230 , 1038,2,27,1
44 , 240 , 1066,2,23,1
44 , 250 , 1062,2,13
44 , 260 , 1154,1,7
44 , 270 , 1151,3
44 , 280 , 1161,1,5
44 , 290 , 1159,1,6
44 , 300 , 1135,5
44 , 310 , 1175,4
44 , 320 , 1164,1
44 , 330 , 1648,5
44 , 340 , 1668,8
44 , 350 , 1653,9
44 , 360 , 1692,4
44 , 370 , 1644,1
44 , 380 , 1616,3
44 , 390 , 1557,6
44 , 400 , 1544,4
44 , 410 , 1535,2
44 , 420 , 1544,2
44 , 430 , 1575,2
44 , 440 , 1564,2
44 , 450 , 1565,1
44 , 460 , 1386,1
44 , 470 , 1229,2
44 , 480 , 1277,1
44 , 490 , 1021
44 , 500 , 1779
44 , 510 , 1832,1
44 , 520 , 1797
44 , 530 , 1703,1
44 , 540 , 1719,1
44 , 550 , 1686
44 , 560 , 1691
44 , 570 , 1184
44 , 580 , 1287
44 , 590 , 1267
44 , 600 , 1140
45 , 110 , 1,4,1,1,1,3,1,1,2,3,1,1,2,1,1,1,1,23,47,1,1,129,10,1,24,1,1,2,1,2,1,4,13,3,1,1,2,1,1,4,2,1,1,6,5,13,6,1,2,653,2,1,17,3,2,4,1,1,1,1,95,1,8,3,1,2,1,1,1,1,1,21,1,1,1,74,15,1,1,32,3,1,23,3,4
45 , 120 , 1,1,1,2,2,1,1,1,1,1,13,35,1,132,5,16,1,1,1,2,9,1,2,2,1,4,3,13,11,1,1,533,1,1,12,2,1,2,1,1,85,7,2,3,15,1,62,12,1,1,18,1,11,2,2
45 , 130 , 1,1,1,1,2,2,1,1,1,1,16,44,2,2,6,24,1,1,1,3,14,1,226,3,2,1,4,3,19,18,1,1,1094,2,1,18,1,1,2,1,171,3,2,3,20,1,129,14,1,1,29,1,23,3,2
45 , 140 , 2,1,1,13,27,1,1,3,20,1,7,211,1,3,9,24,5,1,1054,1,12,2,1,156,7,1,2,9,1,122,10,24,22,1,1
45 , 150 , 1,8,20,217,1,11,1,7,3,2,2,26,2,1143,7,3,1,165,1,1,3,6,98,13,20,19,1
45 , 160 , 9,15,218,1,7,1,1,1,1,1,3,25,3,1186,6,2,1,166,1,2,7,90,17,15,18,1
45 , 170 , 1,1,1,26,7,1216,1,89,2,10,1,1,167,11,13,14,201,18
45 , 180 , 2,43,2,1195,1,65,1,4,151,7,3,12,168,12
45 , 190 , 2,52,1276,1,45,1,6,140,4,3,5,174,11
45 , 200 , 4,42,1274,40,2,139,1,3,172,13
45 , 210 , 2,36,1400,35,1,3,4,151,131
45 , 220 , 1,22,1388,1,39,1,95,4,137
45 , 230 , 20,1398,26,1,96,1,104
45 , 240 , 12,1458,24,115,1,105
45 , 250 , 10,1585,20,114,1,83
45 , 260 , 6,1586,20,110,1,73
45 , 270 , 4,1678,10,107,1,53
45 , 280 , 2,895,6,70,1,26
45 , 290 , 907,2,64,24,3
45 , 300 , 999,1,54,22,3
45 , 310 , 916,1,50,29,4
45 , 320 , 1007,56,29,6
45 , 330 , 1114,54,23,4
45 , 340 , 1194,6,15,44
45 , 350 , 1189,6,11,34
45 , 360 , 1201,20,10,5
45 , 370 , 1130,17,9,4
45 , 380 , 1136,16,8,3
45 , 390 , 1141,5,8,15
45 , 400 , 1117,11,3,6
45 , 410 , 1154,4,2,7
45 , 420 , 1146,1,6,2,4
45 , 430 , 1079,4,1,1
45 , 440 , 1151,4,1,1
45 , 450 , 1072,1
45 , 460 , 1077,1
45 , 470 , 1084,1
45 , 480 , 1077,1
45 , 490 , 1059
45 , 500 , 1087
45 , 510 , 1086
45 , 520 , 1078
45 , 530 , 1061
45 , 540 , 1070
45 , 550 , 1000
45 , 560 , 996
45 , 570 , 1000
45 , 580 , 1000
45 , 590 , 994
45 , 600 , 999,1
46 , 110 , 2,1,1,1,12,1,2,2,69,5,3,23,1,6,1,8,2,1,3,2,1,1,614,28,1,1,2,4,1,1,2,2,2,44,1,1,1,66,1,7,2,1,2,1,4,10,3,369,2,1,1,4,3,1,2,4,18,2,1,1,11,5,1,7,4,1,1,18,1,1,4,9,14,1,3,4,7,2,1,1,1,1,6,1,1,1,1,1,1,7,1,3,1,230,1,8,1,1,1,3,1,1,2,1
46 , 120 , 1,1,228,1,2,4,6,3,1,1,1,1,2,1,35,6,5,1,348,8,11,1,1,1,1,5,1,3,2,1,1,1,1,45,4,1,2,14,591,20,1,1,1,1,1,1,1,1,10,1,4,2,1,1,1,1,9,1,2,1,2,1,34,1,2,1,1,18,1,3,2,1
46 , 130 , 1,1,1,1,1,6,1,1,218,22,3,4,274,6,6,1,1,1,3,1,1,18,1,1,2,1,1,13,570,9,1,1,1,8,1,2,2,1,1,9,1,2,1,18,1,15,2
46 , 140 , 1,436,1,1,1,9,1,2,1,30,5,6,7,1,1,17,1,1,4,1,1,1,16,3,1,2,5,1225,9,1,1,11,1,2,1,1,15,1,2,29,2,21,2,1
46 , 150 , 1,1,1,2,4,2,393,19,7,5,2,3,1,5,1,1,7,1,13,1159,8,1,4,1,2,1,7,1,1,28,1,18,1,1
46 , 160 , 1,1,1,2,364,16,4,2,1,4,3,1,14,1139,4,3,1,14,1,1,25,6,1
46 , 170 , 1,3,1,15,1,11,1023,2,22,1,6,315,12,5,1
46 , 180 , 4,8,11,1088,1,7,4,319,8,4,1
46 , 190 , 4,6,6,1056,1,6,2,292,2,2,1
46 , 200 , 2,3,4,1068,6,1,269,2
46 , 210 , 10,4,505,15,1,491,5
46 , 220 , 18,4,942,27,1,860,7
46 , 230 , 11,857,27,1,730,4
46 , 240 , 778,2,28,5,656
46 , 250 , 696,3,19,614
46 , 260 , 614,14,527
46 , 270 , 533,11,456
46 , 280 , 950,17,826
46 , 290 , 827,7,2,767
46 , 300 , 717,2,4,635
46 , 310 , 644,2,3,554
46 , 320 , 551,1,5,494
46 , 330 , 994,1,9,880
46 , 340 , 503,12,1,841
46 , 350 , 378,10,1,824
46 , 360 , 307,5,1,755
46 , 370 , 532,10,1
46 , 380 , 1110,16,1
46 , 390 , 1148,23,1
46 , 400 , 1047,1,21
46 , 410 , 1062,1,14
46 , 420 , 291,10
46 , 430 , 23,14
46 , 440 , 50,29
46 , 450 , 128,56
46 , 460 , 311
46 , 470 , 707
47 , 110 , 1,1,7,1,7,1,7,1,13,1,1,8,13,3,2,2,5,2,1,1,1,4,3,1,10,533,13,4,1,2,3,3,1,1,29,1,1,33,5,12,45,1,1,2,1,6,2,1,1,123,2,1,2,1,3,12,1,7,2,1,1,1,3,3,2,2,1,12,1,1,18,2,12,6,3,1,1,2,3,1,3,2,1,1,2,1,13,4,1,2,1,1,1,2,2,1,1,545,1,2,2,1,1,1,1,3,1,1,1
47 , 120 , 1,1,1,1,1,5,4,1,1,2,2,11,482,2,4,4,1,1,2,82,4,2,1,1,2,1,2,3,2,12,3,1,4,1,1,2,1,1,1,1,1,1,1,1,2,2,5,1,2,6,7,461,5,1,4,2,2,2,1,2,1,2,1,1,2,1,17,1,7,1,25,3,19,1,29,1,6,3,4,1,1,1
47 , 130 , 1,1,3,2,1,1,1,454,2,2,1,1,71,3,2,1,1,2,1,1,1,1,11,7,1,3,1,1,1,1,1,1,1,1,1,2,1,1,4,4,426,2,2,2,1,2,1,1,1,8,1,6,1,14,1,14,23,5,2,1,1,1
47 , 140 , 1,5,2,1,1,1,875,2,4,1,1,130,3,2,1,2,2,1,2,1,1,4,10,1,3,1,1,1,1,1,1,1,1,1,1,2,1,1,7,12,831,3,2,3,1,1,1,1,1,1,10,7,1,21,1,18,31,5,2,1,1
47 , 150 , 5,1,1,1,743,1,2,1,113,2,1,1,1,1,1,2,3,4,1,1,1,1,1,3,7,723,1,1,2,1,4,2,7,16,1,10,26,3,1
47 , 160 , 1,4,1,1,610,1,5,1,90,1,1,2,1,2,1,1,1,2,6,745,2,1,2,9,1,8,8,17,1
47 , 170 , 1,2,1,1,593,1,7,87,1,3,1,1,1,2,1,1,3,774,1,6,4,4,14,1
47 , 180 , 1,1,1,1,2,4,708,1,4,1,1,2,3,10,553,8,1,58
47 , 190 , 1,1,3,2,714,1,1,2,5,500,6,53
47 , 200 , 1,1,1,1,653,1,1,5,415,3,46
47 , 210 , 1,1,1,1,657,2,2,370,1,40
47 , 220 , 1,3,691,2,1,350,41
47 , 230 , 1,2,706,2,322,34
47 , 240 , 1,2,1375,3,588,59
47 , 250 , 1360,2,34,564,3
47 , 260 , 1319,42,489,1
47 , 270 , 1409,1,37,449
47 , 280 , 1383,2,431,42
47 , 290 , 1292,4,38,394
47 , 300 , 1261,5,33,317
47 , 310 , 1199,3,18,291
47 , 320 , 1108,6,13,247
47 , 330 , 1057,1,9,11,231
47 , 340 , 1074,11,2,1,236,13
47 , 350 , 1124,10,5,1,193,11
47 , 360 , 1108,11,3,2,172,8
47 , 370 , 1161,1,13,6,146
47 , 380 , 1141,1,13,9,147
47 , 390 , 1,1061,7,2,120,3
47 , 400 , 1,976,3,2,1,88,1
47 , 410 , 983,6,3,1,1,75,1
47 , 420 , 914,6,6,1,1,72
47 , 430 , 913,3,6,1,1,76
47 , 440 , 919,5,3,1,1,66
47 , 450 , 1017,3,1,1,2,61
47 , 460 , 1105,2,56
47 , 470 , 1091,2,45
47 , 480 , 1121,1,42
47 , 490 , 1212,34
47 , 500 , 1235,23
47 , 510 , 1214,24
47 , 520 , 1238,16
47 , 530 , 1134,22
47 , 540 , 1072,16
47 , 550 , 1157,26
47 , 560 , 1214,29
47 , 570 , 1227,28
47 , 580 , 1120,23,1
47 , 590 , 1074,17
47 , 600 , 1080,11
48 , 110 , 1,1,2,1,2,1,2,14,217,7,1,1,1,13,1,6,6,2,1,273,2,2,1,1,1,8,1,1,1,5,23,2,1,1,1,1,3,1,131,1,6,6,1,10,2,4,200,4,1,1,21,2,1,8,3,1,1,1,10,1,1,1,1,1,9,1,2,1,1,40,2,3,5,1,1,20,1,1,1,1,1,2,2,1
48 , 120 , 1,1,1,1,2,1,1,1,19,386,1,1,1,6,3,16,1,3,14,2,1,516,2,1,1,1,9,3,1,1,1,5,34,1,1,3,1,1,3,1,246,1,8,6,1,14,2,4,418,5,1,29,2,2,1,9,4,1,7,1,12,1,1,1,11,1,2,1,1,47,1,3,8,1,1,2,27,1,1,1,1,2,2,1
48 , 130 , 1,1,1,1,21,333,5,1,2,1,19,2,5,2,1,460,2,1,1,6,1,1,1,13,1,2,3,1,252,9,4,1,9,1,3,422,2,1,18,1,4,4,1,1,7,6,1,2,38,1,2,5,1,17,1,1,2,1
48 , 140 , 1,1,1,10,284,3,15,2,6,1,2,1,2,5,1,1,12,454,1,253,10,1,1,3,2,391,9,1,1,1,3,1,2,54,1,2,1,8,2
48 , 150 , 1,5,276,1,15,2,1,2,2,4,1,15,448,234,6,1,5,1,396,7,1,1,1,1,1,40,1,2,8,1
48 , 160 , 1,4,258,1,8,1,1,4,2,1,9,399,268,7,4,1,365,1,1,1,1,36,1,6,1
48 , 170 , 3,3,2,1,368,1,36,4,225,1,7,1,2,2,5,1,1,1,259,400,3
48 , 180 , 3,2,1,1,323,34,5,175,5,2,1,6,1,1,268,380
48 , 190 , 1,1,1,348,28,2,143,4,1,6,1,4,286,326
48 , 200 , 1,355,18,133,3,1,8,2,256,283
48 , 210 , 364,14,147,4,1,13,1,242,293
48 , 220 , 397,11,135,5,1,1,10,247,260
48 , 230 , 434,19,109,5,1,1,9,255,235
48 , 240 , 938,35,198,5,1,23,509,434
48 , 250 , 986,21,146,7,11,474,414
48 , 260 , 986,17,106,3,8,463,379
48 , 270 , 1,959,14,98,1,14,360,339
48 , 280 , 1,937,8,79,1,9,333,276
48 , 290 , 2,993,11,63,1,7,328,251
48 , 300 , 998,4,62,1,6,292,214
48 , 310 , 937,6,47,4,228,219
48 , 320 , 1028,2,40,1,237,179
48 , 330 , 1084,1,227,207,30
48 , 340 , 1010,26,197,223
48 , 350 , 1002,211,182,21
48 , 360 , 972,208,192,14
48 , 370 , 1015,9,198,226
48 , 380 , 1008,11,178,213
48 , 390 , 1089,188,156,5
48 , 400 , 1026,178,142,3
48 , 410 , 1082,214,136
48 , 420 , 1114,209,144
48 , 430 , 1174,180,130
48 , 440 , 1316,171,118
48 , 450 , 1354,184,127,1
48 , 460 , 1350,3,180,149,1
48 , 470 , 1247,1,1,183,136,1
48 , 480 , 1280,190,103,1
48 , 490 , 1306,168,106
48 , 500 , 1204,131,94
48 , 510 , 1262,138,91
48 , 520 , 1209,140,86,1
48 , 530 , 1221,152,71
48 , 540 , 1130,121,58
48 , 550 , 1193,124,48
48 , 560 , 1216,114,44,1
48 , 570 , 1138,100,42
48 , 580 , 1125,101,42,1
48 , 590 , 1141,65,36
48 , 600 , 1307,58,27
49 , 110 , 2,1,1,1,3,1,1,16,39,4,4,20,2,5,444,16,14,3,1,18,2,2,2,2,1,2,1,1,1,2,10,19,1,5,1,4,1,1,3,1,3,2,9,3,2,4,21,8,301,3,4,1,1,1,1,8,3,4,1,1,1,6,1,2,1,13,1,1,1,70,1,3,9,1,2,2,23,4,1,2,1,1,2
49 , 120 , 2,1,1,1,7,1,25,75,3,4,34,1,5,741,32,19,3,32,2,1,1,2,1,2,2,2,2,2,2,11,22,1,5,1,4,1,1,3,1,3,2,10,3,2,10,32,9,580,1,1,6,1,1,1,10,3,5,1,1,1,6,1,2,1,19,1,1,1,99,1,5,17,1,2,2,35,4,3,6,1,2,2
49 , 130 , 1,3,19,58,5,1,37,7,686,30,12,1,22,1,1,18,2,1,7,14,3,1,3,1,1,2,1,6,3,1,8,1,3,553,1,4,1,1,13,1,2,1,2,1,1,11,1,86,4,7,33,1,2,1,1,1
49 , 140 , 2,14,39,1,1,19,3,591,29,11,23,2,3,12,1,1,2,1,3,1,1,2,14,1,560,1,3,6,3,1,1,12,70,1,2,14,1,1
49 , 150 , 1,11,26,2,1,12,2,484,13,11,25,1,1,10,1,1,1,1,13,496,3,3,7,1,1,2,48,2,9
49 , 160 , 1,13,2,487,1,1,41,9,22,6,1,9,9,7,418,11,8,1,26
49 , 170 , 1,9,2,460,1,1,37,8,17,3,5,6,7,394,10,6,1,19
49 , 180 , 2,14,2,980,2,1,59,11,23,3,5,10,10,707,13,6,1,31
49 , 190 , 8,1,893,39,5,12,1,1,5,5,602,9,3,1,3,31
49 , 200 , 5,758,26,4,11,1,2,2,5,589,5,3,23
49 , 210 , 5,1,778,26,2,9,1,1,5,507,6,34
49 , 220 , 8,786,20,2,15,1,465,4,46
49 , 230 , 6,688,18,1,19,1,413,1,48
49 , 240 , 4,690,14,1,15,2,381,2,58
49 , 250 , 8,654,1,19,2,12,3,327,1,49
49 , 260 , 11,1286,34,3,22,1,611,2,85
49 , 270 , 11,1301,33,6,10,565,2,89
49 , 280 , 18,1243,34,3,14,484,1,79
49 , 290 , 14,1174,28,1,16,451,1,75
49 , 300 , 3,1017,25,1,13,342,62
49 , 310 , 2,896,10,15,246,51
49 , 320 , 2,849,5,13,214,46
49 , 330 , 2,849,5,12,183,35
49 , 340 , 2,798,4,14,1,148,33
49 , 350 , 3,1619,4,35,3,278,61
49 , 360 , 1651,1,45,3,214,60
49 , 370 , 1729,1,40,2,188,48
49 , 380 , 1755,1,30,2,130,45
49 , 390 , 1763,1,46,115,29
49 , 400 , 1597,89,34,24
49 , 410 , 1620,1,17,63,30
49 , 420 , 1769,54,24,8
49 , 430 , 1710,25,51,5
49 , 440 , 1682,23,34,8
49 , 450 , 1606,1,12,35,3
49 , 460 , 1555,35,12,2
49 , 470 , 1687,3,15,33
49 , 480 , 1805,24,14,1
49 , 490 , 1829,7,17
49 , 500 , 1805,6,17
49 , 510 , 1806,15,8
49 , 520 , 1865,11,9
49 , 530 , 1917,14,12
49 , 540 , 1842,5,15
49 , 550 , 1755,3,11
49 , 560 , 1834,9,4
49 , 570 , 1949,8,6
49 , 580 , 1822,8,11
49 , 590 , 1637,3,12
49 , 600 , 1720,1,11
