0 , 110 , 1.1601675304354642,0.5084821520571325
0 , 120 , 1.4641587513015146,0.4682477778089414
0 , 130 , 1.3747478043494195,1.2481811565704124
0 , 140 , 0.5224404937327262,0.3847356154790948
0 , 150 , 0.5446407900421221,0.3220201343254894
0 , 160 , 0.8170882212590381,0.3405070305829187
0 , 170 , 0.5468920581991812,0.3888715727721155
0 , 180 , 0.2848458636803685,0.5642133290721093
0 , 190 , 0.329500337495101,1.0912076044641046
0 , 200 , 0.3446968721861387,0.6813205031118248
0 , 210 , 0.1283117694826534,0.35350084724032604
0 , 220 , 0.1684744611215395,1.007657471534362
0 , 230 , 0.38567581802920414,0.3942595707865169
0 , 240 , 0.2311246810566322,0.22971270779356542
0 , 250 , 0.23315011873937538,0.49291999925515007
0 , 260 , 0.0,0.701273566232756
0 , 270 , 0.0,0.20917221670458058
0 , 280 , 0.0,0.49002652305885996
0 , 290 , 0.3257519420394186,0.6365461375342825
0 , 300 , 0.23315011873937538,0.4932099814807117
0 , 310 , 0.21720135690766468,0.616650678795851
0 , 320 , 0.23315011873937538,0.4187298562680329
0 , 330 , 0.0,0.5253699100060614
0 , 340 , 0.23315011873937538,0.9957737399802112
0 , 350 , 0.23315011873937538,0.5134677117276081
0 , 360 , 0.306128118826617,0.22995783036433365
0 , 370 , 0.3257519420394186,0.3199823766565677
0 , 380 , 0.0,0.09266831489176454
0 , 390 , 0.0,0.24888857853010585
0 , 400 , 0.0,0.30302029660184554
0 , 410 , 0.0,0.05111392870572028
0 , 420 , 0.0,0.17160541759941336
0 , 430 , 0.3257519420394186,0.4611709385088374
0 , 440 , 0.0,0.4684916915451026
0 , 450 , 0.39857276056489477,0.19905346876738547
0 , 460 , 0.0,0.5933682339757932
0 , 470 , 0.0,0.3589399828412694
0 , 480 , 0.0,0.12073828337367846
0 , 490 , 0.0,0.06362142007286005
0 , 500 , 0.0,0.0
0 , 510 , 0.5568766230960508,0.15570991400846326
0 , 520 , 0.5568766230960508,0.24952720104784062
0 , 530 , 0.0,0.0
0 , 540 , 0.0,0.46325721026926514
0 , 550 , 0.0,0.0
0 , 560 , 0.0,0.0
0 , 570 , 0.0,0.0
0 , 580 , 0.0,0.0
0 , 590 , 0.0,0.0
0 , 600 , 0.0,0.0
1 , 110 , 4.660420153280214,0.8139715869757603
1 , 120 , 6.709131965193785,1.547944114174938
3 , 110 , 0.15135660804048895,0.9773664024535732
3 , 120 , 0.10049266945112405,0.636834108344336
3 , 130 , 0.16610571130554563,0.598507987677874
3 , 140 , 0.22036119874284182,0.6173950624972718
3 , 150 , 0.21176545248627016,1.7591002629472012
3 , 160 , 0.7601095355476886,0.4038912864728337
3 , 170 , 0.6923855574841244,0.29690608099913973
3 , 180 , 0.5329348578398999,1.7233939391221484
3 , 190 , 0.9796294844082674,2.199851559953695
3 , 200 , 0.909684883875821,0.2611213851653478
3 , 210 , 1.0604122791162098,0.17660891281909238
3 , 220 , 1.5842094058076401,2.486094526876221
3 , 230 , 1.7270762404136928,0.19854741804421033
4 , 110 , 0.6369279051574888,0.622514528063006
4 , 120 , 0.451592434240147,0.6265261213870846
4 , 130 , 0.5531996417461016,0.5275429967709004
4 , 140 , 0.5201556047447626,1.1041340744130255
4 , 150 , 0.4676163723835127,0.5012929955991968
4 , 160 , 0.31739203860995024,0.32960828954211946
4 , 170 , 0.18251066778093325,0.36108266633659986
4 , 180 , 0.4439369775445431,0.4962489522398481
4 , 190 , 0.43705496452606873,0.6661194770997166
4 , 200 , 0.12511900431963607,0.6354934348244162
4 , 210 , 0.09125475099577963,0.870364375626516
4 , 220 , 0.0612315617854366,0.45066349641267595
4 , 230 , 0.06739400597376118,0.7506010931283267
4 , 240 , 0.0,0.2759724873239021
4 , 250 , 0.07494137495084631,0.2353375751632128
4 , 260 , 0.07494137495084631,0.8680686004941878
4 , 270 , 0.0,0.31509091919064836
4 , 280 , 0.05177054782818081,1.089835458568948
4 , 290 , 0.0,0.645669011019682
4 , 300 , 0.0,0.5003247484084046
4 , 310 , 0.0,0.3828981646469316
4 , 320 , 0.0,0.5623187728242539
4 , 330 , 0.0,0.4673313016973303
4 , 340 , 0.0,0.2682320422830069
4 , 350 , 0.0,0.3012237203247104
4 , 360 , 0.14398931398553938,1.0112547674808403
4 , 370 , 0.0,0.0924075285500854
4 , 380 , 0.0,0.28541199696630226
4 , 390 , 0.20294153981858848,0.3761530913867245
4 , 400 , 0.20294153981858848,0.47237091081815274
4 , 410 , 0.0,0.19051525055344407
4 , 420 , 0.0,0.18952775442710995
4 , 430 , 0.0,0.12415873857807401
4 , 440 , 0.0,0.1722701534568429
4 , 450 , 0.0,0.2847940176140538
4 , 460 , 0.0,0.28390457643285916
4 , 470 , 0.0,1.11245684324499
4 , 480 , 0.0,0.29520425613179424
4 , 490 , 0.0,0.25142109715622074
4 , 500 , 0.0,0.1888215977082641
4 , 510 , 0.0,0.11047141133003542
4 , 520 , 0.0,0.3704141018342071
4 , 530 , 0.0,0.031065808169161675
4 , 540 , 0.0,1.1733415513706669
4 , 550 , 0.08774603377652151,0.05622141252968501
4 , 560 , 5.806190502605272e-33,0.25294985122472846
4 , 570 , 0.12555208479013746,0.18739393850703776
4 , 580 , 0.12555208479013746,0.3320280881333972
4 , 590 , 0.0,0.6560328565646976
4 , 600 , 0.0,4.107951263312417
5 , 110 , 0.5283334659959746,0.9899651744943597
5 , 120 , 0.5549568237185019,0.4907160508741304
5 , 130 , 0.7953961193965535,0.6623372398713375
5 , 140 , 0.773140651070227,0.5503347508306546
5 , 150 , 0.7210178181775103,1.1548713970283906
5 , 160 , 0.8161173211652829,1.0898554630395314
5 , 170 , 1.016165860415994,0.7386689599410089
5 , 180 , 1.4957562825307729,0.45558174765692183
5 , 190 , 1.52831786117459,1.1937930313045821
5 , 200 , 1.704288587893669,0.45464111122955864
5 , 210 , 2.2931771473871163,0.5516131885939543
5 , 220 , 1.5342511314405443,0.3356157421260805
5 , 230 , 1.0245921682447245,7.209741928235319
5 , 240 , 1.5531418597526943,0.358317847280083
5 , 250 , 3.1062837195053885,19.131957274589983
5 , 260 , 1.5531418597526943,3.594107206182069
5 , 270 , 2.4616716060083372,1.1989778467157897
5 , 280 , 0.9085297462556432,1.1989778467157877
5 , 290 , 1.55784290367178,0.7927910881100011
5 , 300 , 1.0814346759030153,0.6688240982597599
5 , 310 , 1.0814346759030153,1.0
5 , 320 , 0.5500033542086157,1.0
5 , 560 , 0.7032881918801804,1.0
5 , 570 , 0.4443859377862612,1.0
6 , 110 , 0.5102290815262421,0.4737612235375753
6 , 120 , 0.44385257855213583,0.530143618922035
6 , 130 , 0.34400142007504986,0.7046084395568915
6 , 140 , 0.32489616961118656,0.4857473222689512
6 , 150 , 0.4245973900802756,0.3871429863225237
6 , 160 , 0.3866255936870129,0.3675767304615567
6 , 170 , 0.5483111622805316,0.37934534782316603
6 , 180 , 0.2823231008323871,0.462929567400768
6 , 190 , 0.26679431166712386,0.46278301792379833
6 , 200 , 0.2590753551051383,0.4065755999068522
6 , 210 , 0.1904511671311905,0.3077648211029566
6 , 220 , 0.34192301448786877,0.34341848321882523
6 , 230 , 0.383219267524607,0.363300161753318
6 , 240 , 0.047767117270910056,0.6000951473894314
6 , 250 , 0.19526120598231275,0.2283835228854901
6 , 260 , 0.4157384834151259,0.31384423456852584
6 , 270 , 0.09654748839763773,0.19978798382106985
6 , 280 , 1.7750762628227897e-31,0.3826281405437331
6 , 290 , 0.37355278453781315,0.19216023618829597
6 , 300 , 1.7750762628227897e-31,0.4564010640047457
6 , 310 , 0.2511457247866463,0.6426610050225652
6 , 320 , 1.7750762628227897e-31,0.33132269453256163
6 , 330 , 0.13786721824343895,0.2421719196248304
6 , 340 , 0.08679569386700695,0.6627848679284493
6 , 350 , 0.37355278453781315,0.28982377704134105
6 , 360 , 0.37355278453781315,0.27355134602552755
6 , 370 , 0.37355278453781315,1.268845720366298
6 , 380 , 0.3119702596984876,0.21960106507851523
6 , 390 , 0.13786721824343895,0.39076833682670464
6 , 400 , 0.48683129108102047,0.3226136261322264
6 , 410 , 0.3992776072865291,0.4916509052902941
6 , 420 , 0.4432544822434739,0.1254258316972672
6 , 430 , 0.552598035601315,1.1252460509648654
6 , 440 , 0.3613590398060811,0.39728102270917565
6 , 450 , 0.4175049576947685,0.6929426392622128
6 , 460 , 0.39267045081332314,0.1457157839076648
6 , 470 , 0.16682084850107542,0.6872213320063779
6 , 480 , 0.19633522540666157,0.14911634479358565
6 , 490 , 0.19633522540666157,0.23731934046945646
6 , 500 , 0.16682084850107542,0.013797821483466716
6 , 510 , 0.19633522540666157,0.08774788219360999
6 , 520 , 0.19633522540666157,0.4653485213237146
6 , 530 , 0.0,0.0
6 , 540 , 0.14676797152400306,0.4886097613817356
6 , 550 , 0.0,0.0
6 , 560 , 0.0,0.0
6 , 570 , 0.0,0.0
6 , 580 , 0.0,0.0
6 , 590 , 0.0,0.0
6 , 600 , 0.0,0.0
7 , 110 , 0.684492201162548,1.137840868111747
7 , 120 , 0.6181832507575936,0.67873225452831
7 , 130 , 0.563595114705569,0.5632132828579349
7 , 140 , 0.5348946501035792,0.7110070046896396
7 , 150 , 0.4596439103833429,0.4460941772504202
7 , 160 , 0.5402469449103768,0.4269225728216625
7 , 170 , 0.5213691387199911,0.9950099240521734
7 , 180 , 0.6643507764569204,0.31310903745581525
7 , 190 , 0.4952162476986738,1.4210605211315135
7 , 200 , 0.505525155849918,0.3097842533591719
7 , 210 , 0.42190991729451593,0.3719104900444127
7 , 220 , 0.35239048489377145,0.24235971116038932
7 , 230 , 0.2916666318071027,0.3037807567849938
7 , 240 , 0.725947676001735,0.7150109091849447
7 , 250 , 0.41550182785123096,0.20041246560950718
7 , 260 , 0.09452874000196719,0.5357542852020533
7 , 270 , 0.29363308609346844,0.16705395097109974
7 , 280 , 0.29323796138321656,0.17606414603671172
7 , 290 , 0.4653974304291743,0.11048389150739425
7 , 300 , 0.0,0.03944340922829019
7 , 310 , 0.7372205645338421,0.16600568164967575
7 , 320 , 0.0,0.42136927685387293
7 , 330 , 0.0,0.584844475062413
7 , 340 , 0.0,0.2288799040583269
7 , 350 , 0.0,0.033745839621547515
7 , 360 , 0.0,0.6029661273840451
7 , 370 , 0.0,0.0
7 , 380 , 0.0,0.0
7 , 390 , 0.0,0.0
7 , 400 , 0.0,0.0
7 , 410 , 0.0,0.0
7 , 420 , 0.0,0.0
7 , 440 , 0.0,0.0
7 , 450 , 0.0,0.0
7 , 470 , 0.0,0.0
7 , 490 , 0.0,0.0
7 , 500 , 0.0,0.0
8 , 110 , 0.5964523209590868,0.5963478578203001
8 , 120 , 0.49999091241523225,0.6192973374593906
8 , 130 , 0.4846082844742621,0.6512706417516254
8 , 140 , 0.5201637919683686,0.664307815625386
8 , 150 , 0.46907223025632444,0.7663581813788853
8 , 160 , 0.3710102522927607,0.899955589823296
8 , 170 , 0.30764966608937094,1.1870679141992961
8 , 180 , 0.32570751418575883,0.7581245435418027
8 , 190 , 0.3106898235776726,0.6912622862257006
8 , 200 , 0.5129357021271134,0.7165428313389263
8 , 210 , 0.7385395685303842,0.6016014806422715
8 , 220 , 0.10302225516153368,0.5556026956166751
8 , 230 , 0.6452525839364831,0.3376722155777319
8 , 240 , 0.5369026483608694,0.8437691709884065
8 , 250 , 0.5045529220529199,0.8552346205345307
8 , 260 , 0.4071451879067052,1.4853296356220436
8 , 270 , 0.3461516126535923,1.8578525782287065
8 , 280 , 0.2089395547896393,1.6173253711109412
8 , 290 , 0.49144199133103506,0.2845621190125403
8 , 300 , 0.4752736389846866,0.7456165803456222
8 , 310 , 0.1630420216620196,0.8849988572045473
8 , 320 , 0.19647341962952528,0.739703583155493
8 , 330 , 0.44345653023780374,1.3586266710992867
8 , 340 , 0.5012936060374907,0.3394527882316314
8 , 350 , 0.7399097059420946,0.5545194278215773
8 , 360 , 0.3694361402251395,0.6344817032086186
8 , 370 , 0.8276672363134332,0.2975745999603551
8 , 380 , 0.543306191373229,1.00224486636959
8 , 390 , 0.737220564533842,2.1841576904292204
8 , 400 , 0.43124638501277873,0.9058972447166952
8 , 410 , 0.30522229935147593,0.7373561413838889
8 , 420 , 0.9989413372588613,0.24491968230066224
8 , 430 , 0.9989413372588613,2.679012996070913
8 , 440 , 0.9989413372588613,0.7498548463167855
8 , 450 , 1.5832845599755405,52.7777819903246
8 , 460 , 2.248278052800965,9.584358956627906
8 , 470 , 0.0,0.0
8 , 480 , 0.0,0.0
8 , 490 , 0.0,0.0
8 , 510 , 0.521780967113602,0.30102999566398125
8 , 520 , 0.521780967113602,1.4490297927826188
8 , 530 , 0.521780967113602,0.27894294565112976
8 , 540 , 0.521780967113602,7.9661672362977685
11 , 110 , 1.6311437376878137,0.47271461107637963
11 , 120 , 1.733101714483594,0.3820126834763681
11 , 130 , 1.599722722145207,0.2370043836723795
11 , 140 , 0.0,9.573520434977253
12 , 110 , 0.618853035603491,1.9353209590700768
12 , 120 , 0.6371324492863986,0.7546802406478698
12 , 130 , 0.5520801024505335,0.5071611504392146
12 , 140 , 0.4874288413975907,0.39700368731476043
12 , 150 , 0.4578292158732956,0.32993635137690414
12 , 160 , 0.3682353273008073,0.4402687926405166
12 , 170 , 0.3988997872882389,0.42564782001738866
12 , 180 , 0.502552271460486,2.4986264166974106
12 , 190 , 0.19915625854993263,0.572617687245086
12 , 200 , 0.13844979767129334,0.35366176362880336
12 , 210 , 0.23660825452070383,0.3565361650447207
12 , 220 , 0.23667121701953028,1.419136581798571
12 , 230 , 0.29363677314498715,0.3171699903479355
12 , 240 , 0.40407908736183973,0.5179156692322501
12 , 250 , 0.05686033985150347,1.8603203484163475
12 , 260 , 0.23655481796862862,0.39591460133801853
12 , 270 , 0.1908987497467561,2.2480582616043696
12 , 280 , 0.2892750647830009,0.4580790593289907
12 , 290 , 0.2032576857814891,0.32333223827351265
12 , 300 , 0.2032576857814891,0.2702216481814053
12 , 310 , 0.20312203841203436,0.23690065338895094
12 , 320 , 0.31276055573447153,0.6176434634438035
12 , 330 , 0.062280348446796384,0.25656462618729264
12 , 340 , 0.23644960169467527,0.3045558608338776
12 , 350 , 0.06419694613245323,0.4216226613150013
12 , 360 , 0.06419694613245323,2.157621728212294
12 , 370 , 0.0,0.27056974338042
12 , 380 , 0.0,1.5794908135725818
12 , 390 , 0.0,0.2891573549079225
12 , 400 , 0.0,0.4282785668736836
12 , 410 , 0.0,0.01564774898996591
12 , 420 , 0.0,0.5815462667808075
12 , 430 , 0.0,0.2990599570757917
12 , 440 , 0.1383141503018386,0.4847492542596501
12 , 450 , 0.06419694613245323,1.7350584608885693
12 , 460 , 0.0,0.07436358586814311
12 , 470 , 0.0,0.17007458327609956
12 , 480 , 0.0,0.3261163865890877
12 , 490 , 0.0,0.33891457879655584
12 , 500 , 0.0,0.3710813067416332
12 , 510 , 0.06419694613245323,0.5062968700601466
12 , 520 , 0.23644960169467533,0.012035712884234892
12 , 530 , 0.23644960169467533,1.1870139773934563
12 , 540 , 0.23644960169467533,0.06631323171175847
12 , 550 , 0.10974540428370991,0.10591579113170305
12 , 560 , 0.1383141503018386,0.13782484724704513
12 , 570 , 0.3006465478271286,0.4226627473844671
12 , 580 , 0.0,0.0
12 , 590 , 0.0,0.0
12 , 600 , 0.0,0.0
13 , 110 , 0.5023944913223579,0.5156206757160349
13 , 120 , 0.5828120402680939,0.4609134866011255
13 , 130 , 0.5119709774517457,0.4904057743274709
13 , 140 , 0.6049260479859083,0.3866510573858133
13 , 150 , 0.22695486815979218,0.49711725479936614
13 , 160 , 0.1558039964304882,0.29918852691153813
13 , 170 , 0.20959466147139647,0.41189705803470456
13 , 180 , 0.1348853109397329,0.3598308318396426
13 , 190 , 0.17774331152485956,0.6922976172855718
13 , 200 , 0.12328748745683461,0.3359536599991838
13 , 210 , 0.09873565733995977,0.3067329035412981
13 , 220 , 0.15444122862308587,0.32084916066117247
13 , 230 , 0.07478267074088374,0.43101311236224893
13 , 240 , 0.11911341996175032,0.18775079911539103
13 , 250 , 0.0,1.5841390335275554
13 , 260 , 0.18018292532800956,0.2712811086604925
13 , 270 , 7.895099530296882e-33,0.15200585654042933
13 , 280 , 7.895099530296882e-33,0.5738984253538665
13 , 290 , 0.06967688401027475,0.3602270385574809
13 , 300 , 0.0,0.21752206674577293
13 , 310 , 0.0,0.14633729169315263
13 , 320 , 0.11911341996175032,0.49978142249925905
13 , 330 , 0.11911341996175032,0.29407774606696624
13 , 340 , 0.11911341996175032,0.7343123905445886
13 , 350 , 0.0,0.1867584455681544
13 , 360 , 0.1637362092941948,0.7670909417666458
13 , 370 , 0.18018292532800956,0.42226518800550816
13 , 380 , 0.18018292532800956,0.10942995829362047
13 , 390 , 0.20729891726084512,0.3886780318480129
13 , 400 , 0.18018292532800956,0.24285838764971415
13 , 410 , 0.18018292532800956,0.11795694613625111
13 , 420 , 0.20729891726084512,0.5818609062095221
13 , 430 , 0.1637362092941948,0.09737879650785788
13 , 440 , 0.18018292532800956,0.646717319616815
13 , 450 , 0.0,0.0
13 , 460 , 0.0,0.0
13 , 470 , 0.0,0.0
13 , 480 , 0.0,0.0
13 , 490 , 0.0,0.28925273426657466
13 , 500 , 0.1637362092941948,0.14158599652833143
13 , 510 , 0.1637362092941948,0.11559177739360332
13 , 520 , 0.0,0.0
13 , 530 , 0.0,0.0
13 , 540 , 0.20729891726084512,0.15818889966838687
13 , 550 , 0.0,0.0
13 , 560 , 0.0,0.0
13 , 570 , 0.0,0.0
13 , 580 , 0.0,0.0
13 , 590 , 0.0,0.0
13 , 600 , 0.0,0.0
15 , 110 , 0.23684158989145015,0.6939353739526868
15 , 120 , 0.21798483075596764,0.6241695584169569
15 , 130 , 0.21192200794471144,0.6420384794765203
15 , 140 , 0.1908290353635287,0.7304412022516508
15 , 150 , 0.19309110127524556,0.6108091811092733
15 , 160 , 0.21547032723837148,0.628534295784207
15 , 170 , 0.28791351151606825,0.5944279916966468
15 , 180 , 0.21254365895844338,0.8474347253391395
15 , 190 , 0.19793153081328435,2.6351715441976187
15 , 200 , 0.1848566077771205,1.0325589674932139
15 , 210 , 0.16283384983072033,0.49822472974040094
15 , 220 , 0.1371982363664745,0.4470188055472029
15 , 230 , 0.15988741333542403,0.5021393801186678
15 , 240 , 0.199342653792086,0.6773968783842265
15 , 250 , 0.21413222631196738,0.4566142372112577
15 , 260 , 0.17105008758233067,0.5571253486132404
15 , 270 , 0.14217195806806152,0.305943925835594
15 , 280 , 0.1852347699953423,0.38244157030486675
15 , 290 , 0.19980155507198116,0.5594309589254362
15 , 300 , 0.16102220101174988,0.47519683088741055
15 , 310 , 0.16892973163287064,0.47763171216052946
15 , 320 , 0.11410329971887342,0.4887253669352723
15 , 330 , 0.10824817085888948,0.34914466023998275
15 , 340 , 0.10824817085888948,0.4502789928445549
15 , 350 , 0.1805866115516415,0.41297683395178836
15 , 360 , 0.08689241845588379,2.222146052609419
15 , 370 , 0.22052516644651993,0.2763537801615026
15 , 380 , 0.2140695819642804,0.36014355423054734
15 , 390 , 0.05370431794544453,0.14256461074854673
15 , 400 , 0.3287733373054094,0.7434578284730868
15 , 410 , 0.38734601494759535,0.2847678641185633
15 , 420 , 0.1483782187063326,0.2129759334494323
15 , 430 , 0.22326626872595068,0.3211153877484203
15 , 440 , 0.2967564374126652,2.1667661612520623
15 , 450 , 0.1483782187063326,0.09799331303330913
15 , 460 , 0.23517391257333956,0.11913342166760656
15 , 470 , 0.23517391257333956,0.14335337053929803
15 , 480 , 0.23517391257333956,0.2245246362823556
15 , 490 , 0.23517391257333956,0.7362171761487061
15 , 500 , 0.23517391257333956,0.1043404446286419
15 , 510 , 0.23517391257333956,0.181966918850526
15 , 520 , 0.23517391257333956,0.1151935100851309
15 , 530 , 0.23517391257333956,0.09710724284143799
15 , 540 , 0.23517391257333956,0.48174144113147677
15 , 550 , 0.23517391257333956,0.1464407249981743
15 , 560 , 0.23517391257333956,3.2688107341587194
15 , 570 , 0.1483782187063326,0.10423284592008465
15 , 580 , 0.1483782187063326,0.1208781074345338
15 , 590 , 0.2729355943499962,0.34587756917358203
15 , 600 , 0.0,0.0
16 , 110 , 0.8064649869352266,0.45577162060896437
16 , 120 , 0.9315695942460028,0.5847873670391392
16 , 130 , 0.821217416353293,0.3005852035380046
16 , 140 , 0.37504479742016383,0.5941163982631905
16 , 150 , 0.33411996247523956,0.4342371251422861
16 , 160 , 0.30091008732090213,0.35142279346690325
16 , 170 , 0.18272194755787705,0.5025554614517325
16 , 180 , 0.21656166755774992,0.4017416029304891
16 , 190 , 0.6503799641767755,0.2021835042383743
16 , 200 , 0.3116959076151505,13.854818291244838
16 , 210 , 0.22331078930728318,0.32771402623415236
16 , 220 , 0.14402851626242047,0.28671523725020326
16 , 230 , 0.2761828087704884,0.23115936951488153
16 , 240 , 0.23991299031384083,1.223868108123358
16 , 250 , 0.15197868504187817,1.0725093339256302
16 , 260 , 0.0,2.316674508109056
16 , 270 , 0.6281567319913061,0.9251199144165406
16 , 280 , 0.0,465.8470092874948
16 , 290 , 0.0,0.0
16 , 300 , 0.0,0.0
16 , 310 , 0.0,0.0
16 , 330 , 0.0,0.2036704227441454
16 , 340 , 0.0,0.0
17 , 110 , 0.7689436458198616,0.581138687684082
17 , 120 , 0.7198721381569109,0.5008982364705273
17 , 130 , 0.8016508421106494,0.7359964774927559
17 , 140 , 0.9454765429184038,0.3530048068367511
17 , 150 , 0.6915730062134814,0.43936792348703707
17 , 160 , 0.9351393489669871,0.3495229286848976
17 , 170 , 0.8962898299639598,0.31876686463458676
17 , 180 , 0.8580941040594092,0.305245609020844
17 , 190 , 0.7957462150630847,0.270087153634182
17 , 200 , 0.9871597401421387,1.3734907994175622
17 , 210 , 0.9801085875376646,0.430131856195373
17 , 220 , 0.8254324952060095,0.24360589470081923
17 , 230 , 0.6853713569167056,0.30841092944075704
17 , 240 , 0.0,0.5041678819134939
17 , 250 , 0.0,0.0
17 , 260 , 0.0,0.0
17 , 270 , 0.0,0.0
17 , 280 , 0.0,0.0
17 , 290 , 0.0,0.0
17 , 300 , 0.0,0.0
17 , 310 , 0.0,0.0
17 , 320 , 0.0,0.0
17 , 330 , 0.0,0.033377593521185696
17 , 340 , 0.5750724031756357,0.1570386980907789
17 , 350 , 0.5750724031756357,0.10567060396006317
17 , 360 , 0.0,0.0
17 , 370 , 0.0,0.0
17 , 380 , 0.0,0.0
17 , 390 , 0.0,0.0
17 , 400 , 0.0,0.679268291613749
17 , 410 , 0.0,0.7200924584595236
17 , 420 , 0.3363957910573448,0.21652662443379073
17 , 430 , 0.0,0.28884987722301064
17 , 440 , 0.0,1.0098268373507688
17 , 450 , 0.0,0.8908984685922865
17 , 460 , 0.0,0.49250431346243345
17 , 470 , 0.5750724031756357,0.07017033523684336
17 , 480 , 0.5750724031756357,0.31399745467455115
17 , 490 , 0.5750724031756357,0.15029404073420535
17 , 500 , 0.0,0.4601975889853664
17 , 510 , 0.5750724031756357,0.3829415297802434
17 , 520 , 0.0,0.6022903232308723
17 , 530 , 0.0,0.0
17 , 540 , 0.0,0.0
17 , 550 , 0.0,0.0
17 , 560 , 0.0,0.7330171473932098
17 , 570 , 0.0,0.0
17 , 580 , 0.0,0.3084840861886253
17 , 590 , 0.3300704443051569,0.6658173296829129
17 , 600 , 0.0,0.36593042062782233
18 , 110 , 0.38584910621805857,0.7146348143069239
18 , 120 , 0.2882275542204263,0.6431273762934344
18 , 130 , 0.2691726344643868,0.9402862502563436
18 , 140 , 0.18085791947919072,0.5298711156257454
18 , 150 , 0.1557367215631527,1.4022818121627252
18 , 160 , 0.10656651315176222,1.3888573350987075
18 , 170 , 0.2000034519487354,0.44442905156084456
18 , 180 , 0.16652124621010012,0.45377347439339594
18 , 190 , 0.1276542255769752,0.6241622507187667
18 , 200 , 0.08874258279397752,0.274378851286248
18 , 210 , 0.06868505305467576,0.38959565391255346
18 , 220 , 0.04942453738112204,0.7325658964830392
18 , 230 , 0.06215083159031973,0.580259030458067
18 , 240 , 0.0674834465666488,1.1231479131807698
18 , 250 , 0.0677658578067882,1.3913139061077542
18 , 260 , 0.15070456475272354,0.2576327890911964
18 , 270 , 0.12506107420184753,0.27125671265646706
18 , 280 , 0.08259306352250306,0.3618794313994067
18 , 290 , 0.1890740419973769,1.7282532974227953
18 , 300 , 0.08293870694593532,1.6805319663495266
18 , 310 , 0.08259306352250306,0.22720062701439386
18 , 320 , 0.2642143751451719,1.6254833795356307
18 , 330 , 0.1069265903502638,0.3964671645752472
18 , 340 , -8.392325183947234e-33,0.42879433813576273
18 , 350 , -8.392325183947234e-33,0.43185506453481565
18 , 360 , 0.10648097847487377,0.37773651215923415
18 , 370 , 0.1069265903502638,0.26549472650799316
18 , 380 , 0.1069265903502638,0.18176000547289176
18 , 390 , 0.1069265903502638,0.6325989993232946
18 , 400 , 0.10648097847487377,0.31828597674513814
18 , 410 , -8.392325183947234e-33,0.2614976694247158
18 , 420 , -8.392325183947234e-33,0.1535990569973906
18 , 430 , 0.1500765100891519,0.2604328506261721
18 , 440 , 0.4066339986531775,0.1807257603509879
18 , 450 , 0.4066339986531775,0.16101651688407378
18 , 460 , 0.4066339986531775,0.09798800709567453
18 , 470 , 0.4066339986531775,0.2624429082234025
18 , 480 , 0.5135605890034415,1.7989241475341895
18 , 490 , 0.5135605890034415,0.12150049663408169
18 , 500 , 0.5964992959493767,0.20105523152040747
18 , 510 , 0.5960536840739866,0.32732751567938345
18 , 520 , 0.6030825159915613,0.2744894948701445
18 , 530 , 0.5960536840739866,0.5531567274283877
18 , 540 , 0.5971273506129483,0.22812917810559616
18 , 550 , 0.4066339986531775,0.5640026656389345
18 , 560 , 0.4066339986531775,0.483109399493374
18 , 570 , 0.4083357198557109,0.8570488401233599
18 , 580 , 0.5131149771280514,0.391913773236673
18 , 590 , 0.514188643667013,0.2288476652425388
18 , 600 , 0.5135605890034415,0.27506036413289714
21 , 110 , 0.6830703641024078,1.045507410838346
21 , 120 , 0.6616699624375272,0.5502946160468839
21 , 130 , 0.7307422071256476,0.45082173445833285
21 , 140 , 0.12405834602342918,0.47457918526905485
21 , 150 , 0.18465323483555202,0.3751350273567076
21 , 160 , 0.06963272288229792,0.46708831548699875
21 , 170 , 0.09465948272270985,0.3728534709013594
21 , 180 , 0.10215725269811704,0.31527329739352944
21 , 190 , 0.4121728557349371,0.33589792993854284
21 , 200 , 0.27669232239358066,0.2343135944431522
21 , 210 , 0.2858596156279344,0.3206189353962333
21 , 220 , 0.37786571128542684,0.22956780030837756
21 , 230 , 0.3540054320838387,0.23746055645506237
21 , 240 , 0.18879030397202506,0.21011930900866221
21 , 250 , 0.30790372393377535,0.1738536767425571
21 , 260 , 0.30790372393377535,0.3384396753424341
21 , 270 , 0.15745937632555493,0.25916020834040976
21 , 280 , 0.29093812584565926,0.2908677321993334
21 , 290 , 0.0,0.30185133744048653
21 , 300 , 0.0,0.3203242683681842
21 , 310 , 0.0,0.22555096242953074
21 , 320 , 0.10981291882058924,0.25513628432214447
21 , 330 , 0.0,0.21383789792687932
21 , 340 , 0.0,0.18005629418724392
21 , 350 , 0.15477261624888455,0.13160264219071383
21 , 360 , 0.0,0.13049843256987315
21 , 370 , 0.0,0.06425771748206549
21 , 380 , 0.26458553506947385,0.027869076771928965
21 , 390 , 0.0,0.0
21 , 400 , 0.0,0.0
21 , 410 , 0.0,0.09521906133172434
21 , 420 , 0.0,0.10701459207574235
21 , 430 , 0.0,0.0800004318155251
21 , 440 , 0.0,0.02119124700149276
21 , 450 , 7.895099530296882e-33,1.7708796346592324
21 , 460 , 0.1637362092941948,0.26876090580981815
21 , 470 , 0.0,0.10727976591544947
21 , 480 , 0.0,0.0
21 , 490 , 0.0,0.0
21 , 500 , 0.0,0.0
21 , 510 , 0.0,0.0
21 , 520 , 0.0,0.0
21 , 530 , 0.0,0.0
21 , 540 , 0.0,0.0
21 , 550 , 0.0,0.5954332528899422
21 , 560 , 0.1637362092941948,0.0
21 , 570 , 0.0,0.0
21 , 580 , 7.895099530296882e-33,0.10677299077179239
21 , 590 , 0.0,1.1297188785110692
21 , 600 , 0.0,0.1637156256677545
22 , 110 , 0.24751174900145387,0.6212306305766581
22 , 120 , 0.3322278572680216,0.8691924687917654
22 , 130 , 0.3098948641097398,1.1672449982970157
22 , 140 , 0.655733098072017,0.38198248433375664
22 , 150 , 0.8807538080978797,0.45911385918059283
22 , 160 , 0.9636223875967335,0.44009221609302956
22 , 170 , 0.8608314624575761,0.5743272400168927
22 , 180 , 0.77673042921664,0.3876666596082478
22 , 190 , 0.0729479386388343,0.44854356903931275
22 , 200 , 0.11653083600622037,0.2835491818640757
22 , 210 , 0.11964884685046444,1.7325095247231221
22 , 220 , 0.05017016786000175,0.45591886625221295
22 , 230 , -3.911002468860596e-32,1.3687362701524073
22 , 240 , 0.19192645854891902,0.551475515344402
22 , 250 , 0.0,0.4880820449468852
22 , 260 , 0.0,0.3452214750782112
22 , 270 , 0.4127685771279645,0.46353139142595445
22 , 280 , 0.15234060047857675,1.1321438345266754
22 , 290 , 0.0,0.2325955267831485
22 , 300 , 0.0,0.2635060823374827
22 , 310 , 0.0,0.23062889676989945
22 , 320 , 0.0,0.15913786724348064
22 , 330 , 0.0,0.19803310915177302
22 , 340 , 0.0,0.7171421171393147
22 , 350 , 0.0,0.749798989001583
22 , 360 , 0.0,0.025688874424057033
22 , 370 , 0.2753858494767242,0.38720519847183815
22 , 380 , 0.0,0.8080997271614607
22 , 390 , 0.2604279766493878,0.4519369477966168
22 , 400 , 0.0,0.24147378491932908
22 , 410 , 0.0,0.0
22 , 420 , 0.0,0.0
22 , 430 , 0.0,0.9220218302224685
22 , 440 , 0.0,0.0
22 , 450 , 0.0,0.0
22 , 460 , 0.0,0.0
22 , 470 , 0.0,0.0
22 , 480 , 0.0,0.0
22 , 490 , 0.0,0.0
22 , 500 , 0.0,0.0
22 , 510 , 0.25763115510298734,0.40447609699506015
22 , 520 , 0.0,0.05132117918136703
22 , 530 , 0.0,0.1840879295560975
22 , 540 , 0.25763115510298734,2.0216876600249756
22 , 550 , 0.25763115510298734,1.4699699392920291
22 , 560 , 0.0,0.24011253405508357
22 , 570 , 0.0,0.4646096339902996
22 , 580 , 0.0,1.03111897196836
22 , 590 , 0.0,0.13361895440685517
22 , 600 , 0.25763115510298734,0.0
23 , 110 , 1.9476528765699623,0.5174644117902084
23 , 120 , 0.06879557538679772,0.347352384065031
23 , 130 , 0.0,0.10687574890161933
23 , 140 , 0.0,0.1675775840327094
24 , 110 , 0.1553742270186149,0.5039815201572607
24 , 120 , 0.08679514101106205,1.308942967949194
24 , 130 , 0.03958658491908336,0.4001268940399116
24 , 140 , 0.08171140011410528,0.2889076140738021
24 , 150 , 0.02373623910101104,0.209357315866592
24 , 160 , 0.5104526796965376,0.2798106553542706
24 , 170 , 0.47371030808747894,0.20106236221942037
24 , 180 , 0.0,0.24161693322430694
24 , 190 , 0.0,0.185113382005955
24 , 200 , 0.4118075087488607,0.8501885398662536
24 , 210 , 0.0,0.6914058067072552
24 , 220 , 0.17091555861537774,1.723937292911464
24 , 230 , 0.34744702675457806,0.3214207483161294
24 , 240 , 0.0,0.034852341698182236
24 , 250 , 0.0,0.6869459173370892
24 , 260 , 0.0,0.03601057198782926
24 , 270 , 0.0,0.1838860089131214
24 , 280 , 0.0,0.16549331544141177
24 , 290 , 0.0,0.15844674362969388
24 , 300 , 0.0,0.8109669246602392
24 , 310 , 0.0,0.5286884371675676
24 , 320 , 0.0,1.0495875283396991
24 , 330 , 0.0,0.5288677530315834
24 , 340 , 0.0,0.12971281339752708
24 , 350 , 0.2408919501334829,0.06472811862278874
24 , 360 , 0.4118075087488607,1.2634055710117789
24 , 370 , 0.0,1.572036041016968
24 , 380 , 0.0,0.38948030744230666
24 , 390 , 0.2408919501334829,0.14188899164092728
24 , 400 , 0.0,0.0
24 , 410 , 0.0,0.0
24 , 420 , 0.0,0.0
24 , 430 , 0.0,0.0
24 , 440 , 0.0,0.0
24 , 450 , 0.0,0.0
24 , 460 , 0.0,0.0
24 , 470 , 0.0,0.578307312128333
24 , 480 , 0.0,0.5883608382253607
24 , 490 , 0.0,0.0
24 , 500 , 0.0,0.0
24 , 510 , 0.0,0.5539933612182566
24 , 520 , 0.0,0.5509998437827444
24 , 530 , 0.0,0.5424709937126232
24 , 540 , 0.0,0.0
24 , 550 , 0.0,0.0
24 , 560 , 0.0,0.521111394262335
24 , 570 , 0.0,0.5123198287474469
24 , 580 , 0.0,0.0
24 , 590 , 0.0,0.5354845193281563
24 , 600 , 0.0,0.4267256070124379
25 , 110 , 0.3712235243889832,0.6909988026088183
25 , 120 , 0.33851639542996714,0.7140900607339249
25 , 130 , 0.3200695064495593,0.6815053658526958
25 , 140 , 0.3686921709765227,0.6658353486657086
25 , 150 , 0.35359414363247293,0.6125073983752003
25 , 160 , 0.3782681580355005,0.6732746088955603
25 , 170 , 0.31520647237666194,0.6483925917751987
25 , 180 , 0.28198201574439774,1.5114241727994966
25 , 190 , 0.38120317069126214,0.7253587247769873
25 , 200 , 0.3489767700234668,0.5042097241890542
25 , 210 , 0.27465243372433146,0.6080108023164613
25 , 220 , 0.3456763091536389,0.751172798628936
25 , 230 , 0.3065918103910398,0.4101766278550192
25 , 240 , 0.33621865613392754,1.050339098703975
25 , 250 , 0.15485553937699262,1.014111742512138
25 , 260 , 0.2013669410119663,0.3785159702600894
25 , 270 , 0.12359568667024942,0.34589530827652115
25 , 280 , 0.06631147518018939,0.6583251854249728
25 , 290 , 0.2210287532996447,0.679219724762177
25 , 300 , 0.20619467330528804,0.8938524426522279
25 , 310 , 0.045197933812382775,0.6092666279709241
25 , 320 , 0.059130575072153066,0.3674428893996037
25 , 330 , 0.10661011373507194,0.541813497362839
25 , 340 , 0.0647459224965911,0.8287395304665228
25 , 350 , 0.02499520570565099,0.6789500393153853
25 , 360 , 0.0403379354821141,0.839479153455425
25 , 370 , 0.0,0.6091339606625193
25 , 380 , 0.0,0.29751530852305125
25 , 390 , 0.0,0.5082985204875032
25 , 400 , 0.0,0.889366748426648
25 , 410 , 0.0,0.47967608482622315
25 , 420 , 0.0,0.35575773665566335
25 , 430 , 0.0,0.26505749298373005
25 , 440 , 0.0,0.42044752093611987
25 , 450 , 0.0,4.4056154787943544
25 , 460 , 0.0,0.17236794637772102
25 , 470 , 0.0,0.2102022973609751
25 , 480 , 0.0,0.42370919560090003
25 , 490 , 0.0,0.32632206106699646
25 , 500 , 0.0,8.06818856999725
25 , 510 , 0.0,0.26955747623558285
25 , 520 , 0.0,19.41247747980998
25 , 530 , 0.0,22.525364519522757
25 , 540 , 0.0,0.0988014730041166
25 , 550 , 0.0,45.18722740149475
25 , 560 , 0.0,0.19265008052814658
25 , 570 , 0.0,0.1702304568967789
25 , 580 , 0.0,0.15884103348977785
25 , 590 , 0.0,0.12006139877426275
25 , 600 , 0.0,65.1223733861859
27 , 110 , 0.8143138731246612,0.5931867064422562
27 , 120 , 0.964253404543558,3.836554865489831
27 , 130 , 0.9047435806326001,0.4855331335978492
27 , 140 , 0.7455120873842309,0.4978805658906033
27 , 150 , 0.7124063879736519,0.35790047092058425
27 , 160 , 0.5369287076483481,0.2551043169801217
27 , 170 , 1.114194623358404,0.3200591067503128
27 , 180 , 0.7904389707772701,0.40748253057285583
27 , 190 , 0.6765507088149065,0.2627390500610062
27 , 200 , 0.573212933520362,0.19405685131983363
27 , 210 , 1.259001531647444,0.19439231294288747
27 , 220 , 0.6478050527749047,0.1431148336049194
27 , 230 , 0.9051965172252094,0.9874389809896302
27 , 240 , 1.6424170817590518,0.2419867144135115
27 , 250 , 1.6424170817590518,0.18281051514415667
27 , 260 , 1.3850256173087467,0.12306046417332386
27 , 270 , 1.168466949546621,0.17578462878662443
27 , 280 , 0.0,0.0
27 , 290 , 2.248278052800965,0.6113637332241866
27 , 300 , 0.0,0.0
27 , 310 , 0.0,0.0
27 , 320 , 2.248278052800965,1.6955117918256528
27 , 330 , 2.248278052800965,1.712167929181713
27 , 340 , 0.0,0.0
27 , 350 , 0.0,0.0
27 , 360 , 0.0,1.745777823998406
27 , 370 , 0.0,0.0
27 , 380 , 0.0,0.0
27 , 390 , 2.248278052800965,0.0
27 , 400 , 3.56343640488391,0.16209445832926986
27 , 410 , 1.3151583520829442,0.26064156003627453
27 , 420 , 0.0,0.0
27 , 430 , 0.0,1.925216039147902
27 , 440 , 0.0,1.8599225865743791
27 , 450 , 0.0,0.0
27 , 460 , 0.0,0.0
27 , 470 , 0.0,0.0
27 , 480 , 2.248278052800965,0.0
27 , 490 , 0.0,0.0
27 , 500 , 0.0,0.0
27 , 510 , 0.0,0.0
27 , 520 , 0.0,0.0
27 , 530 , 0.0,0.0
27 , 540 , 0.0,0.0
27 , 550 , 0.0,0.0
27 , 560 , 0.0,0.0
27 , 570 , 0.0,0.0
27 , 580 , 0.0,0.0
27 , 590 , 0.0,0.0
27 , 600 , 0.0,0.0
28 , 110 , 0.8409867885471429,0.5080720706049554
28 , 120 , 0.9168515201064231,0.4050263317714369
28 , 130 , 1.0390948810837979,0.3959796271087453
28 , 140 , 0.9085130293218654,0.4657771259195959
28 , 150 , 0.9340528573058671,0.4053634099640279
28 , 160 , 0.8978044655915185,0.31388936879202
28 , 170 , 0.254991255560325,0.6446913763294491
28 , 180 , 0.13548500854072396,0.5758318825626332
28 , 190 , 0.15640596388956568,0.8076867987683207
28 , 200 , 0.4113972194498906,0.7109218936001686
28 , 210 , 0.1849889916811263,1.466963936718456
28 , 220 , 0.1849889916811263,0.8450603452482252
28 , 230 , 0.17003745645312485,1.753773651835393
28 , 240 , 0.0,0.39089438574398444
28 , 250 , 0.0,0.7833258437063656
28 , 260 , 0.0,0.3218410758262605
28 , 270 , 0.0,0.7222446619667088
28 , 280 , 0.0,0.2940911861197705
28 , 290 , 0.0,1.0431195334849677
28 , 300 , 0.0,2.2741511553924814
28 , 310 , 0.0,0.6568676240752511
28 , 320 , 0.0,0.3144052427615706
28 , 330 , 0.2918909724302897,0.27000995713170767
28 , 340 , 0.2264082277687643,0.2481949405541212
28 , 350 , 0.0,0.4283156836890779
28 , 360 , 0.0,0.5359819540370263
28 , 370 , 0.2264082277687643,0.21081638289899002
28 , 380 , 0.0,0.5940707255613373
28 , 390 , 0.4113972194498906,1.0080100014637545
28 , 400 , 0.0,0.8580944519566985
28 , 410 , 0.0,0.5069625930431957
28 , 420 , 0.0,0.769611834254325
28 , 430 , 0.0,1.2745121264820247
28 , 440 , 0.0,0.2590635755177093
28 , 450 , 0.2918909724302897,0.12210964402966243
28 , 460 , 0.2918909724302897,0.7553964421519458
28 , 470 , 0.0,0.24821914840259712
28 , 480 , 0.0,1.011545421516464
28 , 490 , 0.0,0.3007650970290799
28 , 500 , 0.0,0.27911765295868046
28 , 510 , 0.0,1.1881526281012091
28 , 520 , 0.0,1.0953994049154259
28 , 530 , 0.0,0.6976278577935981
28 , 540 , 0.0,0.32048202969957673
28 , 550 , 0.0,1.2742222408897428
28 , 560 , 0.4113972194498906,1.210381546302596
28 , 570 , 0.0,0.6664299393319629
28 , 580 , 0.0,0.2586717318557785
28 , 590 , 0.0,0.8527168783417183
28 , 600 , 0.2918909724302897,1.1849523355361447
29 , 110 , 0.7248179047110105,0.6440328710950638
29 , 120 , 0.8123801343139047,0.5079432356699882
29 , 130 , 0.7790940356460953,0.6197400346740755
29 , 140 , 0.7973706417381693,0.5035474803450705
29 , 150 , 0.37116641613209966,0.48782740198115826
29 , 160 , 0.27461945898539286,0.3325701175242241
29 , 170 , 0.49500331383373214,0.5396833987067415
29 , 180 , 0.4741856716062796,0.46144742452242893
29 , 190 , 0.3475734564300388,0.2725889590401327
29 , 200 , 0.3308263896561402,0.33524657725753815
29 , 210 , 0.1904165535139411,0.5619016651283129
29 , 220 , 0.06300895621631611,0.25548980413465655
29 , 230 , 0.0,1.1281896217803726
29 , 240 , 0.0,0.315713938058461
29 , 250 , 0.0,0.7466563241039582
29 , 260 , 0.0,0.24351416929741024
29 , 270 , 0.07038868140974476,0.5142883817470157
29 , 280 , 0.07038868140974476,0.9255710774790232
29 , 290 , 0.21864721510054178,1.4208837184928003
29 , 300 , 0.2590123368643779,0.12208230604039526
29 , 310 , 0.0,0.2564159634150279
29 , 320 , 0.0,0.29180177725979856
29 , 330 , 0.0,0.4512306289422773
29 , 340 , 0.0,0.26773258824554913
29 , 350 , 0.07759461697621736,0.33389216621247036
29 , 360 , 0.0,0.4080864566748619
29 , 370 , 0.07759461697621736,0.3208941944324774
29 , 380 , 0.2102434908451523,0.31141987327410003
29 , 390 , 0.13264887386893487,0.17228589894290156
29 , 400 , 0.0,0.0
29 , 410 , 0.0,0.0
29 , 420 , 0.0,0.0
29 , 430 , 0.0,0.0
29 , 440 , 0.0,0.0
29 , 450 , 0.0,0.0
29 , 460 , 0.0,0.0
29 , 470 , 0.0,0.0
29 , 480 , 0.0,0.0
29 , 490 , 0.0,0.0
29 , 500 , 0.0,0.0
29 , 510 , 0.0,0.0
29 , 520 , 0.0,0.0
29 , 530 , 0.0,0.0
29 , 540 , 0.0,0.0
29 , 550 , 0.2873766476709528,0.0
29 , 560 , 0.2873766476709528,1.7045488637811
29 , 570 , 0.4253342494752957,0.39033145938185015
29 , 580 , 0.0,1.1231809565355306
29 , 590 , 0.0,0.0
29 , 600 , 0.0,0.0
30 , 110 , 0.537247109294353,0.5986053242363067
30 , 120 , 0.5748942942848065,0.5437474242194918
30 , 130 , 0.579710511514683,0.9401937840095466
30 , 140 , 0.5194262351622442,0.5569735050524768
30 , 150 , 0.5393531319426643,0.5485717461991236
30 , 160 , 0.6161003305298846,0.3779490249631762
30 , 170 , 0.5661287607546431,0.6068303754353697
30 , 180 , 0.5585694387270728,0.5212254194811775
30 , 190 , 0.5495588123309416,0.4044549590329986
30 , 200 , 0.6198996630169301,1.6158281648977868
30 , 210 , 0.6243885812203065,0.3438557007517483
30 , 220 , 0.198416283082342,0.615241778908757
30 , 230 , 0.04343335107087021,0.7996038417856209
30 , 240 , 0.15800609428049173,0.7936033463802558
30 , 250 , 0.11424346883961108,0.5669254673387659
30 , 260 , 0.10663534331855437,0.502051149559674
30 , 270 , 0.10663534331855437,0.28351842630778107
30 , 280 , 0.14392974898253588,0.42414198417023313
30 , 290 , 0.08105703110486216,0.40146548798221815
30 , 300 , 0.0,0.5093829131604731
30 , 310 , 0.0,0.40778605750053526
30 , 320 , 0.0,0.5156632752386964
30 , 330 , 0.1937627628141792,0.3668747804137094
30 , 340 , 0.0,0.3486784531990751
30 , 350 , 0.0,0.25369604291797526
30 , 360 , 0.0,0.2639996184590831
30 , 370 , 0.1937627628141792,0.207989007070702
30 , 380 , 0.1937627628141792,0.13355024813909533
30 , 390 , 0.5250023936884723,0.20280235012605075
30 , 400 , 0.0,0.15096416197212612
30 , 410 , 0.0,0.42801953123766645
30 , 420 , 0.0,1.3982262058829562
30 , 430 , 0.0,1.3596779021361005
30 , 440 , 0.0,0.14137787021796325
30 , 450 , 0.1937627628141792,0.1490746264487242
30 , 460 , 0.1937627628141792,0.4609146982896668
30 , 470 , 0.0,0.17272833251979072
30 , 480 , 0.0,0.17280069334667295
30 , 490 , 0.0,0.402700394466766
30 , 500 , 0.0,1.0745579872313409
30 , 510 , 0.0,0.46415156643973104
30 , 520 , 0.0,0.1405520825878679
30 , 530 , 0.0,0.03146625649065094
30 , 540 , 0.0,0.2980627825189887
30 , 550 , 0.0,0.7656627454287461
30 , 560 , 0.0,0.16540386486718858
30 , 570 , 0.33123963087429315,0.2996683135442653
30 , 580 , 0.0,0.5799064396214543
30 , 590 , 0.0,0.13988968898748896
30 , 600 , 0.0,0.017553324578130358
32 , 110 , 0.8237016575467402,0.9901382140189546
32 , 120 , 0.7797544831315988,1.0189924191012483
32 , 130 , 1.0537429886210015,0.5125378563043389
32 , 140 , 0.9089618077400825,0.37908530224840636
32 , 150 , 0.9633293832828902,1.42468405657187
32 , 160 , 0.9231646437730222,0.49619113348520705
32 , 170 , 0.8146106488357581,0.24329216522204097
32 , 180 , 1.2114496061920528,0.266818084701037
32 , 190 , 1.2114496061920528,0.19742838572663898
32 , 200 , 0.9855942144760115,0.9590420618478
32 , 210 , 0.9855942144760115,0.1537650574312151
32 , 220 , 0.9855942144760115,0.3695526493593945
32 , 230 , 0.9254572906124429,0.45576346172320853
32 , 240 , 0.7971455211297895,1.0095459425707194
32 , 250 , 0.7971455211297895,0.34133771767102966
32 , 260 , 0.0,0.7296493698041554
32 , 270 , 0.0,0.2855498113656745
32 , 280 , 0.0,0.1928350057204647
32 , 290 , 0.0,0.15893201781755753
32 , 300 , 0.0,0.14612336828715486
32 , 310 , 0.0,0.24151269910808978
32 , 320 , 0.0,0.40522214682544333
32 , 330 , 0.0,0.6286831818540032
32 , 340 , 0.0,0.16378036813317084
32 , 350 , 0.0,0.346357096961042
32 , 360 , 0.0,0.2809274128903802
32 , 370 , 0.0,0.47277928232033806
32 , 380 , 0.0,0.3862849211451476
32 , 390 , 0.0,0.5683147862325961
32 , 400 , 0.0,0.767469436728722
32 , 410 , 0.0,0.4332121544124611
32 , 420 , 0.7845566046115166,0.8730931346591969
32 , 430 , 0.8341879785667211,0.876534842778746
32 , 440 , 0.8293323633714605,0.7312904155639021
32 , 450 , 0.16932918251941648,0.7066324943721984
32 , 460 , 0.16932918251941648,0.2561102580006787
32 , 470 , 0.643752979701113,1.3816121907292214
32 , 480 , 0.643752979701113,0.26092179715199454
32 , 490 , 0.26718162684845426,1.3585255647956245
32 , 500 , 0.0,0.327378247360438
32 , 510 , 0.643752979701113,0.8676676486505431
32 , 520 , 0.8509951500343554,1.5809829201466898
32 , 530 , 0.47442379718169647,0.0
32 , 540 , 0.643752979701113,1.1068102200636678
32 , 550 , 0.643752979701113,0.8614267747613239
32 , 560 , 0.39857276056489477,0.3670849306084762
32 , 570 , 0.0,0.1587761657425765
32 , 580 , 0.0,0.20779527483907573
32 , 590 , 0.0,0.1932336608188926
32 , 600 , 0.0,0.29999594470894847
33 , 110 , 2.5247693181298003,0.5339179480907934
33 , 120 , 3.276946511386942,0.5184795590416124
33 , 130 , 3.735075275022999,1.2798725388148477
33 , 140 , 7.637765923911106,0.6857978468105461
34 , 110 , 0.5760261936079251,0.9348595493675605
34 , 120 , 0.6109120535164901,0.6660973181619805
34 , 130 , 0.6382842889762863,0.5439659434794286
34 , 140 , 0.5543835023343339,0.586879035102507
34 , 150 , 0.6671481693078506,0.6927893258367296
34 , 160 , 0.5851008945428163,0.7861521038560219
34 , 170 , 0.46315185644938156,0.46070817936504793
34 , 180 , 0.5212363290294986,0.9349647072947168
34 , 190 , 0.4475762788783153,0.43528031164896125
34 , 200 , 0.44198791589394737,0.3758650518697985
34 , 210 , 0.4596860250599904,0.3585752112124634
34 , 220 , 0.6293424596086382,0.6518999480613837
34 , 230 , 0.33931286909729563,0.29642218601671866
34 , 240 , 0.45518971593636554,0.3526211246573173
34 , 250 , 0.4596860250599904,2.134769915757629
34 , 260 , 0.2900295905113425,0.2516535053854241
34 , 270 , 0.16965643454864782,0.14725525840308296
34 , 280 , 0.16965643454864782,0.17105652441371957
34 , 290 , 0.16965643454864782,1.334920903728186
34 , 300 , 0.2900295905113425,2.09218549181396
34 , 310 , 0.0,0.011020483595713443
34 , 320 , 0.0,0.18677067275214504
34 , 330 , 0.2900295905113425,2.0701164040334548
34 , 340 , 0.2900295905113425,0.1261787265066681
34 , 350 , 0.0,0.151947239761171
34 , 360 , 0.2900295905113425,0.1395509358642995
34 , 370 , 0.2900295905113425,0.19979402349771652
34 , 380 , 0.2900295905113425,0.010804936806149355
34 , 390 , 0.4596860250599904,0.2013816855303833
34 , 400 , 0.27966244125131884,0.991127898636388
34 , 410 , 0.0,0.2683215364116447
34 , 420 , 0.0,0.054670316893621784
34 , 430 , 0.0,0.14707109950691738
34 , 440 , 0.0,1.0550424741621134
34 , 450 , 0.0,2.323361871400045
34 , 460 , 0.0,0.06427156356159575
34 , 470 , 0.0,0.13877711567466475
34 , 480 , 0.0,0.1507097719264309
34 , 490 , 0.0,0.13308947839136967
34 , 500 , 0.0,0.08656843179132118
34 , 510 , 0.0,0.17118790595240957
34 , 520 , 0.0,0.11796404749576804
34 , 530 , 0.0,0.30159509783243504
34 , 540 , 0.0,0.6323612153631618
34 , 550 , 0.0,0.01804469049730571
34 , 560 , 0.0,0.9955857108424416
34 , 570 , 0.0,0.13279033779366928
34 , 580 , 0.0,0.0
34 , 590 , 0.0,0.0
34 , 600 , 0.0,0.0
35 , 110 , 0.45347371776662015,0.3484819719369922
37 , 110 , 0.4615117329387974,0.6513150881675016
37 , 120 , 0.2925260167883734,0.3896781355939262
37 , 130 , 0.45761367177228235,0.5321686170969856
37 , 140 , 0.20276844176941583,0.3894432664650482
37 , 150 , 0.25637819014746294,0.3793853962159534
37 , 160 , 0.22712178528853602,0.35025252682963276
37 , 170 , 0.22706043758025396,0.3789903037552826
37 , 180 , 0.33901037231687076,0.3810936731139854
37 , 190 , 0.2441429762874455,0.21677786469519908
37 , 200 , 0.2445860874986404,3.7688068273753323
37 , 210 , 0.29363874778546045,0.2890717812818415
37 , 220 , 0.6743727869329227,0.5500506830331169
37 , 230 , 0.27128166605281356,0.5452635051138316
37 , 240 , 0.24021643349557395,0.5412268487614555
37 , 250 , 0.29363874778546045,0.32739184331522386
37 , 260 , 0.4117992717047018,0.30458678550654233
37 , 270 , 0.7012827153887772,0.4865963665783026
37 , 280 , 0.7012827153887772,0.7579554228094196
37 , 290 , 0.6762190575101789,0.33175728443297
37 , 300 , 0.6201194281183474,0.8229311269005991
37 , 310 , 0.652482818409168,0.22895272159981486
37 , 320 , 0.5932094996624927,0.23244593535703595
37 , 330 , 0.5254018954961943,2.0854797667193843
37 , 340 , 0.5254018954961943,0.19884663383564102
37 , 350 , 0.480432866991148,0.31131829885145984
37 , 360 , 0.19849276666498247,0.46049124912920675
37 , 370 , 0.4387092001605564,2.036656576303
37 , 380 , 0.480432866991148,0.4792678511060242
37 , 390 , 0.480432866991148,1.4208438191699053
37 , 400 , 0.480432866991148,0.4063363602986159
37 , 410 , 0.4387092001605564,1.3288034181420059
37 , 420 , 0.4387092001605564,1.839223770640635
37 , 430 , 0.0,0.3289597113553752
37 , 440 , 0.0,1.0940884388251713
37 , 450 , 1.21357436103915,0.9873824343802556
37 , 460 , 0.0,0.38112140593940846
37 , 470 , 1.21357436103915,0.39881910140069454
37 , 480 , 0.861044712051904,0.5735673895880474
37 , 490 , 0.0,0.7663776624132144
37 , 500 , 0.0,0.48416015752591196
37 , 510 , 0.0,0.6967100886757002
37 , 520 , 0.861044712051904,0.8857805022676498
37 , 530 , 0.0,0.686367743201554
37 , 540 , 0.0,0.505753461061858
37 , 550 , 0.0,0.5242909720393827
37 , 560 , 1.248758079608771,0.8157264762819947
37 , 570 , 0.0,0.6200469445993745
37 , 580 , 0.0,0.5635008310443648
37 , 590 , 0.0,0.6273989614420301
37 , 600 , 0.0,0.5508627528088478
38 , 110 , 2.452650654726089,0.5220254297232467
38 , 120 , 3.9601123209762674,0.3861353200969024
38 , 130 , 7.12687280976782,0.39661224412337964
41 , 110 , 1.0993679947213522,0.47787537655501827
41 , 120 , 1.3442413874664316,0.35490115296569563
41 , 130 , 1.1909913418184999,0.6812364828890723
41 , 140 , 1.0878111458073871,3.6188471818626615
41 , 150 , 1.0019190593511893,0.4115669553869551
41 , 160 , 0.9889504113383062,0.6023505841128577
41 , 170 , 0.1376645606330467,0.33577786250765745
41 , 180 , 0.1774804867666222,0.49788171418193183
41 , 190 , 0.08237988679533549,0.32831506154406814
41 , 200 , 0.0,0.9195742237922612
41 , 210 , 0.28996062281424856,0.6653990799087093
41 , 220 , 0.3452452966519597,0.5872189506685787
41 , 230 , 0.11248013604762634,0.6326150740095247
41 , 240 , 0.0,0.4446050794520494
41 , 250 , 0.1774804867666223,0.44264765477195966
41 , 260 , 0.0,0.25791036544609425
41 , 270 , 0.1774804867666223,1.4211301044621258
41 , 280 , 0.42762518344729533,0.25647822719692376
41 , 290 , 0.250144696680673,0.424537725325075
41 , 300 , 0.250144696680673,0.5338598482795149
41 , 310 , 0.0,0.2906225356774939
41 , 320 , 0.8552503668945907,0.3464242122328589
41 , 330 , 0.6777698801279683,0.40555541899230174
41 , 340 , 0.250144696680673,0.20993836010816697
41 , 350 , 0.250144696680673,0.36127703041667075
41 , 360 , 0.6777698801279683,0.1447922406419097
41 , 370 , 0.250144696680673,3.3843502852478418
41 , 380 , 0.6777698801279683,0.15501983138252642
41 , 390 , 0.250144696680673,0.09405868612805066
41 , 400 , 0.6777698801279683,1.26908552541183
41 , 410 , 0.42762518344729533,3.3752596871899994
41 , 420 , 0.42762518344729533,0.21612439955302643
41 , 430 , 0.0,0.3273395516405725
41 , 440 , 0.0,0.20577589259817228
41 , 450 , 0.0,0.3283569332521085
41 , 460 , 0.0,0.18567240351367506
41 , 470 , 0.0,0.14863043227596667
41 , 480 , 0.0,0.13032756727540845
41 , 490 , 0.0,0.22796983089729636
41 , 500 , 0.0,0.21655448470114003
41 , 510 , 0.0,2.785090783767223
41 , 520 , 0.0,0.2770724302121007
41 , 530 , 0.0,0.3342673917910822
41 , 540 , 0.0,0.16893162266502607
41 , 550 , 0.0,0.3838564887841329
41 , 560 , 0.0,0.2277610800119646
41 , 570 , 0.0,0.11736072301749248
41 , 580 , 0.0,2.887334214513179
41 , 590 , 0.0,0.040547837157099344
41 , 600 , 0.0,0.1087770477424893
42 , 110 , 0.3453025185777895,0.8090678352306971
42 , 120 , 0.261856292595839,0.5141920878340277
42 , 130 , 0.330610955100276,0.4460850386838195
42 , 140 , 0.2061918829774639,0.6534509337409021
42 , 150 , 0.2830579215645454,0.616345266624335
42 , 160 , 0.16508696551434698,0.5321995613897709
42 , 170 , 0.056581793980303156,0.569522374014295
42 , 180 , 0.22978452181028172,0.35158233166134045
42 , 190 , 0.16948466236975054,0.3023421320785512
42 , 200 , 0.09102493752532947,0.24866538470789057
42 , 210 , 0.13129588595752772,0.3780442323540881
42 , 220 , 0.04496902850504642,0.2869942183057557
42 , 230 , 0.13129588595752772,0.38768004678018875
42 , 240 , 0.16462298465392947,0.5258658676922461
42 , 250 , 0.0,0.481253178090119
42 , 260 , 0.11965395614888305,0.35152728825636614
42 , 270 , 0.38826355659113704,1.666471153982566
42 , 280 , 0.12190068144548057,0.29835344411269377
42 , 290 , 0.5820067777347383,0.4423204133807052
42 , 300 , 0.5820067777347383,0.2635115486898757
42 , 310 , 0.6323891129903828,0.22229633512336852
42 , 320 , 0.38826355659113704,1.4664000657247962
42 , 330 , 0.21645419579394948,0.2305296854251568
42 , 340 , 0.3386790707477146,0.9735412165081012
42 , 350 , 0.3386790707477146,0.2677661863845815
42 , 360 , 0.6323891129903828,1.9916402918366847
42 , 370 , 1.3470912963346917,0.9118134513190737
42 , 380 , 0.0,0.234722296329546
42 , 390 , 0.2933481656230926,0.20216323797948652
42 , 400 , 0.2933481656230926,0.791530237712228
42 , 410 , 0.2933481656230926,0.8633284709568654
42 , 420 , 0.2933481656230926,0.21370215315060875
42 , 430 , 0.0,0.12227740743439906
42 , 440 , 0.3781915620655694,1.0546732170695199
42 , 450 , 0.0,0.7456565517743746
42 , 460 , 0.0,0.32114944336370804
42 , 470 , 0.0,0.5597122221581393
42 , 480 , 0.3781915620655694,0.6675675346316655
42 , 490 , 0.0,0.22506566612427534
42 , 500 , 0.0,0.30302985937095334
42 , 510 , 0.0,0.24946715402051156
42 , 520 , 0.0,0.6613590273275499
42 , 530 , 0.0,0.2402540636366901
42 , 540 , 0.3781915620655694,0.7643808364632735
42 , 550 , 0.5330310689562135,0.2640510375485672
42 , 560 , 0.0,0.7866796513977359
42 , 570 , 0.0,0.1699594723481822
42 , 580 , 0.5330310689562135,0.7611682309927319
42 , 590 , 0.0,0.5861465408362261
42 , 600 , 0.5330310689562135,0.5540663736759371
43 , 110 , 2.789258388784573,0.445573262745033
43 , 120 , 2.3260091040580395,0.9452094201332406
43 , 130 , 3.0364777910187195,0.0
44 , 110 , 0.5226148617701054,1.2473300006344656
44 , 120 , 0.7090976063976898,0.46912667881449205
44 , 130 , 0.7442203877904725,0.47645066689172394
44 , 140 , 0.7869381293896288,0.40678407341484907
44 , 150 , 0.7148925213850006,0.8648653216591117
44 , 160 , 0.5600975538686697,0.32000559395516315
44 , 170 , 0.5167832003274402,1.739660081184217
44 , 180 , 0.36755561828688593,0.20096788297014312
44 , 190 , 0.2342522271933532,0.39682243271965234
44 , 200 , 0.21008948042937392,1.8703055583816883
44 , 210 , 0.3236991715171995,0.4402000760764414
44 , 220 , 0.39673644871506075,1.3622010467658585
44 , 230 , 0.3349749057790753,0.7264266433020536
44 , 240 , 0.3682271044093768,0.5147950315254379
44 , 250 , 0.5159358018062519,1.1758578938701927
44 , 260 , 0.2743684883053932,0.18123788589256745
44 , 270 , 0.1959352689954347,0.3935080486592314
44 , 280 , 0.22829404731841524,0.7412565792558861
44 , 290 , 0.30366507350866623,1.0560791771141744
44 , 300 , 0.13751478459312616,0.4139978047784333
44 , 310 , 0.21864721510054178,0.2820507315434923
44 , 320 , 0.13751478459312616,0.2968346350790319
44 , 330 , 0.21864721510054178,0.08951274886625758
44 , 340 , 0.21864721510054178,0.1213882074838717
44 , 350 , 0.29487948203868725,0.34117547791985886
44 , 360 , 0.29487948203868725,0.16058258495447333
44 , 370 , 0.23708571844421109,0.41682377698508677
44 , 380 , 0.19572369487777058,0.39304759064266714
44 , 390 , 0.19572369487777058,0.13806838864993287
44 , 400 , 0.19572369487777058,0.6961905725947911
44 , 410 , 0.29487948203868725,0.18687080817555488
44 , 420 , 0.19572369487777058,0.09502438309553905
44 , 430 , 0.13444416237052345,0.7530789953247438
44 , 440 , 0.19572369487777058,0.3016043655568819
44 , 450 , 0.0,0.012015326437138662
44 , 460 , 0.37475671992931797,0.10102128133866788
44 , 470 , 0.0,0.6567528123358227
44 , 480 , 0.13444416237052345,0.20505964738375976
44 , 490 , 0.0,0.0
44 , 500 , 0.0,0.0
44 , 510 , 0.0,0.0
44 , 520 , 0.0,0.0
44 , 530 , 0.0,0.38243834211980554
44 , 540 , 0.13444416237052345,0.1009867333294814
44 , 550 , 0.0,0.0
44 , 560 , 0.0,0.0
44 , 570 , 0.0,0.0
44 , 580 , 0.0,0.0
44 , 590 , 0.0,0.0
44 , 600 , 0.0,0.0
45 , 110 , 0.8368439839356414,0.8583172917524611
45 , 120 , 0.9304352057660816,0.5826748572873472
45 , 130 , 0.7752143462003926,0.9671908464113679
45 , 140 , 0.792651630204486,0.6376300638926613
45 , 150 , 0.11220041759527649,0.7818466991351619
45 , 160 , 0.17624950786864207,0.4950879475192655
45 , 170 , 0.11563515945741734,0.5353486657920932
45 , 180 , 0.21187098458820136,0.5312631442050975
45 , 190 , 0.5005333925536055,0.5632064586932556
45 , 200 , 0.42775718954763275,0.4107360208049658
45 , 210 , 0.40010360082944557,0.2829456422629257
45 , 220 , 0.406576921324833,0.7047595885697039
45 , 230 , 0.26010945792018736,0.6047736070521046
45 , 240 , 0.47088726798017616,1.5895725937022795
45 , 250 , 0.47088726798017616,0.2638665040409645
45 , 260 , 0.30209754689850676,1.0820300130796432
45 , 270 , 0.4363150995032986,0.27481714574453714
45 , 280 , 0.5009362795171614,0.2792747985935437
45 , 290 , 0.17482497970460292,1.259108697409914
45 , 300 , 0.0,0.4135998340030453
45 , 310 , 0.26996986181583876,0.3789898181436385
45 , 320 , 0.33757944216333874,0.2532563197805374
45 , 330 , 0.0700540637417096,0.25644931807551313
45 , 340 , 0.0700540637417096,0.8595564810212971
45 , 350 , 0.0,0.22645406123618134
45 , 360 , 0.33757944216333874,0.7836425472529573
45 , 370 , 0.16878972108166937,1.170019661351388
45 , 380 , 0.33757944216333874,0.8549064735119835
45 , 390 , 0.0,0.7495053307646151
45 , 400 , 0.0,1.1267683634003194
45 , 410 , 0.12531614802867194,0.22724380787592718
45 , 420 , 0.0,1.4014497262740238
45 , 430 , 0.27865264702249176,0.4785200550166284
45 , 440 , 0.5400718736753922,0.24889678840277657
45 , 450 , 0.2621304764062359,0.08647214977108467
45 , 460 , 0.21032450803161334,0.28438016227243795
45 , 470 , 0.21032450803161334,0.4157955307859099
45 , 480 , 0.11911341996175032,0.5869458929263752
45 , 490 , 0.0,0.0
45 , 500 , 0.0,0.0
45 , 510 , 0.0,0.0
45 , 520 , 0.0,0.0
45 , 530 , 0.0,0.0
45 , 540 , 0.0,0.0
45 , 550 , 0.0,0.0
45 , 560 , 0.0,0.0
45 , 570 , 0.0,0.0
45 , 580 , 0.0,0.0
45 , 590 , 0.0,0.0
45 , 600 , 0.1637362092941948,0.055595468106802284
46 , 110 , 0.28967587908573095,0.5400883941879553
46 , 120 , 0.2674261121400163,0.5080618468274956
46 , 130 , 0.26656950910065513,0.620968358493435
46 , 140 , 0.45096124085274414,0.5834255996652694
46 , 150 , 0.40128638001706896,0.32980899574398964
46 , 160 , 0.43832604951234505,3.524655291580989
46 , 170 , 0.21966424700986809,0.2612051439278822
46 , 180 , 0.3610384954467604,0.27585958577331543
46 , 190 , 0.284233682350719,2.6045580118201346
46 , 200 , 0.24044210743618546,0.6652430127211679
46 , 210 , 0.07262072435004353,1.8490221695364648
46 , 220 , 0.19972584027155788,0.7048300271804954
46 , 230 , 0.259881013098944,0.31271509763930005
46 , 240 , 0.18231272086747927,0.19087961906824924
46 , 250 , 0.26710343189975616,0.14850058248749579
46 , 260 , 0.250144696680673,0.28430343427618204
46 , 270 , 0.0,1.4204939640913399
46 , 280 , 0.0,0.9800077082120578
46 , 290 , 0.46563772057660413,0.6877299150958811
46 , 300 , 0.42762518344729533,1.1501596328994332
46 , 310 , 0.79210470290382,0.7871205427640514
46 , 320 , 0.7684315939130938,0.33662175098503644
46 , 330 , 0.30508004606948674,0.19115096561974268
46 , 340 , 0.79210470290382,1.19322501027803
46 , 350 , 0.7684315939130938,0.16393596702113664
46 , 360 , 0.7350662207621824,0.11290256784965298
46 , 370 , 2.7373510769421796,0.1802214970684157
46 , 380 , 1.0102748365284864,0.15658523905562066
46 , 390 , 1.0102748365284864,0.08929835737091973
46 , 400 , 1.0102748365284864,0.2133264873119087
46 , 410 , 2.7373510769421796,0.0
46 , 420 , 1.7270762404136928,0.0
47 , 110 , 0.5150287063166875,1.2406591904946227
47 , 120 , 0.5821694170917898,0.6653193842998408
47 , 130 , 0.6513772874515931,0.5398211316609763
47 , 140 , 0.672695206231684,0.38889771308342236
47 , 150 , 0.7270814350699695,0.6766616222209891
47 , 160 , 0.7645400030490632,0.38971213962361567
47 , 170 , 0.7375297541992784,0.5085897939618552
47 , 180 , 0.27948137865829786,0.5186670194201013
47 , 190 , 0.23557606659358268,0.25375162796933176
47 , 200 , 0.24827184015119674,0.3886311606347548
47 , 210 , 0.23981030332495426,0.2690265567024575
47 , 220 , 0.08997276837547719,0.676729808765034
47 , 230 , 0.10842148113760235,0.24237001188730337
47 , 240 , 0.08940927018176534,0.3434180452736812
47 , 250 , 0.0,1.2048805743451076
47 , 260 , 0.12111763075403058,0.7248736774510423
47 , 270 , 0.12111763075403058,0.3870542493298365
47 , 280 , 0.07692626509217763,1.5040937494722788
47 , 290 , 0.14107736130928186,0.5888154754125211
47 , 300 , 0.0,0.4083752392917762
47 , 310 , 0.0,0.29042016226937495
47 , 320 , 0.0,0.3426019758119245
47 , 330 , 0.10942810285082183,0.2961490565499219
47 , 340 , 0.0,0.5912316985470565
47 , 350 , 0.08940927018176534,0.32459350376570634
47 , 360 , 0.0,1.7606065987932573
47 , 370 , 0.0,0.265257813584055
47 , 380 , 0.0,1.6651042434201584
47 , 390 , 0.08940927018176534,0.26111162774406166
47 , 400 , 0.16500373099998902,0.27163332504517135
47 , 410 , 0.0,0.31942485647655694
47 , 420 , 0.08940927018176534,0.3465248878285655
47 , 430 , 0.03356019983387766,0.475952179315833
47 , 440 , 0.08940927018176534,0.2761785392194812
47 , 450 , 0.08940927018176534,0.3407235497896155
47 , 460 , 0.19883737303258717,0.3838205624451574
47 , 470 , 0.19883737303258717,0.3172185551399144
47 , 480 , 0.0,0.23434597406891486
47 , 490 , 0.0,0.13564271556591911
47 , 500 , 0.0,0.07334521816094586
47 , 510 , 0.0,0.7623157634405812
47 , 520 , 0.0,0.09853942348693767
47 , 530 , 0.0,0.6376068341653486
47 , 540 , 0.0,0.1641404469139337
47 , 550 , 0.0,0.09783712415427409
47 , 560 , 0.0,0.11603186112496762
47 , 570 , 0.0,0.10208042978661545
47 , 580 , 0.19883737303258717,0.24465972780845274
47 , 590 , 0.0,0.4832335459504274
47 , 600 , 0.0,0.5320725962348153
48 , 110 , 0.5229302889297633,0.6038064882692555
48 , 120 , 0.4994822772597665,0.480565396956915
48 , 130 , 0.49067480494737037,0.7312957579929628
48 , 140 , 0.39623355365890084,0.46050959530500113
48 , 150 , 0.4277798662314694,0.4191775472755244
48 , 160 , 0.5467103576077961,0.5825028223357541
48 , 170 , 0.5073310321370037,0.47685282637510457
48 , 180 , 0.42592707041153344,0.489680580768586
48 , 190 , 0.358007514501714,0.6844599554872641
48 , 200 , 0.30212783499694107,0.5155855987824651
48 , 210 , 0.3619887299243038,0.330877084458914
48 , 220 , 0.2644047892126896,0.43792898308721295
48 , 230 , 0.2757593270881172,0.3986039923773462
48 , 240 , 0.11311653055563083,0.32557342120454513
48 , 250 , 0.13468363313916912,0.353773712641349
48 , 260 , 0.1432260732708989,0.38881145953580654
48 , 270 , 0.3336416970021508,0.23081766302894638
48 , 280 , 0.23915928919382745,0.7122727510494681
48 , 290 , 0.3410414952286637,0.3920815761071636
48 , 300 , 0.07125527566688578,0.5673591257033348
48 , 310 , 0.0,0.30086151380446013
48 , 320 , 0.09874937935165194,0.2284602970153365
48 , 330 , 0.10314683840512189,0.971684345717298
48 , 340 , 0.0,0.734988520155014
48 , 350 , 0.0,0.528067301028542
48 , 360 , 0.0,1.338530493129144
48 , 370 , 0.0,1.3822540118815674
48 , 380 , 0.0,0.3246523455072656
48 , 390 , 0.0,0.3100575796299795
48 , 400 , 0.0,1.1058005984872519
48 , 410 , 0.0,0.6582592280367469
48 , 420 , 0.0,0.2752057834266993
48 , 430 , 0.0,0.6093877844534732
48 , 440 , 0.0,0.31161981199439087
48 , 450 , 0.13297940300972885,0.5850036859667156
48 , 460 , 0.25383887561451945,0.45635433617742416
48 , 470 , 0.20189621775677385,0.31591978847624946
48 , 480 , 0.0,0.7250955166679247
48 , 490 , 0.0,0.4335079855556453
48 , 500 , 0.0,0.3367536195940306
48 , 510 , 0.0,0.3187533919391784
48 , 520 , 0.15581496014382604,0.4268885124365169
48 , 530 , 0.0,0.26257163977341624
48 , 540 , 0.0,1.726819538659729
48 , 550 , 0.0,0.4470000488290516
48 , 560 , 0.15581496014382604,0.2958723414587226
48 , 570 , 0.0,0.07896066435376936
48 , 580 , 0.15581496014382604,0.41172609411215183
48 , 590 , 0.0,0.4211993697956824
48 , 600 , 0.0,0.4338277397374665
49 , 110 , 0.5611043320835883,0.7957336369499562
49 , 120 , 0.5241334103941447,1.3172895316337225
49 , 130 , 0.5083719383266441,0.4868195665740665
49 , 140 , 0.5638272604609307,0.5400168862066855
49 , 150 , 0.38527001852080733,0.5430472715110138
49 , 160 , 0.39573938489839844,1.0430248893377503
49 , 170 , 0.4551520640802201,0.6553424672319734
49 , 180 , 0.614355594765823,0.5367046667825168
49 , 190 , 0.605698633894608,0.4017992674538469
49 , 200 , 0.3914097948013398,0.44626303008695123
49 , 210 , 0.3935386434562267,0.4496259405171
49 , 220 , 0.35963719853037834,0.4892712443341772
49 , 230 , 0.4511473814364549,0.4677178941331964
49 , 240 , 0.3420886342749324,0.41725607606300114
49 , 250 , 0.2512735995743037,0.7838900097871927
49 , 260 , 0.32402116440492545,0.4119198375357677
49 , 270 , 0.2193852180377058,0.2793258023491562
49 , 280 , 0.1283652155807851,0.35795050086533936
49 , 290 , 0.06854615188401407,0.41956209194470656
49 , 300 , 0.2967083455286523,0.7563045214314805
49 , 310 , 0.2301249707365754,0.5301060717982166
49 , 320 , 0.2301249707365754,0.3552724972975277
49 , 330 , 0.2301249707365754,0.3296388031235864
49 , 340 , 0.1331571351235493,0.3831060210588401
49 , 350 , 0.24283094318304174,0.3885570643336408
49 , 360 , 0.12006096066578772,0.41024103210780066
49 , 370 , 0.41223287447491086,0.2564818925370485
49 , 380 , 0.36448205811296525,0.42920866813502545
49 , 390 , 0.3329868044300662,0.23450622582129807
49 , 400 , 0.0,0.31963729065833135
49 , 410 , 0.0969911137973947,0.42311275259899955
49 , 420 , 0.0,0.23979099607897975
49 , 430 , 0.0,1.1384825539859083
49 , 440 , 0.0,0.26263370852599993
49 , 450 , 0.1661176587251293,1.1280025249895906
49 , 460 , 0.12504329371074316,0.318504347054331
49 , 470 , 0.0,0.2583807852826101
49 , 480 , 0.05295406648494553,1.3066518677904555
49 , 490 , 0.0,0.18539543597843025
49 , 500 , 0.0,0.1738870216093273
49 , 510 , 0.0,1.015763887960955
49 , 520 , 0.17623862401479845,0.15244971375513333
49 , 530 , 0.0,0.5498922191763312
49 , 540 , 0.0,0.15668926580210477
49 , 550 , 0.0,0.24819310155151245
49 , 560 , 0.0,0.5048049384915723
49 , 570 , 0.0,1.4233503802498781
49 , 580 , 0.0,0.21088547879735342
49 , 590 , 0.17623862401479845,0.15916653845233328
49 , 600 , 0.17623862401479845,0.8680792422835963
