0 , 110 , 1.2661138167040924,0.7175985654190405
0 , 120 , 1.5650710280070805,0.6739484219507926
0 , 130 , 1.9298816695974956,0.8133252917506253
0 , 140 , 2.029657966400444,0.6489806184664476
0 , 150 , 2.7778501233408006,0.9739426760669558
0 , 160 , 3.9462324029407156,0.5998379473459607
0 , 170 , 6.026440228028184,1.4217163497508416
0 , 180 , 2.5954465348422127,1.7095112913514554
1 , 110 , 0.6642073385589042,0.75333676729301
1 , 120 , 0.6137330499405238,0.8274101880433041
1 , 130 , 0.5750095566024999,0.7615019230427138
1 , 140 , 0.8843439774806089,0.7913195701990458
1 , 150 , 0.8269275564103301,0.7393137545078721
1 , 160 , 0.8431216509210181,0.8144474224634137
1 , 170 , 0.750845140954061,0.8723078484392761
1 , 180 , 0.660153857359145,0.7898758310676085
1 , 190 , 0.5169488814493213,0.6419104638603813
1 , 200 , 0.4514852778721558,0.7723203669907446
1 , 210 , 0.4396442360064603,0.7926633071747876
1 , 220 , 0.35542012648259125,0.6426661474024334
1 , 230 , 0.3110992984939485,0.732591065331644
1 , 240 , 0.38608179640766505,0.798933310838752
1 , 250 , 0.5333464725005247,0.7231826549427767
1 , 260 , 0.349135916049845,0.5745109126858662
1 , 270 , 0.33951197953403983,0.7461822474750567
1 , 280 , 0.42506555062080587,0.7332133832550346
1 , 290 , 0.333729995441379,1.824744915946691
1 , 300 , 0.4431912513448685,0.6711675381431645
1 , 310 , 0.3812197707057873,1.1000637295576678
1 , 320 , 0.8198329325406156,1.4435207186857497
1 , 330 , 0.7949322969695747,1.194451860391082
1 , 340 , 0.7846856589780216,0.5400403495296532
1 , 350 , 0.6460714550309918,0.6278112316693696
1 , 360 , 0.5812026024273037,0.5870551541224445
1 , 370 , 0.5897836395808634,0.5915155678085305
1 , 380 , 0.6496813713163563,0.5348718707505904
1 , 390 , 0.8012042336869354,0.6405392147509331
1 , 400 , 0.8113553526555154,0.4407744311214898
1 , 410 , 0.7185387465175744,0.8118050315831968
1 , 420 , 0.6864761716138871,0.5990233200760743
1 , 430 , 0.6928641337638486,0.5534009511677032
1 , 440 , 0.7340298017084192,0.48182716207421206
1 , 450 , 0.5440028618572675,0.5733090351220559
1 , 460 , 0.6051830664607585,1.488595465004724
1 , 470 , 0.7928785031182106,0.5744127932915277
1 , 480 , 1.1614724977528321,1.6500686652043577
1 , 490 , 0.5655049718057973,0.48629991712569803
1 , 500 , 0.4337872982833333,0.664012173443661
1 , 510 , 0.9105420302914748,0.5799307942395554
1 , 520 , 0.8174590891068881,0.5012410535666236
1 , 530 , 1.0075045832626077,0.4726606827492372
1 , 540 , 1.375289683628688,0.5041251071890656
1 , 550 , 1.3671282414998693,2.5272643980404377
1 , 560 , 1.3017748046781052,0.5634292050753951
1 , 570 , 1.2580548422769058,0.643285751127538
1 , 580 , 1.4675895177939038,0.4284624924139373
1 , 590 , 1.45883121455528,0.4103374151446238
1 , 600 , 0.7522531368780713,0.3288153597235195
4 , 110 , 0.7464223785422425,0.7765253195398364
4 , 120 , 0.6888973175704143,0.8399809711584059
4 , 130 , 0.717035016881332,0.8107936224127082
4 , 140 , 0.6400150491267264,0.7780111049753407
4 , 150 , 0.6325540238786348,0.7583397366526312
4 , 160 , 0.545427716125561,0.7699121894483301
4 , 170 , 0.6553621664547088,0.7561461582739876
4 , 180 , 0.598897812496927,0.7457096409035521
4 , 190 , 0.5958003449284955,0.849066260462448
4 , 200 , 0.5371008414184858,0.7084783095720848
4 , 210 , 0.6138600010560116,0.7155220919753664
4 , 220 , 0.5505974589918127,0.8183762754878753
4 , 230 , 0.5618366281777505,0.8784443922496722
4 , 240 , 0.6157254060584199,0.8446736070972598
4 , 250 , 0.5658912831323205,0.8071825064052397
4 , 260 , 0.563955291281728,0.6667742135322556
4 , 270 , 0.5256321568832247,0.6847548038497334
4 , 280 , 0.6279336738984906,0.7484891146042622
4 , 290 , 0.6790991394494299,0.7454306400408158
4 , 300 , 0.6251289428336798,0.7050195832638361
4 , 310 , 0.6045772350883284,0.9185836185081079
4 , 320 , 0.5710697196507534,1.1886645925889627
4 , 330 , 0.5690674361660041,0.8441841889632798
4 , 340 , 0.5999466694177331,0.706592249334236
4 , 350 , 0.6397580854699635,0.7738054422288462
4 , 360 , 0.5202983727487263,0.6350053592795895
4 , 370 , 0.5264854906423309,1.010998590848975
4 , 380 , 0.4751513071775339,0.9944070329886591
4 , 390 , 0.5512553490590324,0.7360265881921211
4 , 400 , 0.6543256786429806,0.7280887746340718
4 , 410 , 0.5990740959094516,0.6730779962851037
4 , 420 , 0.5623283563750856,0.7327183677096529
4 , 430 , 0.692577741220945,0.7349787897210093
4 , 440 , 0.5274473562050797,0.8409877905879075
4 , 450 , 0.6071873427072471,0.7041436019981521
4 , 460 , 0.6263772127377759,0.6608739015478058
4 , 470 , 0.6212197266675844,0.9170017481947884
4 , 480 , 0.6092141760195747,0.8016798524735669
4 , 490 , 0.913220077407465,0.737166933711404
4 , 500 , 0.6607509675091755,0.7336826234643207
4 , 510 , 0.734423629513899,0.7703515654178084
4 , 520 , 0.7417391270238802,0.8148554150832932
4 , 530 , 0.555174981263591,0.649704456657298
4 , 540 , 0.6313513879585048,0.793589866380868
4 , 550 , 0.6565649847265493,0.9367801687619356
4 , 560 , 0.5867846778272361,0.6772287519578484
4 , 570 , 0.6394454679932816,0.5191940926917098
4 , 580 , 0.5444991360586068,0.6541573549115359
4 , 590 , 0.7599881025362917,0.6684413345466911
4 , 600 , 0.5317712698032921,0.5344606851937248
5 , 110 , 0.588071154240391,0.7134120367793844
5 , 120 , 0.6075463185002952,0.6982939217664008
5 , 130 , 0.5913896179634275,0.8264924569887777
5 , 140 , 0.6226230892570256,0.7727167790397717
5 , 150 , 0.7136454313765159,0.8243859798440699
5 , 160 , 0.6265230577396518,0.8350516878149367
5 , 170 , 0.5633903600642558,0.7206519311806755
5 , 180 , 0.5938048555911053,0.7368564082969227
5 , 190 , 0.6439428372874733,0.8728742189015473
5 , 200 , 0.5785177097539665,0.8333469668105821
5 , 210 , 0.5942544616511122,0.8821634269008244
5 , 220 , 0.5883610117846539,0.7843231875372175
5 , 230 , 0.6265293375986456,1.031969370867844
5 , 240 , 0.5587947123030406,0.7596569884105605
5 , 250 , 0.5123301303278708,0.7648739796638727
5 , 260 , 0.5436670989150548,0.7266737356430091
5 , 270 , 0.5343742112019233,0.717419309646989
5 , 280 , 0.492397749366733,0.7458923210051398
5 , 290 , 0.4814744623385942,0.9082674053497681
5 , 300 , 0.46910026567334695,0.7552505828663372
5 , 310 , 0.4701261281097447,0.7259517182133031
5 , 320 , 0.5673722171580003,0.7234206867688296
5 , 330 , 0.44279532996683785,0.726463497564309
5 , 340 , 0.5335294857255075,0.8381272435013767
5 , 350 , 0.5510943945063459,0.696317172434462
5 , 360 , 0.5171097027247692,0.6780806127011011
5 , 370 , 0.5433334390096229,0.5984847075492453
5 , 380 , 0.5028189567384272,0.7334356764380893
5 , 390 , 0.4908729046679527,0.6530649417837427
5 , 400 , 0.5154610292624187,1.017667472113988
5 , 410 , 0.5257862176578239,0.7384309670262975
5 , 420 , 0.5700856916186519,0.7536389943134074
5 , 430 , 0.5024121722286009,0.7303468430392311
5 , 440 , 0.5067610606569798,0.7592149724679566
5 , 450 , 0.4973256454690827,0.6640518765986813
5 , 460 , 0.5343822013137439,0.7888470246076998
5 , 470 , 0.5758655047128718,0.7606679122706508
5 , 480 , 0.5324416248507781,0.7028535619167624
5 , 490 , 0.5062142437756744,0.7602608792628688
5 , 500 , 0.4872547466583916,0.6580849171904658
5 , 510 , 0.39006933267817817,0.8483416369359074
5 , 520 , 0.4278769591519337,0.545804832719146
5 , 530 , 0.37498200199793486,0.6148172062229694
5 , 540 , 0.5088557161164519,1.1235852989787651
5 , 550 , 0.3099782224222261,0.703753175331916
5 , 560 , 0.4864583299716637,0.5350501130027396
5 , 570 , 0.5662264236111058,0.6800393097005349
5 , 580 , 0.4871236982515211,0.70080289527012
5 , 590 , 0.4467041554361155,0.7173054999491444
5 , 600 , 0.3537503478105703,0.6480710791106556
6 , 110 , 0.5865871974619377,0.9864466350695518
6 , 120 , 0.5453234450665712,0.8160041921943605
6 , 130 , 0.6368943660392352,0.9776195117684373
6 , 140 , 0.5532542281649495,0.8391734742258904
6 , 150 , 0.31783508752243766,0.809825291667373
6 , 160 , 0.284804837140911,0.7457138139647566
6 , 170 , 0.2530917922659006,0.7799352853174867
6 , 180 , 0.26467907684564335,0.8000037106220913
6 , 190 , 0.3830909939182937,0.8413847073748042
6 , 200 , 0.38999785395791003,0.7823970060798565
6 , 210 , 0.39699928072457025,0.8945224428629955
6 , 220 , 0.3722741660022745,0.8128883773171885
6 , 230 , 0.4100347239702564,0.8260836943976732
6 , 240 , 0.349518008687047,0.8297170782307659
6 , 250 , 0.4929144623312521,0.6594321010283852
6 , 260 , 0.5250548061858457,0.5843164299919973
6 , 270 , 0.5985136239803139,1.0378881796336428
6 , 280 , 0.5033184747198861,0.6683856969230946
6 , 290 , 0.5287770985957776,0.7634431586208396
6 , 300 , 0.45846264825711736,0.549714202396907
6 , 310 , 0.7018371708777174,0.6722508396613878
6 , 320 , 0.7427488962527777,0.9594719391562525
6 , 330 , 0.7091654207350572,0.5874674672024206
6 , 340 , 0.6563155828996795,0.5537295743370935
6 , 350 , 0.47916888618899267,0.32722080957143335
6 , 360 , 0.7785064618729505,0.381351631971474
6 , 370 , 0.8941447781864489,0.5587452497749291
6 , 380 , 0.9060226486891373,0.40992781653853844
6 , 390 , 1.3121221840633397,0.49565586817158414
6 , 400 , 1.1489255662084266,0.3966825870405134
6 , 410 , 1.3671885901902407,0.39518875957216504
6 , 420 , 1.1650523954548782,0.3032038532166543
6 , 430 , 1.2727957676868147,0.3424228280020771
6 , 440 , 2.9998720081005077,0.41193332721208803
6 , 450 , 2.0205496730569728,8.706059470086899
6 , 460 , 2.0205496730569728,0.22493498165400524
6 , 470 , 0.4542804727268779,0.26554825426450224
7 , 110 , 0.6364367955011202,0.8329776884793709
7 , 120 , 0.6475269899454675,0.7766276945392108
7 , 130 , 0.6298108771213822,0.7717760483166247
7 , 140 , 0.6012122525143072,0.7411089833288959
7 , 150 , 0.6335828602587732,0.8103152273822003
7 , 160 , 0.6112590575381459,0.7783674604016031
7 , 170 , 0.6155953893627604,0.7806434958190475
7 , 180 , 0.6706341143833587,0.8184953165067081
7 , 190 , 0.6506132883544054,0.7496176502875426
7 , 200 , 0.6179944258525094,0.963588854892807
7 , 210 , 0.5528850595631252,0.6870130532965509
7 , 220 , 0.5360376652665357,0.7812007235377255
7 , 230 , 0.58912729981791,0.7159908608789747
7 , 240 , 0.5170986864860194,0.8078587617705751
7 , 250 , 0.5369085700567268,0.7774072989719415
7 , 260 , 0.5195140226150399,0.7827063902159651
7 , 270 , 0.5113489897031017,0.6823631554164767
7 , 280 , 0.4928371199384374,0.9495496585826102
7 , 290 , 0.46893815657007415,0.6868594290359045
7 , 300 , 0.5148731329925951,0.8009790439891176
7 , 310 , 0.5220529866395478,0.7187883772199433
7 , 320 , 0.5411107780386623,0.6465550000113062
7 , 330 , 0.4524181081274576,0.6859924108584669
7 , 340 , 0.5529780126631646,1.0023586564660303
7 , 350 , 0.5500829178460358,0.9257474071222118
7 , 360 , 0.48927056075627334,0.8537994613415439
7 , 370 , 0.5117045252398102,0.7973274668874707
7 , 380 , 0.5866287083710744,0.6749751509995526
7 , 390 , 0.46298315545740987,0.8421457429564041
7 , 400 , 0.5341459750022005,0.8158370166031755
7 , 410 , 0.530660440688375,0.7197108058395757
7 , 420 , 0.6878749429788287,0.7977892506940772
7 , 430 , 0.6211371854253649,1.2359577226203757
7 , 440 , 0.5839557641840233,0.6020424449146724
7 , 450 , 0.874964913362408,0.6637352272220269
7 , 460 , 0.9183893661379325,0.8523925913805283
7 , 470 , 0.8873701963362896,0.660334914913276
7 , 480 , 0.8428994042253407,0.5910722945801278
7 , 490 , 0.8579379766335786,0.6253399527918283
7 , 500 , 0.8133405055215253,0.8794406194980965
7 , 510 , 0.8882669227963457,0.6290492995620823
7 , 520 , 0.8932663522076281,0.6432689658451325
7 , 530 , 0.8627595456374489,0.7393158972177304
7 , 540 , 0.829932172067375,0.600918161895578
7 , 550 , 0.7901314176659127,0.6656123997890502
7 , 560 , 0.8430010253344914,0.6894720432226251
7 , 570 , 0.7431296013807168,0.5813535961222197
7 , 580 , 0.7943614357674914,0.7229704400820237
7 , 590 , 0.8448346448391599,0.8950323788461894
7 , 600 , 0.8545994043758224,0.8076370930503416
8 , 110 , 0.6712051403153795,0.8417528320350217
8 , 120 , 0.6936180518423312,0.859098764030819
8 , 130 , 0.7185310134113381,0.7857993188230382
8 , 140 , 0.7182974324966804,0.8222540033449179
8 , 150 , 0.8504036431847584,0.7228708976685209
8 , 160 , 0.8217234338042843,0.674346763050438
8 , 170 , 0.7658899499367575,0.832096882079884
8 , 180 , 0.8136778924669265,0.7659770775471841
8 , 190 , 0.7500984665082938,0.8129035005826717
8 , 200 , 0.7711159661203173,0.799718903957458
8 , 210 , 0.8058961097670048,0.7979587468965953
8 , 220 , 0.777702173936122,0.8397967300130057
8 , 230 , 0.7202688130734116,0.6982241933566455
8 , 240 , 0.6551752116836229,0.8049435563878216
8 , 250 , 0.6398146965202993,0.7430549537818578
8 , 260 , 0.6828629952903564,0.812706389473828
8 , 270 , 0.6099856633641627,0.7802895716566528
8 , 280 , 0.6856760063852491,0.6638173737897032
8 , 290 , 0.5715351982995818,0.9446608428603073
8 , 300 , 0.6132916194965199,0.7061107883334304
8 , 310 , 0.5860202122739346,0.7373190725024866
8 , 320 , 0.5614985844139175,0.6928220816748806
8 , 330 , 0.5788884046610309,0.7702025589799932
8 , 340 , 0.6002622715633545,0.7632913226652627
8 , 350 , 0.5663088420299609,0.8174574568278684
8 , 360 , 0.5342223838400927,0.7982258888727659
8 , 370 , 0.5061869320618576,0.7368966314719415
8 , 380 , 0.551039271673335,0.7316674291156496
8 , 390 , 0.48172688372220096,1.006365146114543
8 , 400 , 0.4628979839318261,0.7705159204246208
8 , 410 , 0.4805333566182932,0.6819598988851798
8 , 420 , 0.5808170139700914,0.8089344467159236
8 , 430 , 0.47304030656888363,0.7317667917625027
8 , 440 , 0.45096595061721884,0.7141393830733749
8 , 450 , 0.5431640092635265,0.791380829403172
8 , 460 , 0.5014708135479661,0.6271643974733746
8 , 470 , 0.6022195136022924,0.5758729687129078
8 , 480 , 0.594654267926823,0.6524243603380728
8 , 490 , 0.553180272259139,0.7137865440281174
8 , 500 , 0.5470801399797016,0.6971967763583841
8 , 510 , 0.5383588238454651,0.838075327159647
8 , 520 , 0.45187117770764235,0.5677850786671474
8 , 530 , 0.44782326048979443,0.7463059788872546
8 , 540 , 0.47001914048254406,0.7612132429586422
8 , 550 , 0.5644202846282543,0.7433324606992764
8 , 560 , 0.623456849679324,1.3849069369474774
8 , 570 , 0.5444991360586068,0.8481339415822913
8 , 580 , 0.49769253767880517,0.9593778050789306
8 , 590 , 0.5680937105699436,0.7077738902881465
8 , 600 , 0.7102346149280647,0.691935060324806
9 , 110 , 0.6640265396962409,0.7617359706065325
9 , 120 , 0.7092579058415337,0.8224099045221585
9 , 130 , 0.6842363629793692,0.7800140536593174
9 , 140 , 0.6996131441413708,0.7417587748775637
9 , 150 , 0.6893323398379395,0.8796959483702294
9 , 160 , 0.5990828735388358,0.8093477188911832
9 , 170 , 0.5754401336158981,0.8232686021998012
9 , 180 , 0.604974329696697,0.7460364477590354
9 , 190 , 0.6213632014379038,0.6931431602490952
9 , 200 , 0.5826926848802877,0.832127526824066
9 , 210 , 0.7850655177552237,0.811514432858617
9 , 220 , 0.8349190900714875,0.9081217889503236
9 , 230 , 1.0202716287289637,0.7805035273721052
9 , 240 , 0.7401456885093283,0.8550343639319833
9 , 250 , 0.8525917830959202,0.743350600669137
9 , 260 , 0.7772579240266313,0.7429580046212044
9 , 270 , 1.0146063195827462,0.7069869773706681
9 , 280 , 1.0454573291211855,0.741606307682041
9 , 290 , 0.8681925351122882,0.7519942882952143
9 , 300 , 0.902841687488523,0.6858150065859769
9 , 310 , 0.8744732925591613,0.6946156220257761
9 , 320 , 0.8776628511950786,0.7965596381439293
9 , 330 , 0.9660111678363363,0.8480451534384514
9 , 340 , 0.8390715184826265,0.8927288159475805
9 , 350 , 0.9214048186313841,0.7092094741452113
9 , 360 , 0.944507636588203,0.8946949326582797
9 , 370 , 0.7052949885620995,0.843463315373399
9 , 380 , 0.671395368587648,0.9959923059345167
9 , 390 , 0.7052999701366882,0.8336463549097796
9 , 400 , 0.8931475326784587,0.823640612030031
9 , 410 , 0.6706482562159077,0.8695095453851479
9 , 420 , 0.7992381057602823,0.7728423247024109
9 , 430 , 0.7805254674300013,1.0568439792209778
9 , 440 , 0.9318914035285937,0.9640070921082219
9 , 450 , 0.7655456287524852,0.9036770771398075
9 , 460 , 0.7649169973676059,0.8038870626763771
9 , 470 , 0.7149117583574792,0.6951408216401894
9 , 480 , 0.9628051161519027,0.5878537647190385
9 , 490 , 0.8343435745174416,0.6718711450625523
9 , 500 , 0.6944684749400564,0.6870501172492194
9 , 510 , 0.8893246604120979,0.7251602069629659
9 , 520 , 0.7970541905793963,0.6960165336174174
9 , 530 , 0.7773287902825763,0.9383759546330942
9 , 540 , 0.7778915158568386,0.8203283902262427
9 , 550 , 0.774447814737652,0.7122537075084084
9 , 560 , 0.9085149687545448,0.6917591758716443
9 , 570 , 0.7522771091668249,0.7284441805004056
9 , 580 , 0.8838699079648616,0.6259514622714147
9 , 590 , 0.7571005719231305,0.6499362935707345
9 , 600 , 0.6709547112534973,0.8152033384320668
10 , 110 , 0.7153121390474743,0.9251686789460728
10 , 120 , 0.6586801493274268,0.8313047688037206
10 , 130 , 0.6329655547663811,0.7994313255584682
10 , 140 , 0.6715493377740493,0.8751300941766272
10 , 150 , 0.6020270524172885,0.7664205973955828
10 , 160 , 0.7155466008976401,0.7902685555111691
10 , 170 , 0.643216337368949,1.0268883393121948
10 , 180 , 0.6077828658292121,0.8666901643626193
10 , 190 , 0.6849817892458344,0.8281778636168446
10 , 200 , 0.6968531532382477,0.7356498337445386
10 , 210 , 0.7130383576414618,0.7690062600251839
10 , 220 , 0.7342849513472482,0.7819506534044568
10 , 230 , 0.6877595967189598,0.772718373161958
10 , 240 , 0.7570563960256188,0.7316568688016081
10 , 250 , 0.7758212360851439,0.7984822930777637
10 , 260 , 0.7600438797559964,0.7586195770642028
10 , 270 , 0.8178307973029398,0.97141179572205
10 , 280 , 0.8036052621182194,0.6954341022861227
10 , 290 , 0.85853938646297,0.7901378631292508
10 , 300 , 0.7903037451078962,0.696810776963493
10 , 310 , 0.8402305263663904,0.7316988810388912
10 , 320 , 0.8959791049223547,0.7356829142046014
10 , 330 , 0.8937232013722256,0.7160589138001451
10 , 340 , 0.8505861654322624,0.8831059583863798
10 , 350 , 0.836249318701382,0.7540347023596681
10 , 360 , 0.8377733372603829,0.836047579959481
10 , 370 , 0.8185775702381702,0.7588601412944346
10 , 380 , 0.7532408493314915,0.7549561414699345
10 , 390 , 0.765829176612867,0.8150558150318066
10 , 400 , 0.7392215568018168,0.8313857755722391
10 , 410 , 0.6580470267281588,0.8168803392814429
10 , 420 , 0.7229403555108141,0.833879923238152
10 , 430 , 0.7883189772804197,0.7706496701263681
10 , 440 , 0.7800671977692065,0.78229314294032
10 , 450 , 0.8436803714333826,1.1822088011247294
10 , 460 , 0.7741436594121931,0.758895256067568
10 , 470 , 0.7821626847987954,0.9940370308562477
10 , 480 , 0.6996913009577965,0.9464327875770966
10 , 490 , 0.6768400193977483,0.6822412924840462
10 , 500 , 0.677672832969313,0.8125806923809631
10 , 510 , 0.9997588378380821,0.7509621119256723
10 , 520 , 0.8464513535473459,0.646801552683251
10 , 530 , 0.9261694544971177,0.6866983935201659
10 , 540 , 0.7814612974924229,0.815591705771295
10 , 550 , 0.7719219124887886,0.6847554832452523
10 , 560 , 0.6335152214226544,0.6619254222355775
10 , 570 , 0.6100308579318474,0.9769767723751253
10 , 580 , 0.6469665209009882,0.49638187923189836
10 , 590 , 0.624603810879794,0.8322386282860299
10 , 600 , 0.638955722910752,0.840676046632457
11 , 110 , 0.7470802346342341,0.7929581851762115
11 , 120 , 0.8895413880685512,0.8013708412481291
11 , 130 , 0.7640009914245013,0.995744009550252
11 , 140 , 0.6798258869190241,0.6982482348607948
11 , 150 , 0.8833400691179734,0.9052798884825323
11 , 160 , 0.6502621333158757,0.8152858643173392
11 , 170 , 0.6669768561001884,0.7170696030384442
11 , 180 , 0.6004761649724282,0.7373444797919704
11 , 190 , 0.5668565193093191,0.5978389591806589
11 , 200 , 0.5355911045826871,0.6356880238938319
11 , 210 , 0.4628782127281873,0.8107763283709231
11 , 220 , 0.48153219073913767,0.7102789226139468
11 , 230 , 0.5495792666793181,0.632609576287485
11 , 240 , 0.5285703119577685,0.678324842059959
11 , 250 , 0.5940127542503232,0.6435626326422175
11 , 260 , 0.5171670144089899,0.5566048945917247
11 , 270 , 0.5363324190310425,0.6482559055316346
11 , 280 , 0.6693400634763973,0.6405360614366671
11 , 290 , 0.7745079054981923,0.7630636117395215
11 , 300 , 0.7563230870011444,0.9924679236007458
11 , 310 , 0.7638264510335872,0.8863121573291859
11 , 320 , 0.8395101351391902,0.7698587375790017
11 , 330 , 0.8070344431642591,0.871265625911301
11 , 340 , 0.7311384165101957,0.8022202270049172
11 , 350 , 0.6495752430754634,1.7627371497839277
11 , 360 , 0.8907844176140789,0.5325827271816088
11 , 370 , 0.6521371978722464,0.5162995283294569
11 , 380 , 0.7852780836982156,0.7107798086677108
11 , 390 , 0.934030289510801,0.5018718842477633
11 , 400 , 1.1062759792627184,0.8164141468618595
11 , 410 , 0.9291689034141459,0.607464441604338
11 , 420 , 0.9099140476756788,1.9991681297800927
11 , 430 , 1.2154726164809546,0.5816363730986472
11 , 440 , 1.2390422007677102,0.41758238537398396
11 , 450 , 1.3025243643760396,0.3751370949363268
11 , 460 , 1.2881397722317847,1.1228245330980267
11 , 470 , 1.2992586283463194,0.9128971733397626
11 , 480 , 1.6464122424932999,0.4399171084621341
11 , 490 , 1.6074915455137295,0.43387035981683597
11 , 500 , 1.507910185389815,0.35277058881715434
11 , 510 , 1.5576864325655533,1.3778246315160614
11 , 520 , 2.0744075602910628,0.38781116586924125
11 , 530 , 1.894291939024596,0.38209292195091654
11 , 540 , 1.5854911770975957,0.42208547471277136
11 , 550 , 1.6338081385874597,0.25723186501815093
11 , 560 , 2.4573054702643002,0.36425044644417426
11 , 570 , 2.165647304258535,0.3977186359190658
11 , 580 , 2.216835893961596,0.44687575623715936
11 , 590 , 1.4734447024203225,0.338090052448752
11 , 600 , 1.6419202870043577,0.679268853279074
12 , 110 , 0.9407284113045735,0.8753755570480828
12 , 120 , 0.9292624349140476,0.7697618445671812
12 , 130 , 0.9178751987470769,0.8472263132138148
12 , 140 , 0.9099140648244483,0.8029577490267961
12 , 150 , 1.0192665961208773,0.7490250420779359
12 , 160 , 1.026726052012119,0.7250395613645817
12 , 170 , 1.0173065320285528,0.9013255230434966
12 , 180 , 0.9925766505062593,0.811885093950197
12 , 190 , 0.9851536521228114,0.7759203749969351
12 , 200 , 0.9999629766614032,0.6290878570090023
12 , 210 , 0.9278218035682693,0.6958551679861305
12 , 220 , 0.9495371493611978,0.9286816838302294
12 , 230 , 0.9546557519196979,0.8216172873299321
12 , 240 , 0.8909918096375908,0.7782407941478489
12 , 250 , 0.953798959474308,0.8654332435231163
12 , 260 , 0.9906595302504468,0.7139422516476681
12 , 270 , 0.9656957779914875,0.9927665326357092
12 , 280 , 0.9531368072244496,0.7087126247795843
12 , 290 , 0.9678218616195244,0.8093289074993549
12 , 300 , 1.0014581932715545,0.9013097524754751
12 , 310 , 1.1022330780814364,1.045937204449932
12 , 320 , 1.1008404511401872,0.69524539660011
12 , 330 , 1.0822932515094852,0.8520579340430222
12 , 340 , 1.0575251570847573,0.8514631836898973
12 , 350 , 1.197824422149207,0.7870721095534541
12 , 360 , 1.0277117736972143,0.8815125678268219
12 , 370 , 0.976510138153327,0.7726808417434113
12 , 380 , 0.9872426900206877,0.9001822760887933
12 , 390 , 0.9812249020308137,0.7379378033059423
12 , 400 , 0.9847925228221036,0.7303616896410264
12 , 410 , 0.9138940528680577,1.1256243634243255
12 , 420 , 1.2720343957300833,0.6890550292884532
12 , 430 , 1.2039504928042835,0.7903085740746162
12 , 440 , 1.3310756735382874,0.6681025785091482
12 , 450 , 1.4698453476663649,0.6997978030771904
12 , 460 , 1.1122584039163979,0.5365663738678458
12 , 470 , 1.077703501702989,0.6630417884512114
12 , 480 , 0.8905355829337865,0.6330766499235779
12 , 490 , 0.7884807747470036,0.5848762194504584
12 , 500 , 0.7711509605046021,0.5048138299958477
12 , 510 , 0.9352415791110231,0.6402145497471606
12 , 520 , 0.7186759050066821,0.8089949732074648
12 , 530 , 0.9222792367248186,0.9609787576315387
12 , 540 , 0.7213670590498583,0.7632913874801263
12 , 550 , 0.7312765062290403,0.7223826064426424
12 , 560 , 0.8334783944324873,0.9138558146097078
12 , 570 , 0.8388591550838563,0.675771478691227
12 , 580 , 0.7991091136681295,0.5835319647139233
12 , 590 , 0.7610265773472478,0.6321905888482107
12 , 600 , 0.7649460789079158,0.7088897810007366
13 , 110 , 0.5198721390698646,0.9414412668017901
13 , 120 , 0.5294925937419106,0.8339843079474026
13 , 130 , 0.5309272344692468,0.6844121750344774
13 , 140 , 0.5767056880809432,0.7236918539770305
13 , 150 , 0.5408339973470023,0.767027482614361
13 , 160 , 0.4789513527814534,0.7300324489105183
13 , 170 , 0.46674238642288435,0.7356393034393777
13 , 180 , 0.42842220016096716,0.9860658681804221
13 , 190 , 0.42784308926931996,0.6548878933943484
13 , 200 , 0.3693524671760184,0.7943805283473891
13 , 210 , 0.4527167886730781,0.7123864260730772
13 , 220 , 0.47352983176937086,0.6657749822694828
13 , 230 , 0.3976675611745784,0.8669692291390875
13 , 240 , 0.6237986293957073,0.6926506269266546
13 , 250 , 0.5640501855403935,0.622254144552615
13 , 260 , 0.5241683160633476,0.6929029307069203
13 , 270 , 0.6365886748987309,0.5583371129897117
13 , 280 , 0.3822431422430901,0.8013843792734721
13 , 290 , 0.44520626206260877,0.6762744017439605
13 , 300 , 0.505955582675826,0.7369433589016255
13 , 310 , 0.4431707847906098,0.6300120849874498
13 , 320 , 0.41040412757355865,0.8079610546545847
13 , 330 , 0.469968487133519,0.5708156679277394
13 , 340 , 0.4196834007129681,0.5982929712988544
13 , 350 , 0.47788395926806393,0.505144814669806
13 , 360 , 0.6222380337233504,0.6396597447222453
13 , 370 , 0.8057181538701758,0.6834246816250654
13 , 380 , 0.751888390519793,0.4987830258277082
13 , 390 , 0.2863796765272261,0.7100677001047632
13 , 400 , 0.45682141610880467,0.8821920297115307
13 , 410 , 0.28074422609360355,1.511041493263523
13 , 420 , 0.4642635441968551,0.6924078391770129
13 , 430 , 0.4596282287614406,0.5481946544076288
13 , 440 , 0.47686771413745466,0.5162277405994574
13 , 450 , 0.8336029254280105,0.539631103885112
13 , 460 , 0.8629621387622102,1.1579105979979176
13 , 470 , 0.8628569224882566,0.6535061139923136
13 , 480 , 0.87371177336672,0.41550761906791056
13 , 490 , 0.8579407451366835,0.7736024607068132
13 , 500 , 0.8440466449473952,0.8471466733653817
13 , 510 , 0.8703180278389543,0.45768160796600027
13 , 520 , 0.8606829856901701,0.43131397407028366
13 , 530 , 1.3233765528768904,0.6144630395670435
13 , 540 , 1.3176533399738124,0.7432917043755054
13 , 550 , 1.3547464789468673,0.43189586142243547
13 , 560 , 1.353829693805609,0.5932778759350736
13 , 570 , 1.3854875225021404,0.3737566312199593
13 , 580 , 1.4123486598712913,0.5273764424389169
13 , 590 , 1.3081370478089542,0.49376529038013
13 , 600 , 1.3316582130211772,0.3989889953844612
16 , 110 , 0.6454350062637968,0.9017514238730255
16 , 120 , 0.6331923246298314,0.7517903689051345
16 , 130 , 0.6743892861382224,1.043966143161205
16 , 140 , 0.666177919592045,0.7822776530597053
16 , 150 , 0.5873919530409999,0.8438345347145346
16 , 160 , 0.686171103560835,0.7665399344912394
16 , 170 , 0.6911596259377989,0.8301313888252344
16 , 180 , 0.6055358112226457,0.7017517445489346
16 , 190 , 0.6236341468473461,0.8272042204400738
16 , 200 , 0.548140263006528,0.7504914107691033
16 , 210 , 0.5797763249824749,0.6529841216741477
16 , 220 , 0.6014969285577393,0.8250218644565502
16 , 230 , 0.6356200288646698,0.8542534059669459
16 , 240 , 0.6284286507293899,0.7763483734864893
16 , 250 , 0.6284353120357332,0.689867644767181
16 , 260 , 0.6837844009829436,0.8171346972907445
16 , 270 , 0.6931985037448022,0.9351980555133433
16 , 280 , 0.7451900322563179,0.87214779548648
16 , 290 , 0.7352209365413276,0.7015677351291535
16 , 300 , 0.6555674505522859,0.7463658730689263
16 , 310 , 0.7010912548200614,0.804037638315762
16 , 320 , 0.7691798786916537,0.7452501425069792
16 , 330 , 0.6575530337597496,0.6591155367912928
16 , 340 , 0.6218378807513399,0.7809452081239495
16 , 350 , 0.6164017537496733,0.8048090169631457
16 , 360 , 0.6805297328374905,0.6464562436481611
16 , 370 , 0.6073021589343541,0.9037267484245207
16 , 380 , 0.6658861287291463,0.6672386987592367
16 , 390 , 0.6872164530364929,0.6585601972941494
16 , 400 , 0.672058126013813,0.9199115857682957
16 , 410 , 0.5787869509841127,0.7124115671538944
16 , 420 , 0.6323269606626247,0.7395303390862681
16 , 430 , 0.6338068742442827,0.7760102345602102
16 , 440 , 0.6162942916704427,0.7055523130700119
16 , 450 , 0.613627874039036,0.7395752486781417
16 , 460 , 0.611626148579268,0.6854630352539042
16 , 470 , 0.6171860983014953,0.6821803051555886
16 , 480 , 0.6210290774411112,0.9566557639120347
16 , 490 , 0.67073047599784,0.9021760364676756
16 , 500 , 0.7304418321149736,0.8750446536485174
16 , 510 , 0.708057110318677,0.7259135034898875
16 , 520 , 0.660021348717899,0.7923883590525257
16 , 530 , 0.6386801071296713,0.6303720493022331
16 , 540 , 0.7696655302879306,0.708113689185995
16 , 550 , 0.6412401822057321,0.6587908046740063
16 , 560 , 0.6247195406271883,0.8053020715070627
16 , 570 , 0.6143877778308094,0.793874782881423
16 , 580 , 0.7064984587250699,1.0160454395773866
16 , 590 , 0.7042064926870504,0.6094612211167454
16 , 600 , 0.8548935994246389,0.7996200679119019
17 , 110 , 1.6386724253514127,0.5529442935147724
17 , 120 , 1.6165119844090985,0.44377167003029977
17 , 130 , 3.069144033645126,0.4183230163634342
17 , 140 , 4.010146844628994,0.9525660839159937
17 , 150 , 4.464427317355873,0.7927415476633548
17 , 160 , 0.3598122476530531,1.0
17 , 190 , 0.29489789362566754,1.0
17 , 200 , 0.29489789362566754,1.0
17 , 210 , 0.18049091979422552,1.0
17 , 220 , 0.32654316146942247,1.0
17 , 230 , 0.32654316146942247,1.0
17 , 240 , 0.5192133825747433,1.0
17 , 250 , 0.5192133825747433,1.0
17 , 260 , 0.7350662207621825,1.0
17 , 270 , 1.7270762404136928,1.0
17 , 280 , 0.0,1.0
17 , 290 , 0.0,1.7095112913514496
17 , 340 , 0.0,1.7095112913514559
17 , 350 , 0.570288919830283,0.7493164884620166
17 , 360 , 0.5175586657959682,0.5609875833777574
17 , 370 , 0.0,3.1062837195053685
17 , 380 , 0.0,0.3703100622028975
17 , 390 , 0.0,8.659716802522732
17 , 400 , 0.0,0.21274605355336448
17 , 410 , 0.0,0.20446674241393165
17 , 420 , 0.0,0.4744962594735712
17 , 430 , 0.0,0.0
17 , 440 , 0.0,0.0
18 , 110 , 0.7329340761762252,0.8066872839189578
18 , 120 , 0.6966308866578478,0.788266088668715
18 , 130 , 0.741814683839374,0.767107710703086
18 , 140 , 0.7667592146987599,0.8009184973152544
18 , 150 , 0.8235495112775688,0.7469338482530071
18 , 160 , 0.6989817856448072,0.7601279268406571
18 , 170 , 0.7534726847636211,0.7682947880734469
18 , 180 , 0.7117913551979145,0.7920772744560491
18 , 190 , 0.7142315877263339,0.7259068675194215
18 , 200 , 0.6218940303842597,1.0169645293267235
18 , 210 , 0.6517956245958919,0.7703330434848892
18 , 220 , 0.6514779557039259,0.79302968371272
18 , 230 , 0.6192096800745408,0.8146953256601719
18 , 240 , 0.5860314771320837,0.7508587543213163
18 , 250 , 0.6409004216498385,0.7746605421763105
18 , 260 , 0.6186324099273782,0.8033326815814098
18 , 270 , 0.5359603085149265,0.8264696202911956
18 , 280 , 0.6270219011962839,0.7020038897404669
18 , 290 , 0.5128982929209552,0.9493402201573289
18 , 300 , 0.5602063946027204,0.9266774878589964
18 , 310 , 0.5768565378377245,0.8368772398474732
18 , 320 , 0.6551348081391571,0.8207417207067631
18 , 330 , 0.6694670415547213,0.7675774823762727
18 , 340 , 0.6683476326671539,0.71792993550715
18 , 350 , 0.6390263390813028,0.9571348091303821
18 , 360 , 0.7211221786219176,0.8557728941783216
18 , 370 , 0.6119848780923879,0.8346753957582917
18 , 380 , 0.6300379011088623,0.7102530515445602
18 , 390 , 0.7465883020510112,0.8983583391648341
18 , 400 , 0.7611099857647391,0.8790175311045554
18 , 410 , 0.8485874062431512,0.9571069442677631
18 , 420 , 0.8488400127263819,0.6539900968015857
18 , 430 , 0.7185028115209653,0.5965374189222585
18 , 440 , 0.8270077449014205,0.5553745741415897
18 , 450 , 0.8441623345344429,0.911630103271737
18 , 460 , 0.7908695667552297,1.192929654317357
18 , 470 , 0.8119503383806361,0.7023384553464099
18 , 480 , 0.8207020104713032,0.7726400346684207
18 , 490 , 0.7819021095853879,0.6740889727482523
18 , 500 , 0.8185804476405919,0.9636852436041822
18 , 510 , 0.8172273135706195,0.6659400045961351
18 , 520 , 0.7068628000061692,0.639470570562928
18 , 530 , 0.6480559011564773,0.6068367381040871
18 , 540 , 0.6696685761908343,0.5367445743799323
18 , 550 , 0.7943185675597151,0.5509692648886362
18 , 560 , 0.7845561935244231,0.6963027681810043
18 , 570 , 0.5928551018845262,0.7645481316361251
18 , 580 , 0.6996496178856296,1.1059932019688645
18 , 590 , 0.7335823244578911,0.6771507982853027
18 , 600 , 0.7840072615506577,1.0085590091660825
19 , 110 , 0.6107692047095258,0.7605779754142857
19 , 120 , 0.6412996571679782,0.7590670885332254
19 , 130 , 0.5883799382789072,0.7943831773949162
19 , 140 , 0.5836999610762381,0.7872383279715982
19 , 150 , 0.5403679222258398,0.7116541899601172
19 , 160 , 0.467699911362045,0.8226019986186005
19 , 170 , 0.47060104359363775,0.8508179247038354
19 , 180 , 0.5143147137135005,0.7886347505931685
19 , 190 , 0.6350078725920536,0.9766444374894488
19 , 200 , 0.5262653394326439,0.7564533483265906
19 , 210 , 0.5437410544623815,0.7830314003066264
19 , 220 , 0.4044610615869989,0.734152507454455
19 , 230 , 0.3993921678479716,0.7498775651410264
19 , 240 , 0.49460488371491246,0.729415288182721
19 , 250 , 0.4827438073975299,0.8329161091702659
19 , 260 , 0.46866023319560995,0.7215503193452352
19 , 270 , 0.37895887593972494,0.6105094748303361
19 , 280 , 0.47958790618124786,0.7864325964681597
19 , 290 , 0.5053766963110953,0.6586433049430037
19 , 300 , 0.4635024388330758,0.760145679337841
19 , 310 , 0.28593671474352916,0.8050699246546648
19 , 320 , 0.30839793543147226,0.906706139409029
19 , 330 , 0.35764767274974235,0.7314718100826527
19 , 340 , 0.4353205142603125,0.7884657150770605
19 , 350 , 0.3510510493752702,0.8770199085131378
19 , 360 , 0.31791564551678414,0.6787952004981307
19 , 370 , 0.2933524884872947,0.7310955990179564
19 , 380 , 0.3119791630961695,0.6791139824354483
19 , 390 , 0.39967514020617,0.6846093170859507
19 , 400 , 0.385923429580516,0.5299327730126143
19 , 410 , 0.3201847321077289,1.0376777525150926
19 , 420 , 0.357213337026244,1.0575578191095008
19 , 430 , 0.3316270694427329,0.844871674175669
19 , 440 , 0.4930479892699796,0.6663995573533056
19 , 450 , 1.0633878158023493,0.8992636123395832
19 , 460 , 0.8375550114178348,0.7797943294625843
19 , 470 , 1.0632024907221278,0.5973387431723789
19 , 480 , 1.0578445675772001,1.2143778729745178
19 , 490 , 1.0077460765911097,0.6167172113915692
19 , 500 , 1.0118466687813716,0.7320145938648076
19 , 510 , 0.9822840964766086,0.7078091899547433
19 , 520 , 0.97548887003875,1.170959805541234
19 , 530 , 1.026277142921271,0.7773907504604568
19 , 540 , 0.4560892287325654,0.545022518222327
19 , 550 , 0.6418182611783823,0.5425023509587331
19 , 560 , 0.5597620687058913,0.848884331778823
19 , 570 , 0.7881875238307516,0.5087121615797227
19 , 580 , 0.5379633512892937,0.9136829715701671
19 , 590 , 0.5731868535279449,0.7402009064433966
19 , 600 , 0.4383676753261577,0.8687296623115597
20 , 110 , 0.7556394980438224,0.7701094550753174
20 , 120 , 0.6845682599244192,0.7726400313594065
20 , 130 , 0.6574380530718785,0.7169258087260532
20 , 140 , 0.7298558635384932,0.671186911627662
20 , 150 , 0.6692327820867193,0.7488918986091849
20 , 160 , 0.6537969288650926,0.9088848635633818
20 , 170 , 0.7256285821628417,0.7746045284006716
20 , 180 , 0.668430393879806,0.6529990121195974
20 , 190 , 0.6835995497744961,0.9887321702121908
20 , 200 , 0.7704433533274071,0.8868740506581028
20 , 210 , 0.8547843822362324,0.725293972640879
20 , 220 , 0.8139800098435487,0.7801566035842394
20 , 230 , 0.8747881339416903,0.7372933937714515
20 , 240 , 0.8369155022057924,0.8730154222249931
20 , 250 , 0.7340199911718456,0.7235789173040114
20 , 260 , 0.7840284411054854,0.891693985543634
20 , 270 , 0.7112568118413681,1.0206031357512684
20 , 280 , 0.9296374901328247,0.679295967988378
20 , 290 , 0.7207825570616767,0.9526478347471978
20 , 300 , 0.6169884856107921,0.6472455557630131
20 , 310 , 0.6578698505842863,0.7805712519621925
20 , 320 , 0.6592376622456031,0.6829477703315481
20 , 330 , 0.6844184091970503,1.1792422072255127
20 , 340 , 0.6996158892152796,0.8422881538098899
20 , 350 , 0.6084532020343507,0.9573491598284272
20 , 360 , 0.6403437377857889,0.8035197685209352
20 , 370 , 0.6078324229991557,0.8761181119763564
20 , 380 , 0.5768953273392119,0.7191782463416746
20 , 390 , 0.5772645606102885,0.8602096767467766
20 , 400 , 0.5429816513361813,0.7634369022162907
20 , 410 , 0.5355765201352868,0.6373765855725022
20 , 420 , 0.5274477875781997,0.6939417916732988
20 , 430 , 0.6060447201414804,0.6670365487087848
20 , 440 , 0.45533464494744386,0.6586465417658399
20 , 450 , 0.5783885654948435,0.5383407567542345
20 , 460 , 0.3801486227286009,0.6075558087412704
20 , 470 , 0.4792043030981406,0.6057188129663811
20 , 480 , 0.5726123785407544,0.6813968492533196
20 , 490 , 0.5102460571280125,0.6102383725305693
20 , 500 , 0.5624654517350375,0.8661851152041015
20 , 510 , 0.49562651752707026,0.5263863023791353
20 , 520 , 0.5040899479490872,1.0069941109830778
20 , 530 , 0.46366654594677364,0.7674388026710712
20 , 540 , 0.5734261704089648,0.8984650435726714
20 , 550 , 0.4087033856725786,0.7777563228367956
20 , 560 , 0.4599840205192605,0.5894844046527419
20 , 570 , 0.3616569879849786,0.9288072683314073
20 , 580 , 0.35087681192037523,0.8831140181268731
20 , 590 , 0.46149953842199504,0.5599196448681697
20 , 600 , 0.5227507626520654,0.6154186735134658
22 , 110 , 0.7214804797891148,0.8356266528373189
22 , 120 , 0.6100295020941869,0.8021580100671362
22 , 130 , 0.6513316248676664,0.9201653313081618
22 , 140 , 0.6646395771620687,0.7730468669353121
22 , 150 , 0.6015093535152924,0.7215187582516341
22 , 160 , 0.6035374993243582,0.7508755310261281
22 , 170 , 0.5790811644971512,0.7551848536624485
22 , 180 , 0.5790556753281303,0.6761040821745262
22 , 190 , 0.546748860780923,0.7392344461830912
22 , 200 , 0.5575138074745823,0.838260648407678
22 , 210 , 0.5103623805529534,0.8725426117283913
22 , 220 , 0.46747424974035134,0.7560407605030517
22 , 230 , 0.4624029644550193,0.8216166617525408
22 , 240 , 0.4441346227024658,0.7358514516886739
22 , 250 , 0.6458296227941009,0.6782102780315242
22 , 260 , 0.5619940388393131,0.7455228416963422
22 , 270 , 0.510611354565825,0.6154720114880581
22 , 280 , 0.5433170557447843,0.8850779720737882
22 , 290 , 0.5544686586667034,0.6108153450524179
22 , 300 , 0.48364247342287864,0.8496340052272645
22 , 310 , 0.5317372177537795,0.7677188494203192
22 , 320 , 0.7217573201421146,0.7767449002614102
22 , 330 , 0.46964396770347605,0.7571895648290649
22 , 340 , 0.4318998301204254,0.635572484162844
22 , 350 , 0.4694768772628954,0.6296427150959246
22 , 360 , 0.48541115602191465,0.7879661167165674
22 , 370 , 0.3604109571172077,0.744620615514354
22 , 380 , 0.5326029926383162,0.7897165532352306
22 , 390 , 0.4267954951063535,0.8084351947155786
22 , 400 , 0.5050538178072902,0.7169859717462786
22 , 410 , 0.3948068597265239,0.7638555232356873
22 , 420 , 0.44371830541234153,1.0580029336400534
22 , 430 , 0.3237402971009597,0.8905622178433461
22 , 440 , 0.41526752783100523,0.8823298755957323
22 , 450 , 0.45296915871188853,0.6832164767660128
22 , 460 , 0.41535868325274317,0.7145505335947934
22 , 470 , 0.5054157830276501,0.6896292006813617
22 , 480 , 0.4431158869872604,0.9944847352825861
22 , 490 , 0.43536643030713845,0.8689789727955441
22 , 500 , 0.39053339839732726,0.5989367990837549
22 , 510 , 0.42320262981909246,0.9970845580797767
22 , 520 , 0.41930752913266217,0.7064199395460616
22 , 530 , 0.5627848900167112,1.0357507789762306
22 , 540 , 0.626682943478478,0.740845589292294
22 , 550 , 0.5992961122065392,1.6053924472353593
22 , 560 , 0.6115235642020119,0.7931938911584946
22 , 570 , 0.5467409166737137,0.5250463173585973
22 , 580 , 0.5915295030928605,0.5985051153029187
22 , 590 , 0.5077493580215611,0.7657451943139202
22 , 600 , 0.5910074056394585,0.623479806835586
23 , 110 , 0.6445089022104384,0.715221253801371
23 , 120 , 0.6445951772801511,0.760427126815384
23 , 130 , 0.6344199615240841,0.7887072112467353
23 , 140 , 0.6728724583872282,0.7249400162896074
23 , 150 , 0.6579168042202368,0.6546382400396038
23 , 160 , 0.6998150203504641,0.8210986426751191
23 , 170 , 0.6122582065632635,0.7150630422396643
23 , 180 , 0.6878028477602851,0.6553071519508203
23 , 190 , 0.6719133625061309,0.6325969060160986
23 , 200 , 0.7071354302941678,0.631273137072155
23 , 210 , 0.6165552769409575,0.6556186522415766
23 , 220 , 0.6781626761677682,0.6580065677713535
23 , 230 , 0.6691299137684789,0.6349529888298256
23 , 240 , 0.6845311365507685,0.6744667287634044
23 , 250 , 0.7623555645339676,0.7506117365523446
23 , 260 , 0.762367273333131,0.682219757767808
23 , 270 , 0.7232706158525228,0.661207585029663
23 , 280 , 0.7508857878936386,0.8764893298563451
23 , 290 , 0.7058998732522148,0.7798371137944418
23 , 300 , 0.7009624551918616,0.689174177927572
23 , 310 , 0.7058238303279895,0.6251395053888681
23 , 320 , 0.8591650231545154,0.6430644870766155
23 , 330 , 0.8616721353029712,0.8974515960016751
23 , 340 , 0.8567780863983552,0.7114513617418315
23 , 350 , 0.8938843623293593,0.8151311406187659
23 , 360 , 0.8282978493511366,0.7410176258555515
23 , 370 , 0.8634727195482538,0.8171944209734392
23 , 380 , 0.6844601461009134,0.565182273342416
23 , 390 , 0.8279526924635209,0.6658213818051216
23 , 400 , 0.6793200045356502,0.7276355002877808
23 , 410 , 0.8419837140409343,0.6699626277686711
23 , 420 , 0.679068277870046,0.697995749376748
23 , 430 , 0.6571529475425982,0.6117006630282958
23 , 440 , 0.6067911761111752,0.6915358383686145
23 , 450 , 0.5905868548052735,0.5199707522746322
23 , 460 , 0.6246772955558478,0.6857394879507442
23 , 470 , 0.6610429341412103,0.7242208910018514
23 , 480 , 0.6222616774415219,0.7024327117235448
23 , 490 , 0.663219251258847,0.717638805668981
23 , 500 , 0.6375649847091722,0.5615609013106926
23 , 510 , 0.616958223073039,0.7384234248264523
23 , 520 , 0.7604090095227358,0.9039275721405525
23 , 530 , 0.7263413904422865,0.6261047130976714
23 , 540 , 0.753998866597916,0.7675572464410566
23 , 550 , 0.7583209010785622,0.5575256334972446
23 , 560 , 0.7325338146437576,0.6490510526833961
23 , 570 , 0.6994616864709265,0.6354143440356144
23 , 580 , 0.777189323273826,0.5940559559209553
23 , 590 , 0.7057055837332227,0.5603729843077093
23 , 600 , 0.6991811313137125,0.5592740091345703
24 , 110 , 0.42494204862980645,0.841230837540655
24 , 120 , 0.4451323096295684,0.8506289997190761
24 , 130 , 0.41216484626909144,0.6933691085205014
24 , 140 , 0.4264143976129737,0.9182713770645697
24 , 150 , 0.4722182017139253,0.9386237067540238
24 , 160 , 0.45682890397123516,0.8417941737916883
24 , 170 , 0.4215118611885566,0.8781543405571296
24 , 180 , 0.4018297404213041,0.6886535691254055
24 , 190 , 0.4249257952654393,0.7508570238276734
24 , 200 , 0.44102601950110226,0.8192953145994326
24 , 210 , 0.39001632294370814,0.8758410094910833
24 , 220 , 0.3399392484107204,0.6910871669469063
24 , 230 , 0.34237218200514735,0.9829863940325422
24 , 240 , 0.3409480087646944,0.7151944353749671
24 , 250 , 0.31073996288041605,0.7904608981428629
24 , 260 , 0.33250625625022606,0.8693403405633859
24 , 270 , 0.2981858624469937,0.7627825246116554
24 , 280 , 0.34873214771815547,0.6693096604155323
24 , 290 , 0.22346627396819663,0.7314219313683568
24 , 300 , 0.29317313914142396,0.8026264770024795
24 , 310 , 0.249862096753315,0.6959583131998609
24 , 320 , 0.30270176375996766,0.9300410960238135
24 , 330 , 0.19267775307347926,0.7498105713624333
24 , 340 , 0.23471770428271096,0.8192391205221173
24 , 350 , 0.2580637090715766,0.826362804505257
24 , 360 , 0.2535358909684718,0.7831874617612563
24 , 370 , 0.2698810965999659,0.8033283519636013
24 , 380 , 0.23164941964643376,0.9437802838656719
24 , 390 , 0.3051350542387354,0.6759443520866362
24 , 400 , 0.26215404397089737,0.6982081830852827
24 , 410 , 0.20630029558209373,1.2980406712179733
24 , 420 , 0.3135029068086578,0.7335793086288039
24 , 430 , 0.3615870052733674,0.733862342224771
24 , 440 , 0.309424924642757,0.8149379137686287
24 , 450 , 0.5066726044436666,0.8705047481042517
24 , 460 , 0.4067223752164275,1.1593541041980941
24 , 470 , 0.5512257849175086,0.8755844502168992
24 , 480 , 0.5523761076190958,0.8665679441619712
24 , 490 , 0.4835463228609432,0.8504714506279608
24 , 500 , 0.6385849128158106,0.7529550269875348
24 , 510 , 0.5771004475724796,0.7686588507715671
24 , 520 , 0.5559917633450974,0.7493624335602607
24 , 530 , 0.800537959643109,0.7642030594946869
24 , 540 , 0.6805950592668033,0.9539426484046256
24 , 550 , 0.7716241814724037,0.7236146816351038
24 , 560 , 0.9547809951134028,0.6895627423359364
24 , 570 , 1.0741994307424705,0.7411265073736282
24 , 580 , 1.0839084948911162,1.0056829243463603
24 , 590 , 1.113891869190282,0.789574757234491
24 , 600 , 0.9829774122986134,0.7140897480862763
25 , 110 , 0.6372024137357206,0.7589476951074522
25 , 120 , 0.7241138023957506,0.8615303308637273
25 , 130 , 0.7464716825143356,0.7407346862890047
25 , 140 , 0.5527407975537937,0.7660730947944554
25 , 150 , 0.5335670852156044,0.7456568695136782
25 , 160 , 0.5712641823124204,0.8571914508129421
25 , 170 , 0.584573150445644,0.7932500963054852
25 , 180 , 0.5474401856214323,0.7774366270163291
25 , 190 , 0.5636055202577566,0.787090570069176
25 , 200 , 0.5788543192312411,0.7533836565616578
25 , 210 , 0.6659155533760632,0.8489269987880258
25 , 220 , 0.5805943912201998,0.6787676889917464
25 , 230 , 0.5650091873964871,0.8535937234070101
25 , 240 , 0.5891217532331433,0.8595013771271789
25 , 250 , 0.5301960640226577,0.7279644392087822
25 , 260 , 0.5706572054179626,0.8725693038142075
25 , 270 , 0.5765040988646629,0.7431773459699768
25 , 280 , 0.7646672506670414,0.6915123410688323
25 , 290 , 0.851036745146209,0.7337116250774978
25 , 300 , 0.8670423701778859,0.5873928180168395
25 , 310 , 0.8423731788147087,0.6831403099010848
25 , 320 , 0.7925066518702931,0.7077742108383535
25 , 330 , 0.7716469005454915,0.7456312629418465
25 , 340 , 0.7755746440032644,0.6655373150725677
25 , 350 , 0.7492949201665337,0.9163239650338028
25 , 360 , 0.7268732789378645,0.7558780712327539
25 , 370 , 0.7114595391678162,0.8290200790269748
25 , 380 , 0.22394116766005087,0.5616380867623184
25 , 390 , 0.2798006601710098,0.7287723381131813
25 , 400 , 0.2208187293774733,0.5998693372990862
25 , 410 , 0.2173190109337311,0.639355242800305
25 , 420 , 0.19095300619709427,0.8856321041370064
25 , 430 , 0.16753745713760598,0.6589475472373002
25 , 440 , 0.19293327277692757,0.5885159367730474
25 , 450 , 0.11781562692654741,0.6243922376737581
25 , 460 , 0.1948637881237798,0.5452820820825368
25 , 470 , 0.1527466715377382,1.051365735923509
25 , 480 , 0.1462845958878271,0.7878912221797223
25 , 490 , 0.31949413138547617,0.869463070634797
25 , 500 , 0.23805048858453132,0.8282439242061231
25 , 510 , 0.22059403930185617,1.0572606684078862
25 , 520 , 0.27312584781882243,0.6002417549031214
25 , 530 , 0.22919111738939152,0.5034191074345679
25 , 540 , 0.6174053152339658,0.6418757120767824
25 , 550 , 0.48292006405612475,0.7782010011732162
25 , 560 , 0.31764192410907904,0.6143617138015055
25 , 570 , 0.3091060985588134,0.5120328364274196
25 , 580 , 0.2588490118167167,0.5835690531790356
25 , 590 , 0.3486320459128702,0.7411450182998855
25 , 600 , 0.4408489319099128,0.5984086456964899
26 , 110 , 0.7125200652996342,0.7518240820894009
26 , 120 , 0.6808907034882133,0.7457958449188363
26 , 130 , 0.594614399232213,0.6990124197486695
26 , 140 , 0.6254041422821155,0.7764976825805724
26 , 150 , 0.6829572743242707,0.8876447076502144
26 , 160 , 0.6031824927277524,0.6803135311019803
26 , 170 , 0.6562525668775024,0.9814711250855096
26 , 180 , 0.6432359256299162,0.7174358582656201
26 , 190 , 0.7194618488822534,0.7419729710204221
26 , 200 , 0.708008275231413,0.8860591161446482
26 , 210 , 0.7399068244441567,0.6533103978051762
26 , 220 , 0.7224745140300505,0.6610815597050449
26 , 230 , 0.69948731685511,0.6939794635696633
26 , 240 , 0.6834162788440843,0.6205585205528757
26 , 250 , 0.6964271141209518,0.7418519074292323
26 , 260 , 0.8844228009152093,0.631864932094686
26 , 270 , 0.8553814474223916,0.6665251561023982
26 , 280 , 0.6856461135794705,0.7785474838508573
26 , 290 , 0.7552076194515265,0.7038063011131044
26 , 300 , 0.7970715382456006,0.7605274086751956
26 , 310 , 0.770186244379545,1.2739696625951178
26 , 320 , 0.8326071704728589,0.6413120746859168
26 , 330 , 1.073912354379143,0.6005479256247592
26 , 340 , 0.7776172894554261,1.4472594260385472
26 , 350 , 0.7428060703105899,0.65601307857508
26 , 360 , 0.9125964064521819,0.6676953281796103
26 , 370 , 0.8807107633762027,0.5809750285896828
26 , 380 , 0.7777408554258184,0.7061452484622003
26 , 390 , 0.6588037762511566,0.9639750887906313
26 , 400 , 0.891196361496076,0.6492216283481514
26 , 410 , 0.7818118198694114,0.6630849394406672
26 , 420 , 0.9030796711011317,0.7953401350267545
26 , 430 , 0.6773462074476776,0.5565139807653265
26 , 440 , 0.8132752636792597,0.5300779196549285
26 , 450 , 0.7281102276755633,0.7206461704429796
26 , 460 , 0.7855248266168964,0.7195162389007785
26 , 470 , 0.7428283701969397,0.6810914059818061
26 , 480 , 0.8856738912176705,0.5628803225825216
26 , 490 , 0.8611035805241851,0.8792733794609842
26 , 500 , 0.8719266947111254,0.6919873532880715
26 , 510 , 0.921405002734805,0.5592045092915086
26 , 520 , 0.7360301013576418,0.5367863791101075
26 , 530 , 0.6730426586340994,0.46929177786938037
26 , 540 , 0.766233838326476,0.5117737474305878
26 , 550 , 0.6040063026680819,0.48036212856818034
26 , 560 , 0.5150442628441084,0.7552915297225512
26 , 570 , 0.5952595023729048,0.4913724640217534
26 , 580 , 0.6975265246439927,0.48877100275257335
26 , 590 , 0.702946815575585,0.7533847425268839
26 , 600 , 0.7441330548637773,0.7624520635608066
27 , 110 , 0.6894034103284543,0.7525094389905606
27 , 120 , 0.6456904523948522,0.7926996456445746
27 , 130 , 0.6336783707985768,0.9131449781664644
27 , 140 , 0.5550596663287498,0.7114445850606339
27 , 150 , 0.6035112190702315,0.7814629742412443
27 , 160 , 0.5995762473597852,0.6978868162716514
27 , 170 , 0.47284216807267926,0.9408605536698607
27 , 180 , 0.46923535690965734,0.6766441885477683
27 , 190 , 0.4493825850736023,0.7904536866593044
27 , 200 , 0.4700860364277255,0.7854891505442723
27 , 210 , 0.5131567081384105,0.6613636824019905
27 , 220 , 0.5972863757759763,0.7155916596835304
27 , 230 , 0.5835108177561106,0.826841248685909
27 , 240 , 0.6155317876145773,0.7079702927548258
27 , 250 , 0.4952836662912495,0.9449063228685805
27 , 260 , 0.5766882516324816,0.6946525943335111
27 , 270 , 0.6220878569947239,0.6855486267102698
27 , 280 , 0.45139213209988166,0.7271979593240677
27 , 290 , 0.4264997463390183,0.9378344843912509
27 , 300 , 0.5249803777612637,0.8242248042578486
27 , 310 , 0.5853613677849989,0.7128414370917115
27 , 320 , 0.5699035733245255,0.5421697783111272
27 , 330 , 0.47537951916373705,0.6343384571960786
27 , 340 , 0.4974749904201863,0.7038841942408472
27 , 350 , 0.3524892212131491,0.7240439453735802
27 , 360 , 0.8010270159115686,0.7602357297689049
27 , 370 , 0.5977114944109427,0.663539915747879
27 , 380 , 0.5847196599810132,0.8702681876277649
27 , 390 , 0.6858020023200254,0.7560975402104048
27 , 400 , 0.5625216733935882,0.4782196238964894
27 , 410 , 0.6812859191732719,0.8511622942148555
27 , 420 , 0.6240205988466481,0.6658896167104765
27 , 430 , 0.444958301553965,0.7628231448999843
27 , 440 , 0.36221776902472885,0.4827450491533163
27 , 450 , 0.4058126192133485,0.5898083906383007
27 , 460 , 0.5390263224064625,0.6070845041780014
27 , 470 , 0.49308225883381457,0.8228119788600492
27 , 480 , 0.4857861211661763,0.5733615491908749
27 , 490 , 0.5287334554986526,0.9785624172594309
27 , 500 , 0.5947611391878128,0.6542095484989452
27 , 510 , 0.4654587021829358,0.7551713688406876
27 , 520 , 0.5073232097086068,0.5797793441351264
27 , 530 , 0.6198577458188642,0.823010611678458
27 , 540 , 0.6043404823282497,0.8590146550527913
27 , 550 , 0.5410081837806987,0.5916720284793529
27 , 560 , 0.5894134096709425,0.619487215778185
27 , 570 , 0.6269093067628081,0.988390496548316
27 , 580 , 0.47658412789005833,0.6249514776694277
27 , 590 , 0.5500789684360409,0.6810691619492033
27 , 600 , 0.7033162759433115,0.6524218741072098
29 , 110 , 0.5209421903492298,0.7590331150362319
29 , 120 , 0.4668930559863554,0.798197504915217
29 , 130 , 0.5112454946323144,0.7481942864549912
29 , 140 , 0.4921290149145811,0.9470734789763464
29 , 150 , 0.5014607176263952,0.8518730678880079
29 , 160 , 0.5542887648938319,0.8033155114081421
29 , 170 , 0.5528203778656348,0.9218133736268997
29 , 180 , 0.6334706374789308,0.8587309845026476
29 , 190 , 0.6990418733597421,0.7636586892856003
29 , 200 , 0.7928101648278898,0.880180602967986
29 , 210 , 0.5771984968846237,0.8261833597967155
29 , 220 , 0.6061237524874278,0.739568975453272
29 , 230 , 0.7311375187042444,0.7123986996252993
29 , 240 , 0.7392373119064276,0.8733362062501133
29 , 250 , 0.7807173453970427,0.7546894542620104
29 , 260 , 0.8216868367703887,0.7925965206338615
29 , 270 , 0.8129206059870469,0.7161816916466379
29 , 280 , 0.716968764757074,0.583606314229757
29 , 290 , 0.6334888980388781,0.7711348494460967
29 , 300 , 0.5638769553641202,0.7513527984507001
29 , 310 , 0.5410799572299734,0.6391686545477415
29 , 320 , 0.5268387654207193,0.7264858333144794
29 , 330 , 0.532643581458502,0.8191317557097204
29 , 340 , 0.49789686490778906,1.0167183523131076
29 , 350 , 0.36970567032866675,0.7810460402293633
29 , 360 , 0.37511638597798685,0.7584687928064932
29 , 370 , 0.4564039081218803,0.797436069375044
29 , 380 , 0.422101482179498,0.6948968020814726
29 , 390 , 0.4423034878427718,0.6911819427676369
29 , 400 , 0.42934019018369446,0.6778148549297576
29 , 410 , 0.3998065907688346,0.6612468269959769
29 , 420 , 0.3746216051339677,0.8623377894234346
29 , 430 , 0.4809267311030323,0.7386199175195984
29 , 440 , 0.38128599798722607,1.065398061531321
29 , 450 , 0.39757597169652353,0.6870268578275128
29 , 460 , 0.37703233110972806,0.7750993085129322
29 , 470 , 0.4529790009152794,1.017094389755289
29 , 480 , 0.46067376461132753,0.906779943540016
29 , 490 , 0.36928032911771047,0.9474115477465026
29 , 500 , 0.3914855693459656,0.6733123089280657
29 , 510 , 0.3166503772604943,0.7652158974236367
29 , 520 , 0.34115629217317783,0.73549413880165
29 , 530 , 0.30034068407071196,0.8926292397680996
29 , 540 , 0.3203578044304018,0.8944990959780992
29 , 550 , 0.33100419175996126,0.5583924326959384
29 , 560 , 0.33059220419999724,0.5746452312533387
29 , 570 , 0.298336985540633,1.1821341049644862
29 , 580 , 0.2755477976487325,0.6443729472417745
29 , 590 , 0.4348194348529306,0.6509784907810865
29 , 600 , 0.22476363458423948,0.5404619075910045
30 , 110 , 0.4077487060246861,0.9332064402636497
30 , 120 , 0.5088770394443779,0.7831455811167509
30 , 130 , 0.4555028649394818,0.8112014594553609
30 , 140 , 0.4850139115400957,0.8241289730669809
30 , 150 , 0.3333325642797875,0.759675456382612
30 , 160 , 0.30530994073655243,0.774621548045554
30 , 170 , 0.8867380391589252,1.029439881292859
30 , 180 , 0.6214332577822237,0.7838213728848918
30 , 190 , 0.44530766304892067,0.7896108745745024
30 , 200 , 0.4199791667922989,0.7296541720556718
30 , 210 , 0.450711424829872,0.974477768064591
30 , 220 , 0.45858465241319774,1.1389434349373868
30 , 230 , 0.4118493991769587,0.6708260437408071
30 , 240 , 0.45784942113443244,0.6539787846473762
30 , 250 , 0.42101489595075486,1.4247514983177938
30 , 260 , 0.40829335187910604,0.6724447852581611
30 , 270 , 0.7182602367440679,1.4697303315004442
30 , 280 , 0.600183207582269,1.2753022306862833
30 , 290 , 0.6055688973878228,0.9340882409764449
30 , 300 , 0.535827794766843,0.8759942290868218
30 , 310 , 0.7669733309275576,0.7700315960581169
30 , 320 , 1.09336478989988,1.1967162445003185
30 , 330 , 0.4577243078514363,0.39306994530842443
30 , 340 , 0.5232479044407309,0.8069150031923648
30 , 350 , 0.398235674051465,0.9849683502492467
30 , 360 , 1.4714737200261832,1.4352905091083765
30 , 370 , 1.0301125011394925,0.3017257846810616
30 , 380 , 0.6067352963806265,1.8014710335222095
30 , 390 , 0.0,1.2969738538132467
30 , 400 , 1.1639129775377208,3.1613561646879944
30 , 410 , 1.737201474563256,0.35976367982805385
30 , 420 , 1.76093235636526,0.3692945486551962
30 , 430 , 1.76093235636526,0.3617961745172524
30 , 440 , 1.0069702063520978,0.39647972634112116
30 , 450 , 0.6566157685720392,0.3262595103420192
30 , 460 , 0.6566157685720392,12.365577889730744
30 , 470 , 0.8285568501125795,0.38846696819327275
30 , 480 , 0.4383157083288533,0.38902043679563814
30 , 490 , 0.21915785416442665,1.0
30 , 500 , 0.21915785416442665,1.0
30 , 510 , 0.21915785416442665,1.0
30 , 520 , 0.3473569805891321,1.0
30 , 530 , 0.21915785416442665,3.801784016923935
30 , 540 , 0.592691781295808,0.35620718710802235
30 , 550 , 0.592691781295808,0.31313663784270646
30 , 560 , 0.592691781295808,0.278942945651131
30 , 570 , 0.592691781295808,10.740053666281353
30 , 580 , 0.0,12.820099947341186
30 , 590 , 0.0,0.22424382421757566
30 , 600 , 0.0,0.2127863192622697
31 , 110 , 0.8587061407080745,0.7852347760433689
31 , 120 , 0.8634289832735567,0.7698688353330322
31 , 130 , 0.8696797209566476,0.7698675861908486
31 , 140 , 0.9467202220661097,0.8267941346939727
31 , 150 , 1.0677302984836492,0.779845958305504
31 , 160 , 1.0473680015419964,0.7912761704711312
31 , 170 , 0.7653302244101978,0.7727836061966874
31 , 180 , 0.7881811642761051,0.8467847683589524
31 , 190 , 0.6733249201812553,0.8210865703156963
31 , 200 , 0.731203687217788,0.7458345310138158
31 , 210 , 0.7429085634372862,0.8886220439780771
31 , 220 , 0.6620419772397613,0.7889617570061258
31 , 230 , 0.5878913251698937,0.894196424348818
31 , 240 , 0.5741331951105582,0.7830664289270384
31 , 250 , 0.39539338879921976,0.8083208118746115
31 , 260 , 0.4640371841972865,0.6264984942660291
31 , 270 , 0.505146661052407,0.795670350296458
31 , 280 , 0.4029317182833588,0.7973644313212798
31 , 290 , 0.36640815249517744,0.6619760065917573
31 , 300 , 0.746940392477373,0.6974202364794947
31 , 310 , 0.7432581906634125,0.7440599493252343
31 , 320 , 0.7101471175372781,1.247264621182849
31 , 330 , 0.7660749828788884,0.8191463108633242
31 , 340 , 0.6652373901656718,0.741340395020844
31 , 350 , 0.970347225723554,1.0795283265886684
31 , 360 , 0.7929540053797647,0.7034340417057987
31 , 370 , 0.7781140668956987,0.7231865336101059
31 , 380 , 0.7489207377452849,0.6766886050490456
31 , 390 , 0.8365593333400135,0.9223734184163964
31 , 400 , 0.666880223373364,0.8267467311836469
31 , 410 , 0.7100595065726921,0.6635596507126481
31 , 420 , 0.8241205971420158,0.5822669387716229
31 , 430 , 0.7950400657930659,0.9220040972696999
31 , 440 , 0.6629408550523265,1.0183632109044634
31 , 450 , 0.6559097581777192,0.7407004199335228
31 , 460 , 0.8461915483675143,0.6234405095582941
31 , 470 , 0.6893671668634864,0.6886543521196307
31 , 480 , 0.6989900834877337,0.8325445163197929
31 , 490 , 0.7194522093851727,0.6593440414299628
31 , 500 , 0.6653484889278855,0.7579175441543116
31 , 510 , 0.8419079626270227,0.6974849799369922
31 , 520 , 0.610863367946001,0.5953745242678936
31 , 530 , 0.8181571869350376,0.8073820546693568
31 , 540 , 0.5253066177886857,0.7216318032912874
31 , 550 , 0.6261572361583303,0.6851153341567023
31 , 560 , 0.62695678465989,0.5965234196300383
31 , 570 , 0.713753539789358,0.6426079303655549
31 , 580 , 0.7651868374572202,0.6152895151240323
31 , 590 , 0.925613192255438,0.7595579723402335
31 , 600 , 0.8902759260474322,0.7127037515089665
32 , 110 , 0.3802275643931439,0.7957323968030454
32 , 120 , 0.4584645817455746,0.7877845249314045
32 , 130 , 0.49568931430339047,0.6866489025077993
32 , 140 , 0.6104144731891801,0.8804097594472436
32 , 150 , 0.5628791019251012,0.7202082567268638
32 , 160 , 0.48616330697379795,0.7150618139600401
32 , 170 , 0.6129827939482435,0.7223369678505387
32 , 180 , 0.7591742985703611,0.7637153650400234
32 , 190 , 0.5717902000665289,0.7128022510669596
32 , 200 , 0.8977104203450862,0.9739527288845325
32 , 210 , 0.8201450013078606,0.8216417950593272
32 , 220 , 0.9106807836309528,0.7504309175954395
32 , 230 , 1.313561229287536,0.7934605529015494
32 , 240 , 1.2047427684004368,0.8340650703435415
32 , 250 , 1.3964679372388629,0.43133172855242974
32 , 260 , 1.3787260060487925,0.5700845509212493
32 , 270 , 1.4399203356206545,0.648893513448994
32 , 280 , 1.5568597933033888,0.9114810797496653
32 , 290 , 1.5419277380682672,0.41096678390075536
32 , 300 , 2.301462328465743,1.7586272812205692
32 , 310 , 2.080810339930556,1.815586436741857
32 , 320 , 2.0680716674522666,0.550082422047247
32 , 330 , 1.704182862777014,1.045776571932922
32 , 340 , 1.1138716383112859,0.5893147991912221
32 , 350 , 2.173073583176173,0.5961805265523005
32 , 360 , 0.0,0.6309297535714555
32 , 370 , 0.0,0.6309297535714579
33 , 110 , 0.8389402125962464,0.7012458693052867
33 , 120 , 0.8085032311846089,0.7400845654057877
33 , 130 , 0.8101206695436945,0.8343630913704482
33 , 140 , 0.794800026079188,0.7765508912888063
33 , 150 , 0.7780838585879591,0.7951624119617281
33 , 160 , 0.7122712431290249,0.7210213195870436
33 , 170 , 0.7927892403733721,0.6934393768473514
33 , 180 , 0.6893878641211876,0.7992881553037506
33 , 190 , 0.6474582923409653,0.8023715416489317
33 , 200 , 0.6957324744254415,0.7448357414742169
33 , 210 , 0.6589801239077805,0.8061364689228031
33 , 220 , 0.661097051915388,0.848314280556834
33 , 230 , 0.644935209457607,0.7849723723592871
33 , 240 , 0.6386132558744442,0.9586464523610496
33 , 250 , 0.6267252935554563,0.669757086365854
33 , 260 , 0.6512412278004863,0.7850818642949399
33 , 270 , 0.5713143849969659,0.65319483931428
33 , 280 , 0.7300182244401098,0.7052894223742956
33 , 290 , 0.6102037804102408,0.8018311869673119
33 , 300 , 0.5907106221798797,0.8649737632966765
33 , 310 , 0.6104051711365348,0.752865108928996
33 , 320 , 0.4840817350534324,0.8614570822458547
33 , 330 , 0.490122939246005,0.8260351825893562
33 , 340 , 0.56554485189643,0.6915358102954958
33 , 350 , 0.46090712642585013,0.8023929424835945
33 , 360 , 0.627549242153584,0.8682730344211147
33 , 370 , 0.5382306664106637,0.7273842111248252
33 , 380 , 0.48651033376221064,0.8532313088606878
33 , 390 , 0.5562139873703155,0.7893113630726504
33 , 400 , 0.5555339541353276,0.764428252022595
33 , 410 , 0.5663683960219349,0.6855771607148564
33 , 420 , 0.5594912843327499,0.5640782743641384
33 , 430 , 0.5319466552045783,0.8417005863706587
33 , 440 , 0.49779945491848254,0.8060709004329526
33 , 450 , 0.4930385766707883,0.6722053784727023
33 , 460 , 0.6591737369598722,0.6009394256465884
33 , 470 , 0.6404211689141472,0.6494873592335046
33 , 480 , 0.660171447392749,0.7096965122490559
33 , 490 , 0.7801061711390433,0.7142531913164857
33 , 500 , 0.627269987611995,0.5070273775199923
33 , 510 , 0.6334211165064478,0.6688456949853506
33 , 520 , 0.5886071409677802,0.7034543355076022
33 , 530 , 0.6056455303933731,0.8968705975019745
33 , 540 , 0.5880627505011584,0.7048374282866132
33 , 550 , 0.7150659584423106,0.6721441950560051
33 , 560 , 0.5843830967720015,0.6147545923754711
33 , 570 , 0.6091808808270742,0.8543140974487566
33 , 580 , 0.6210903258173758,0.632247626523197
33 , 590 , 0.5519297481044596,0.7759794896729822
33 , 600 , 0.42170730218151314,0.6190430190823885
34 , 110 , 2.2893336378598215,0.7390803486353419
34 , 120 , 6.314626568256664,4.919396071322525
34 , 130 , 5.702676025385892,0.8107144632819592
35 , 110 , 0.6154177520497492,0.8121000306996788
35 , 120 , 0.6543049697859548,0.7925126114934303
35 , 130 , 0.6661095060029609,0.7827465108478837
35 , 140 , 0.6718616561280547,0.7341480813343814
35 , 150 , 0.6759446258342607,0.7309518752574964
35 , 160 , 0.7066851717183346,0.7140047444292249
35 , 170 , 0.7568846474782824,0.82896763923872
35 , 180 , 0.6797136119468359,0.8571106322340379
35 , 190 , 0.6506180680025769,0.8257716243930565
35 , 200 , 0.696015339275359,0.7265546588876444
35 , 210 , 0.5569951159507426,0.909505416682436
35 , 220 , 0.5416357894930575,0.7328780942762894
35 , 230 , 0.5567229460946613,0.7305960958708632
35 , 240 , 0.5828844821294775,0.6192467988590914
35 , 250 , 0.5257860642287892,0.7198781894607691
35 , 260 , 0.5427171619665639,0.7681309868589835
35 , 270 , 0.5554540871502315,0.6650430870245179
35 , 280 , 0.594161995744226,0.7855355356795996
35 , 290 , 0.5954098565079434,0.7356102162203626
35 , 300 , 0.5702253650707495,0.9096885297678364
35 , 310 , 0.6459249222727663,0.8337016009587487
35 , 320 , 0.7005292842053805,0.8370473982345585
35 , 330 , 0.6861759071601307,0.7311125379351608
35 , 340 , 0.7197446605449629,0.9053126954927951
35 , 350 , 0.7316021372202852,0.8171082616135804
35 , 360 , 0.8012658725590549,0.868010978820254
35 , 370 , 0.6837687889729706,0.8131579432835834
35 , 380 , 0.7007504551074523,0.7570125258121411
35 , 390 , 0.7222835537118413,0.6722518981911451
35 , 400 , 1.0555147900795618,0.8090048660913568
35 , 410 , 1.0703051940719739,0.5990420623433663
35 , 420 , 1.0047833662104928,0.8093750068053677
35 , 430 , 1.011707882949925,0.8324884422493374
35 , 440 , 0.5780399627886914,0.6809508267451113
35 , 450 , 0.7190373514243606,0.6582780157720628
35 , 460 , 0.5407340001903492,0.9276467571542829
35 , 470 , 0.605829841336257,0.8331748552929689
35 , 480 , 0.6476318293133679,0.7668996001053218
35 , 490 , 0.5733689655680322,0.9280198774648919
35 , 500 , 0.42059625738886824,0.8682902766869535
35 , 510 , 0.4862484008913466,0.6541363735795488
35 , 520 , 0.46355157067910846,0.7933900077737542
35 , 530 , 0.36956366194361956,1.1076924446269865
35 , 540 , 0.4528008144348994,0.6912803483270834
35 , 550 , 0.30585510281170275,0.5574646746206728
35 , 560 , 0.46818910047831797,1.0273851416915771
35 , 570 , 0.438657688313099,0.7382611224083748
35 , 580 , 0.6434269746540456,0.6925626267863816
35 , 590 , 0.3125021079468635,0.7736011186206944
35 , 600 , 0.35653124854798446,0.6049915444576994
36 , 110 , 0.8387230143328978,0.7406772160274688
36 , 120 , 0.8268628768541575,0.6418833007562945
36 , 130 , 0.8621443816876411,0.6994088921169154
36 , 140 , 0.9433083634005774,0.7059402165204797
36 , 150 , 0.9243612584791373,0.6561744444702764
36 , 160 , 0.9254309694888011,0.8547510805131754
36 , 170 , 0.9048460071859435,0.8382836834539659
36 , 180 , 1.0303291422671275,0.7802032606659012
36 , 190 , 0.8803626934555648,0.7192636713138605
36 , 200 , 0.7841047138501983,0.7741039804189919
36 , 210 , 0.7923675161334562,0.7659211071916516
36 , 220 , 1.0028175491501616,0.672371929142542
36 , 230 , 0.9932070044902882,0.7995037132773214
36 , 240 , 0.9873174026808661,0.7984160736016177
36 , 250 , 0.9858823222352249,0.9861369335215275
36 , 260 , 0.8259346942789925,0.7925190463630096
36 , 270 , 0.8387225751793329,0.9910471252070554
36 , 280 , 0.8147674024260726,0.8100475430302015
36 , 290 , 0.8036144047275428,0.7022645989185458
36 , 300 , 0.7118812229712966,0.9353633831424711
36 , 310 , 0.7579319185555508,0.7538553400943254
36 , 320 , 0.7421528701169577,0.9785000827948808
36 , 330 , 0.7259344352101292,0.7081097475984248
36 , 340 , 0.7258122401275824,0.8695312698261876
36 , 350 , 0.6875916033518263,0.6793539773372529
36 , 360 , 0.6641463590138285,1.4555124005495137
36 , 370 , 0.701886758623402,0.8099511655373666
36 , 380 , 0.6739531004389916,0.7145915145190871
36 , 390 , 0.6892299447785794,1.0223427080180514
36 , 400 , 0.6916790839020303,0.6861827055523856
36 , 410 , 0.6559208229674038,0.6482488956741241
36 , 420 , 0.631069445243192,0.6568480541965708
36 , 430 , 0.5580353575494738,0.7295222093630175
36 , 440 , 0.515934186191895,0.6423156490144637
36 , 450 , 0.5042013117445885,0.6077455876780785
36 , 460 , 0.5283488104382447,0.5999445109232981
36 , 470 , 0.5313709494248029,0.6053883393296713
36 , 480 , 0.589036357113091,0.6632367248052042
36 , 490 , 0.6275685061588319,0.7498662590826898
36 , 500 , 0.4893641213043972,0.6462483372626989
36 , 510 , 0.5477512265950899,0.7819097289342245
36 , 520 , 0.4701645851001581,0.7674135285163332
36 , 530 , 0.4637455951749018,0.6231908044022035
36 , 540 , 0.49706505635577786,0.8039243177919172
36 , 550 , 0.45924454593507696,1.022348435983373
36 , 560 , 0.46823011287124844,0.782095714292895
36 , 570 , 0.5065619320317185,0.6761202945712542
36 , 580 , 0.5036230435239312,0.6624263570985198
36 , 590 , 0.39138618118869106,0.7257170377196571
36 , 600 , 0.36198709184357486,0.7313255232359304
37 , 110 , 0.8058019148040286,0.8072927910697578
37 , 120 , 0.8860632173239302,0.9018218720616054
37 , 130 , 0.7829980038427928,0.8047931195697186
37 , 140 , 0.7365694056489006,0.9385261691862301
37 , 150 , 0.7301083775677225,0.7846702346065875
37 , 160 , 0.5644889271847385,0.6916132177079203
37 , 170 , 0.58068619568991,0.7747917165708246
37 , 180 , 0.5829755030811729,0.7985799848975076
37 , 190 , 0.5498597218639766,0.7308968428198921
37 , 200 , 0.4984982216707465,0.8949572026184711
37 , 210 , 0.4711264116883725,0.7614681003321512
37 , 220 , 0.4929380598533814,0.7743903488405319
37 , 230 , 0.7841637530416801,0.7320803946900871
37 , 240 , 0.7652189529972111,0.6865703452000831
37 , 250 , 0.7992021453710744,0.7018785004782798
37 , 260 , 0.6708197056697993,0.7159061544647995
37 , 270 , 0.7810699506677096,0.7260830215233394
37 , 280 , 0.7720175727404074,0.8682672954649397
37 , 290 , 0.6844986502192194,0.8037236002988709
37 , 300 , 0.8642519800682118,1.0433355852103197
37 , 310 , 0.8345984050563616,1.0180045123882187
37 , 320 , 0.8430458265892115,0.8319161395503866
37 , 330 , 0.8265755416306317,0.7816507377541856
37 , 340 , 0.8779979138456984,0.9709254416012671
37 , 350 , 0.850034482892586,1.0026700986133894
37 , 360 , 0.8830793527068659,1.1074082572189263
37 , 370 , 0.8717617909878028,0.8342719223907854
37 , 380 , 0.8504363465446794,0.8675358907978516
37 , 390 , 0.8777289829102716,0.5759692235219024
37 , 400 , 0.873124664731605,0.866872152458527
37 , 410 , 0.9226763100836548,0.7379611559530505
37 , 420 , 0.8118644889520608,1.3933096158308163
37 , 430 , 0.4053156418792069,0.8280124431871866
37 , 440 , 0.329697819108218,0.5694010759668847
37 , 450 , 0.9160451516420335,0.7327639793465648
37 , 460 , 0.9017112043943865,0.5736320099520074
37 , 470 , 0.7356410937778436,0.5820387665419232
37 , 480 , 0.7153840008098531,0.5223503622300782
37 , 490 , 0.5696572794170638,0.7216354819375117
37 , 500 , 0.5946981737579458,0.6173681267026525
37 , 510 , 0.5793489680259044,0.6338701658199545
37 , 520 , 0.6582368001092498,1.1415997604456487
37 , 530 , 0.6813104859684488,1.0758104328099671
37 , 540 , 0.6853968289514581,0.6689713766944955
37 , 550 , 0.1653010521376833,0.6933352082514351
37 , 560 , 0.16006693379215198,0.5794649729939609
37 , 570 , 0.13799073478243604,0.5849002958305298
37 , 580 , 0.1797321951940844,0.9151620962314033
37 , 590 , 0.2359111238865422,0.6400785516856586
37 , 600 , 0.2232265320944245,0.4338405093671185
39 , 110 , 0.6676676694024521,0.8007692869347126
39 , 120 , 0.6660844276094856,0.7649330630406782
39 , 130 , 0.6860388404238066,0.8447882258466795
39 , 140 , 0.6898659163921931,0.7224360902350051
39 , 150 , 0.6692402766222413,0.944147276106341
39 , 160 , 0.7328798245848112,0.8672014396019921
39 , 170 , 0.6752014759501619,0.9032297476724418
39 , 180 , 0.6613434529495984,0.8682725431704313
39 , 190 , 0.6568245537273956,0.788129296146275
39 , 200 , 0.5883976221918193,0.8846567884091749
39 , 210 , 0.5302551085952969,0.7589755567820035
39 , 220 , 0.6653116299113326,0.833945426335365
39 , 230 , 0.6050252092125783,0.748830959612956
39 , 240 , 0.5909838089455048,0.6976748262726055
39 , 250 , 0.5926240755765738,0.788675740502064
39 , 260 , 0.6050472595733971,0.8814311625983865
39 , 270 , 0.5953032786444996,0.7233938538215486
39 , 280 , 0.676895204499608,0.7562992484976301
39 , 290 , 0.5937869917089981,0.6962913398812293
39 , 300 , 0.5955350750441416,0.8023094251123294
39 , 310 , 0.44836060022792695,0.648546589481357
39 , 320 , 0.49514192602088225,0.6780414941895565
39 , 330 , 0.47622381322290336,0.7093544340263306
39 , 340 , 0.4589547674003419,0.672287755308525
39 , 350 , 0.5779778935731247,0.6967337321453105
39 , 360 , 0.5698693462069884,0.7107296725090941
39 , 370 , 0.4203892904527247,0.6804218599118534
39 , 380 , 0.35851541966081707,0.6442172893757775
39 , 390 , 0.4076051726723823,0.6482743590016368
39 , 400 , 0.3632024263331955,0.7504247273703823
39 , 410 , 0.4668511913975051,0.6405824615582569
39 , 420 , 0.3016645894047258,0.5745425899917452
39 , 430 , 0.3433737476570212,0.8775274358418463
39 , 440 , 0.39810213143914436,0.7443074062246303
39 , 450 , 0.4071730580392074,0.7923699346873248
39 , 460 , 0.4315412274364774,0.6079133140634337
39 , 470 , 0.41509367865907654,1.1145785359472664
39 , 480 , 0.4285774505890179,0.8543872176677882
39 , 490 , 0.32305454714796034,0.6812277483552037
39 , 500 , 0.4224198324115657,0.8762173039710702
39 , 510 , 0.3140373372825404,0.8658794856229336
39 , 520 , 0.37846650203758586,0.6528730289869359
39 , 530 , 0.2981887257911705,0.6483201171613932
39 , 540 , 0.25916588949207847,0.7868103032444158
39 , 550 , 0.31441045269780155,0.5876129305902491
39 , 560 , 0.3058946696759597,0.8320377631046525
39 , 570 , 0.2855355069253168,0.5712509922513556
39 , 580 , 0.2968344727110233,0.7087440020543485
39 , 590 , 0.43672191904651675,0.7214070550431959
39 , 600 , 0.13706771128043888,0.6496686634457355
40 , 110 , 0.4429357818190723,0.7096598558042341
40 , 120 , 0.4170703303319458,0.7349555091053787
40 , 130 , 0.3623212233474675,0.6974442969979757
40 , 140 , 0.36883295858624293,0.9805965304251808
40 , 150 , 0.34432511225696427,0.939787770195206
40 , 160 , 0.28455009747412474,0.6452646481582097
40 , 170 , 0.3159492426631124,0.7116719915296691
40 , 180 , 0.30826528846055495,0.7658227067536313
40 , 190 , 0.29566386416390594,0.7494782083682258
40 , 200 , 0.3459961817016779,0.8130904890130588
40 , 210 , 0.29989569190987725,0.7112164952904817
40 , 220 , 0.25626023345994003,0.6862275098529523
40 , 230 , 0.2514529352131101,0.785660320432846
40 , 240 , 0.29810906705566786,0.760568358789998
40 , 250 , 0.2511477190753667,0.7788387389378396
40 , 260 , 0.2446346519102149,0.6640901693786216
40 , 270 , 0.2226115042534161,0.6748026312469942
40 , 280 , 0.24021366653493034,0.7953408621883828
40 , 290 , 0.18370735745268707,0.7200607406275793
40 , 300 , 0.2142112169706577,0.7500727137944971
40 , 310 , 0.25625682690849216,0.7401285822739444
40 , 320 , 0.1782600653784057,0.6583468636298587
40 , 330 , 0.21181407566586344,0.7306702373363003
40 , 340 , 0.21190249041471101,0.5803111574058688
40 , 350 , 0.1757464567603963,0.6765155526505388
40 , 360 , 0.2944187391354676,0.6042770720841224
40 , 370 , 0.2635864790693283,0.5840721898810977
40 , 380 , 0.2057112817646198,0.5982780349461813
40 , 390 , 0.18940129015267532,0.6493093131678799
40 , 400 , 0.2971218514927342,0.6240152351667311
40 , 410 , 0.13910350327584875,0.6025787266226315
40 , 420 , 0.18119453636055963,0.7430904819839426
40 , 430 , 0.12344772678130231,0.7961133555499005
40 , 440 , 0.13253434626150007,0.5761789363911622
40 , 450 , 0.18043715858302142,0.6095619194689947
40 , 460 , 0.1176271025105857,0.7690408700964364
40 , 470 , 0.19981124946421386,1.3561763319606164
40 , 480 , 0.09159120612822982,0.6389145150580103
40 , 490 , 0.15568631965887447,0.5970290575697368
40 , 500 , 0.1693531067496784,0.6688748986842504
40 , 510 , 0.10721271447081626,0.6520623053052164
40 , 520 , 0.19532547953016732,0.7274784887112321
40 , 530 , 0.20560665640611622,0.4830969894262541
40 , 540 , 0.13533223876159245,0.7772576267547113
40 , 550 , 0.290682466984428,0.6935074669666752
40 , 560 , 0.11506005401871523,1.0627339959823892
40 , 570 , 0.12436491271028782,0.8339391835806541
40 , 580 , 0.16072042003381087,0.46102808033272136
40 , 590 , 0.18895455830906926,0.5121188851184196
40 , 600 , 0.18855990779688253,0.8144974658523786
42 , 110 , 0.7009033337268028,0.8720129815955893
42 , 120 , 0.6216042033947314,0.7233339264358242
42 , 130 , 0.6429438920346882,0.7991054380941711
42 , 140 , 0.5691759654722642,0.8451686915172747
42 , 150 , 0.5818078013944836,0.8402487090062399
42 , 160 , 0.6409696085045795,0.8605602103572594
42 , 170 , 0.5985294071335128,0.9888815046386958
42 , 180 , 0.6469315193579576,0.7324906801691481
42 , 190 , 0.6656375790698091,0.9251331107589056
42 , 200 , 0.6010569221430366,0.7082015615831856
42 , 210 , 0.6324277595315729,0.9975986364835359
42 , 220 , 0.5322821855525421,0.6970563076069995
42 , 230 , 0.6465173051845728,1.0403691523570955
42 , 240 , 0.5551518835188013,0.8242869237929502
42 , 250 , 0.5159065859774911,0.7571256777975639
42 , 260 , 0.6156594464991815,0.8303718216554845
42 , 270 , 0.5310371938317235,0.7356713733492931
42 , 280 , 0.5332581118405392,0.8882779406266423
42 , 290 , 0.5801649053747338,0.8185825405825513
42 , 300 , 0.5709749374149947,0.8986025843364921
42 , 310 , 0.4609172403021217,0.7961415705125285
42 , 320 , 0.5454174660806803,0.8208592607666989
42 , 330 , 0.45330030741455746,0.7140685435735425
42 , 340 , 0.5492443426770116,0.7330424952150859
42 , 350 , 0.48864432935125957,0.8235222335651088
42 , 360 , 0.46781291184669005,0.8448518336493706
42 , 370 , 0.6390144383902725,0.6953433777516947
42 , 380 , 0.6090387602491326,0.8167688581420895
42 , 390 , 0.6842556781368143,0.8304418654261467
42 , 400 , 0.6163578417367416,0.9701115195102583
42 , 410 , 0.5583385699070118,0.8559776125262859
42 , 420 , 0.6035023382553263,0.8263663754739389
42 , 430 , 0.524036610052247,0.9518588764528966
42 , 440 , 0.6473733501990162,0.6784535199312748
42 , 450 , 0.5230968281029336,0.9858189550233903
42 , 460 , 0.6766954281725184,0.7190807019590353
42 , 470 , 0.6995760510773072,0.7467851280150232
42 , 480 , 0.6640697856638968,0.8213916991558655
42 , 490 , 0.6692689836645849,0.7209468959767794
42 , 500 , 0.5751834245469432,0.8021255357870217
42 , 510 , 0.6165930972097188,0.9175296319685485
42 , 520 , 0.5243295586621546,0.7672537786635236
42 , 530 , 0.6082396632617656,0.6565837473461248
42 , 540 , 0.5516579575000659,0.8436567613242663
42 , 550 , 0.6041371779451057,0.8268008418659276
42 , 560 , 0.7545685822175379,0.8064112063309828
42 , 570 , 0.49864381973783295,0.8804194853357987
42 , 580 , 0.5278268432201408,0.7595357561603331
42 , 590 , 0.6638977679583197,0.8270024883737384
42 , 600 , 0.684914122935258,0.7279183742496638
44 , 110 , 7.236815058884226,0.7617930622784934
45 , 110 , 0.9609459280911666,0.7369492330654114
45 , 120 , 1.4759571078396634,0.882912195472723
45 , 130 , 1.9767065290357388,0.6202183261390141
45 , 140 , 2.2384377280046275,0.6833760580817617
45 , 150 , 2.346905740670331,0.41949949110576756
45 , 160 , 3.3379551590883025,4.780448207448893
45 , 170 , 4.865084376764186,4.482277735760253
45 , 180 , 5.190893069684425,0.6309297535714556
46 , 110 , 0.7405163936748019,0.7995664712104659
46 , 120 , 0.735078301044989,0.8258880269715516
46 , 130 , 0.7515016222764366,0.8643025923505957
46 , 140 , 0.6645102152702611,0.8594804430801872
46 , 150 , 0.6762390219602369,0.8975286755449083
46 , 160 , 0.7408474912658088,0.7162673242056895
46 , 170 , 0.691392592720078,0.8404030295790763
46 , 180 , 0.627671527449621,0.6899929982883992
46 , 190 , 0.6017436275145459,0.7450158921748667
46 , 200 , 0.39933885319186035,0.7771604760475547
46 , 210 , 0.3629124919255865,1.22167104166885
46 , 220 , 0.3732211044283645,0.7325651036724823
46 , 230 , 0.3797891965979849,0.678026959984104
46 , 240 , 0.33379987433151687,0.8349588743448273
46 , 250 , 0.3639827534369152,0.8306883020751702
46 , 260 , 0.32885247738709616,0.8178362201447525
46 , 270 , 0.32322644349297297,1.119455427016342
46 , 280 , 0.3463447142827373,0.708882336918055
46 , 290 , 0.3228631824451909,0.6857176878065719
46 , 300 , 0.3501807883164094,0.7215878972368774
46 , 310 , 0.2858546640863508,0.7307110231861029
46 , 320 , 0.30516600967097596,0.9490804983937075
46 , 330 , 0.3616515433830155,0.7679459445952254
46 , 340 , 0.5368097185336367,0.9177903294978564
46 , 350 , 0.5698158228759571,0.7765716129442712
46 , 360 , 0.5089087399091908,0.953841031857247
46 , 370 , 0.5706190110254483,0.7470828181098469
46 , 380 , 0.607971159182583,0.6637338910991669
46 , 390 , 0.5917607189856626,1.0736951798720682
46 , 400 , 0.5798415224239004,1.0049244782654567
46 , 410 , 0.7003464777354118,0.7428966671700244
46 , 420 , 0.43182691177320587,0.8543141785144874
46 , 430 , 0.5553295219328737,0.845046094554946
46 , 440 , 0.6230428764661975,0.7288421875090437
46 , 450 , 0.504225010132845,0.480438661405286
46 , 460 , 0.5680668526868342,0.7557348952846549
46 , 470 , 0.4277148701533702,0.6317387578306642
46 , 480 , 0.4168815203003551,0.8833889728173214
46 , 490 , 0.3821657003095289,0.6763511632039549
46 , 500 , 0.3279419295667389,0.8527640090877054
46 , 510 , 0.39991073390767856,0.8968116442673498
46 , 520 , 0.46803150198078075,0.7254337913715132
46 , 530 , 0.6215661409684159,0.5650026655772135
46 , 540 , 0.5095710301617351,0.6243363654456167
46 , 550 , 0.1802470991662983,0.7922480193964581
46 , 560 , 0.32600466758921604,0.9039070897517633
46 , 570 , 0.3898388481901523,0.8871439578574619
46 , 580 , 0.4027502449562986,0.9299023372738752
46 , 590 , 0.4460211642385581,0.627254960529776
46 , 600 , 0.2874041145413985,0.5064765974437424
47 , 110 , 0.5574842803752569,0.6941721734755353
47 , 120 , 0.5903120477467684,0.8555052670736683
47 , 130 , 0.512124949178173,0.775937940162345
47 , 140 , 0.5573874296697384,0.9541458622110063
47 , 150 , 0.4961242352882747,0.7654900503704983
47 , 160 , 0.519678209740283,0.7417406379133309
47 , 170 , 0.5251492637764043,0.8831481337510871
47 , 180 , 0.5037774234888767,0.7359244853455327
47 , 190 , 0.6788610193561613,0.8153584847982421
47 , 200 , 0.4930771150446644,0.7589427256216678
47 , 210 , 0.6034170591948368,0.8703103094496712
47 , 220 , 0.5240315367395572,0.8179692780055385
47 , 230 , 0.5138299812537415,0.9864302526599558
47 , 240 , 0.5425720508626853,0.6502612802920225
47 , 250 , 0.5288119276565131,0.7871537475938055
47 , 260 , 0.515707006278451,0.6896921979256193
47 , 270 , 0.3869230303312614,0.7512137977556316
47 , 280 , 0.4086674341550674,0.9087492848440143
47 , 290 , 0.4191575096749914,0.8486716167950611
47 , 300 , 0.29114737998026663,1.1692525205555437
47 , 310 , 0.30104348353460547,0.7148911110660058
47 , 320 , 0.2450188564605535,0.9083132528615943
47 , 330 , 0.20756410164356848,0.7766025358611002
47 , 340 , 0.35548179004521496,0.6469498444539757
47 , 350 , 0.2980348744979623,0.7540479217134588
47 , 360 , 0.2715288492579685,0.730664090737627
47 , 370 , 0.27839872857790565,0.7215725231077581
47 , 380 , 0.27706274316341406,0.6500292423935421
47 , 390 , 0.2954497327419011,0.6290806182926936
47 , 400 , 0.31678281094814015,0.7895369638261693
47 , 410 , 0.2518435498709013,0.6390985824938353
47 , 420 , 0.2704384332552472,0.5739380486187677
47 , 430 , 0.27586367299528936,0.8778406127477112
47 , 440 , 0.25315757551183543,0.637514367641973
47 , 450 , 0.18931470226749134,1.1350823886413932
47 , 460 , 0.16064960675439058,0.783484130766364
47 , 470 , 0.21795786378982782,0.8025190976931689
47 , 480 , 0.30911568165259046,0.7683458705405387
47 , 490 , 0.22671700571779588,0.6470970845103025
47 , 500 , 0.3402088307710647,0.629719380471757
47 , 510 , 0.21870652173004215,0.799172448975677
47 , 520 , 0.27640247543879903,0.7260190155222862
47 , 530 , 0.2819586833238156,0.8830629067518916
47 , 540 , 0.26172436791859643,0.6408523600840429
47 , 550 , 0.33977821116825196,0.5697642955393205
47 , 560 , 0.252599199935567,0.8544023338387889
47 , 570 , 0.28455042876388537,0.6237638113620853
47 , 580 , 0.23927080914646912,0.5377683833432303
47 , 590 , 0.2752994723192564,0.6872825684073657
47 , 600 , 0.22579392670379358,0.6919380190480496
